transaction_id,user_id,transaction_date,product_category,merchant_name,product_amount,transaction_status,merchant_id,transaction_type
511e8247-7321-470a-8a1f-b2d822ad9628,USER_001,1/8/23 10:20,Wallet Top-up,Public Bank Top-up,103.9,Failed,TOPUP,topup
bcb41489-a003-4e2b-98ae-7644fd300b89,USER_001,1/8/23 11:44,Parking,JPA Parking,3.04,Successful,MERCH_PRK_4923,payment
82b5c949-9dd0-4142-849c-fb49b4eafb46,USER_001,1/8/23 23:12,Wallet Top-up,Maybank2u Top-up,246.38,Successful,TOPUP,topup
2228be99-1a70-4c93-9fb3-bd0fc663b554,USER_001,2/8/23 16:25,Wallet Top-up,Debit Card Reload,253.17,Successful,TOPUP,topup
0b49e67f-f5a1-4e8b-a280-f54f191da2f1,USER_001,3/8/23 12:58,Online Shopping,PG Mall,147.23,Successful,MERCH_OSP_3705,payment
60fb88d4-5253-436a-8711-3962ff201a5f,USER_001,4/8/23 6:47,Food Delivery,Foodpanda,70.91,Successful,MERCH_FDL_9835,payment
fdf56182-95d5-4400-a75a-8072452b183d,USER_001,4/8/23 23:05,Taxi / Ride-hailing,AirAsia Ride,30.78,Successful,MERCH_RDH_7118,payment
b30ea033-23e2-4f97-b41e-23910eb0492e,USER_001,4/8/23 23:48,Public Transport,MRT Putrajaya Line,4.04,Successful,MERCH_TRNS_2049,payment
51cb23ac-45f5-4b31-9d91-3df09966c0fa,USER_001,5/8/23 11:50,Food & Beverage,Tealive,10.32,Successful,MERCH_FNB_1117,payment
6a02be42-e814-4f71-8233-2d83240158fe,USER_001,5/8/23 13:47,Food & Beverage,McDonald's Malaysia,10.31,Successful,MERCH_FNB_6413,payment
66688f08-6e8a-41d8-a4ad-d5049dea8764,USER_001,5/8/23 22:31,Streaming Service,Disney+ Hotstar,18.47,Successful,MERCH_STR_9834,payment
c46eb84d-c656-4ad3-b472-5c82880bd763,USER_001,6/8/23 20:24,Petrol,Caltex Malaysia,100.62,Successful,MERCH_PTR_4981,payment
e0349acb-2521-4e46-b028-26cf223b7e97,USER_001,6/8/23 22:58,Food & Beverage,KFC Malaysia,31.57,Successful,MERCH_FNB_8062,payment
377ea65c-b822-468f-87a8-1c8913c90794,USER_001,6/8/23 23:46,Education,Coursera,42.4,Successful,MERCH_EDU_2612,payment
8b7c45c2-343a-4b11-af70-39405a2d46d4,USER_001,7/8/23 13:32,Gaming Credits,Mobile Legends Diamonds,23.2,Successful,MERCH_GAM_5073,payment
f965d683-751c-4ada-96c4-9c681f73627e,USER_001,8/8/23 9:24,Food & Beverage,Marrybrown,39.7,Successful,MERCH_FNB_5563,payment
33510bb9-af04-4d9c-8e3b-dea909721654,USER_001,8/8/23 13:08,Highway Toll,NKVE Toll,2.21,Pending,MERCH_TOLL_2604,payment
a21198c9-b550-4c25-93aa-190025ec9421,USER_001,8/8/23 15:05,Insurance,AIA Malaysia,124.9,Successful,MERCH_INS_4872,payment
3f4a5593-5610-4fee-a631-ab926df92ef5,USER_001,10/8/23 17:36,Food & Beverage,Secret Recipe,17.35,Successful,MERCH_FNB_1960,payment
2d7a7220-ee36-4523-b60a-67103d35eb2d,USER_001,11/8/23 7:14,Food Delivery,AirAsia Food,44.99,Failed,MERCH_FDL_5673,payment
f3f1e1e7-a083-448e-9c01-2b343338ef0a,USER_001,11/8/23 14:09,Wallet Top-up,Debit Card Reload,232.37,Successful,TOPUP,topup
6500d3f2-8881-438f-85ad-b19b9b917068,USER_001,12/8/23 12:42,Food & Beverage,Tealive,48.44,Successful,MERCH_FNB_1958,payment
e19b7365-dad1-4b63-9098-24b0fa9fd758,USER_001,12/8/23 14:51,Taxi / Ride-hailing,Grab Car,38.38,Successful,MERCH_RDH_1821,payment
3cba6bae-a68f-4795-88ed-99d9aed0606e,USER_001,13/8/2023 9:22,Education,Udemy Malaysia,241.33,Successful,MERCH_EDU_1931,payment
fd0303ca-d73a-4177-9396-10f21e63ed08,USER_001,14/8/2023 7:01,Food & Beverage,KFC Malaysia,35.28,Failed,MERCH_FNB_4853,payment
3ad9e6b2-24a8-4d0d-b618-435c1fd1a16c,USER_001,14/8/2023 8:24,Petrol,Petron Malaysia,85.74,Successful,MERCH_PTR_1651,payment
eb7ece84-057e-4460-a393-03a014ce2958,USER_001,14/8/2023 11:29,Petrol,Petron Malaysia,114.12,Successful,MERCH_PTR_6183,payment
317286ab-9667-4223-a019-54e0f7205052,USER_001,14/8/2023 18:23,Taxi / Ride-hailing,inDrive Malaysia,28.58,Successful,MERCH_RDH_5351,payment
aed346d1-7f49-45e6-ba8c-471f721e382e,USER_001,15/8/2023 14:51,Grocery Shopping,Village Grocer,17.19,Successful,MERCH_GRC_2188,payment
b356ff8b-e374-4248-af67-81b3130894fb,USER_001,15/8/2023 17:10,Petrol,Petronas Station,78.39,Successful,MERCH_PTR_2200,payment
3b957f96-d505-4a99-8def-59a2ff22f9d1,USER_001,16/8/2023 18:56,Food & Beverage,PappaRich,70.95,Successful,MERCH_FNB_2127,payment
4217b8f5-d452-46e7-bbfc-c242afa75183,USER_001,17/8/2023 12:09,Food & Beverage,Gong Cha Malaysia,5.59,Successful,MERCH_FNB_9666,payment
6968e546-d805-4039-92cd-7d2341b82bae,USER_001,18/8/2023 6:43,Grocery Shopping,Mydin,77.15,Successful,MERCH_GRC_3200,payment
32621b9a-f2a3-4290-bdf1-983b0d812980,USER_001,18/8/2023 14:47,Taxi / Ride-hailing,inDrive Malaysia,22.65,Successful,MERCH_RDH_5462,payment
5b63112f-0375-4d10-9a59-8a648bf99562,USER_001,20/8/2023 20:33,Food Delivery,Shopeefood,50.11,Successful,MERCH_FDL_9280,payment
0417bf21-cf1a-451a-96f2-aa28293ac8d5,USER_001,21/8/2023 20:09,Education,Coursera,212.29,Successful,MERCH_EDU_7939,payment
7965047b-5667-4792-b97c-1ff6a913571a,USER_001,21/8/2023 23:26,Mobile Recharge,Celcom Top-up,16.46,Successful,MERCH_MBL_5291,payment
779e7e01-525a-4fe3-9049-4b0397ccbe5e,USER_001,23/8/2023 8:02,Taxi / Ride-hailing,Maxim Malaysia,13.82,Failed,MERCH_RDH_1158,payment
11054d81-929f-44b3-b2a8-7cdde67bcf10,USER_001,23/8/2023 8:38,Taxi / Ride-hailing,inDrive Malaysia,9.87,Successful,MERCH_RDH_9938,payment
f336eeec-2b72-4a02-8ef3-671cc9860c84,USER_001,24/8/2023 20:34,Petrol,Caltex Malaysia,33.76,Successful,MERCH_PTR_3088,payment
5862a9c3-0329-433d-9efd-15f2bbedfdc5,USER_001,25/8/2023 7:55,Wallet Top-up,Maybank2u Top-up,279.78,Successful,TOPUP,topup
bec97fc5-05fa-4aee-9e26-8c86b82713ce,USER_001,25/8/2023 11:34,Food & Beverage,KFC Malaysia,63.51,Successful,MERCH_FNB_6794,payment
777a0ad3-c9c7-4208-8e9b-ea9ef2ed8fe5,USER_001,25/8/2023 16:07,Food Delivery,Beep Delivery,84.21,Successful,MERCH_FDL_3532,payment
47b0bebf-dad1-4b73-8cc2-310fe93cf427,USER_001,28/8/2023 15:53,Food & Beverage,Marrybrown,6.86,Successful,MERCH_FNB_7755,payment
f2f1c574-7e22-4474-9e10-b4d562445574,USER_001,29/8/2023 16:13,Mobile Recharge,U Mobile Reload,20.67,Successful,MERCH_MBL_5065,payment
b051f69c-69fe-4920-a8bc-9c02828a27c9,USER_001,30/8/2023 18:05,Public Transport,RapidKL LRT,3,Successful,MERCH_TRNS_8711,payment
dabd92f4-b4ab-4133-8b00-8509f91db14c,USER_001,30/8/2023 22:58,Online Shopping,Zalora Malaysia,127,Successful,MERCH_OSP_4728,payment
f12eb08c-af14-44d6-82e6-492436a26461,USER_001,30/8/2023 23:14,Food Delivery,Shopeefood,87.42,Successful,MERCH_FDL_2137,payment
0fd78b2a-3069-489a-ac58-630ae33bca6d,USER_001,31/8/2023 14:32,Internet Bill,Celcom Home,125.43,Successful,MERCH_INT_9785,payment
92dac1ad-0233-43f3-8cd5-5e15b5492aa8,USER_001,31/8/2023 16:06,Parking,JPA Parking,12.45,Pending,MERCH_PRK_3925,payment
5a1613d2-0725-4989-abdb-72b2f0f4c1cc,USER_001,1/9/23 8:17,Wallet Top-up,Public Bank Top-up,115.5,Successful,TOPUP,topup
54738e3d-4bec-4525-ba21-f5d7b07a3db8,USER_001,1/9/23 15:18,Grocery Shopping,Village Grocer,33.94,Successful,MERCH_GRC_9849,payment
36fc1fa0-33c6-40e4-990c-1673be8b4b6f,USER_001,2/9/23 13:30,Food Delivery,Foodpanda,17.01,Successful,MERCH_FDL_4505,payment
e5a21ff6-8c47-40d8-972a-4ddd0788936e,USER_001,3/9/23 16:39,Petrol,Caltex Malaysia,48.62,Successful,MERCH_PTR_2020,payment
b7243cf6-107f-414d-bec2-7a858ebcacd7,USER_001,4/9/23 19:22,Parking,DBKL Parking,17.42,Successful,MERCH_PRK_1320,payment
830275e9-a825-4a63-8ee1-6a90f61b2059,USER_001,5/9/23 6:57,Food Delivery,Grab Food,35.29,Successful,MERCH_FDL_6763,payment
01464a28-ae86-4442-8b0d-3f649758e59c,USER_001,6/9/23 21:28,Parking,Secure Parking,15.46,Successful,MERCH_PRK_9818,payment
c48718c5-8bb8-4787-9d86-3aa667e41e14,USER_001,8/9/23 9:29,Electricity Bill,Tenaga Nasional (TNB),112.66,Successful,MERCH_UTL_8999,payment
54c9761a-c210-4c11-ba8b-6d5df289d48a,USER_001,8/9/23 11:51,Highway Toll,SPRINT Highway,11.64,Successful,MERCH_TOLL_7624,payment
b7247eab-6a2b-4b4b-8d58-ef9ee6cd0fbe,USER_001,8/9/23 12:09,Parking,DBKL Parking,2.49,Successful,MERCH_PRK_9751,payment
60ff0bbe-493f-4a51-a3c5-04e2239e0bea,USER_001,9/9/23 22:31,Petrol,Petronas Station,87.85,Successful,MERCH_PTR_2375,payment
e57866e9-0912-4ba9-81e6-b2bada8e594c,USER_001,10/9/23 18:35,Online Shopping,Shopee,201.97,Successful,MERCH_OSP_5262,payment
5c497d02-72ab-4f66-a0ea-974f0faaf8df,USER_001,10/9/23 22:19,Mobile Recharge,U Mobile Reload,40.08,Successful,MERCH_MBL_5558,payment
1529cc66-930a-4479-b1d5-9f800f9c7037,USER_001,10/9/23 22:42,Grocery Shopping,Mydin,19.56,Successful,MERCH_GRC_8705,payment
4089988d-1ad3-4ea8-abc1-93d452bd9534,USER_001,10/9/23 23:08,Wallet Top-up,RHB Online Top-up,144.84,Successful,TOPUP,topup
d3917dad-115e-46b4-a757-75912f06db4e,USER_001,13/9/2023 21:25,Wallet Top-up,Maybank2u Top-up,250.85,Failed,TOPUP,topup
de7a81b2-1771-4959-91db-254d9dbe0516,USER_001,14/9/2023 16:25,Food & Beverage,McDonald's Malaysia,22.89,Successful,MERCH_FNB_3496,payment
5ddfa481-b0e9-41fe-91b3-f94261ff3a3e,USER_001,14/9/2023 16:29,Public Transport,MRT Putrajaya Line,7.3,Successful,MERCH_TRNS_8619,payment
5749008a-4cec-44a7-ad6d-ed1a2da90fbd,USER_001,14/9/2023 18:43,Food & Beverage,KFC Malaysia,77.35,Successful,MERCH_FNB_3683,payment
06259c54-b87a-41de-9674-17d248cd2ffe,USER_001,15/9/2023 12:32,Highway Toll,SPRINT Highway,7.05,Successful,MERCH_TOLL_7149,payment
8d637b42-b99c-4799-a9e2-d3f09b903664,USER_001,15/9/2023 22:27,Highway Toll,MEX Highway,2.93,Successful,MERCH_TOLL_4978,payment
5fb00112-dba7-4d2f-9bcc-7c63ae428b62,USER_001,17/9/2023 9:24,Education,Udacity,204.97,Successful,MERCH_EDU_2983,payment
ab16f9be-2391-4680-8c3f-0bfb81e08ff6,USER_001,17/9/2023 20:03,Highway Toll,NKVE Toll,10.76,Successful,MERCH_TOLL_8018,payment
9c0ab8d6-33fd-40ac-8ec6-323492ba3afd,USER_001,18/9/2023 16:48,Internet Bill,Unifi TM,179.46,Successful,MERCH_INT_7882,payment
2f81ccd4-95de-4a4e-a4f3-925ff7fd677a,USER_001,19/9/2023 12:16,Wallet Top-up,Bank Transfer Top-up,278.32,Successful,TOPUP,topup
d643620b-d30c-4566-a7e5-eccbf9790061,USER_001,20/9/2023 16:05,Food & Beverage,Marrybrown,77.41,Successful,MERCH_FNB_9548,payment
4af41a06-0290-4356-846a-fcec96f49b63,USER_001,22/9/2023 9:46,Gaming Credits,Steam Wallet,49.16,Successful,MERCH_GAM_8921,payment
8fb1162a-2724-4b97-ace0-575da929dafb,USER_001,23/9/2023 19:00,Electricity Bill,Tenaga Nasional (TNB),259.38,Successful,MERCH_UTL_5022,payment
5a3e1017-9108-4a23-874f-9110ad9633f6,USER_001,24/9/2023 12:23,Parking,Wilson Parking MY,12.26,Successful,MERCH_PRK_8613,payment
09bb99c3-245a-45a5-b6d2-82629dec28d2,USER_001,25/9/2023 13:43,Mobile Recharge,U Mobile Reload,17.27,Successful,MERCH_MBL_6325,payment
b3b5485e-e7ba-4d15-b8ce-75706d1ae840,USER_001,25/9/2023 13:53,Gaming Credits,Free Fire Diamonds,88.63,Successful,MERCH_GAM_5581,payment
938162e9-fe40-4417-9f49-dfa9cde88575,USER_001,26/9/2023 11:42,Grocery Shopping,99 Speedmart,237.79,Successful,MERCH_GRC_9464,payment
9e3b1fe3-989c-4562-a6ac-cf0c1465740e,USER_001,26/9/2023 16:27,Taxi / Ride-hailing,AirAsia Ride,43.91,Successful,MERCH_RDH_4937,payment
7a5456ad-caac-4bf5-a054-f8cc7d14d38c,USER_001,26/9/2023 20:42,Online Shopping,Shopee,161.23,Successful,MERCH_OSP_2524,payment
9036dd11-575f-4967-89b1-1122a02e7cd0,USER_001,28/9/2023 8:29,Food & Beverage,PappaRich,46.51,Successful,MERCH_FNB_8753,payment
d37622ba-1c7c-44a2-baf0-396ddd1c5fd6,USER_001,28/9/2023 9:49,Wallet Top-up,Debit Card Reload,166.16,Successful,TOPUP,topup
3858dd0e-0125-4640-9c31-534d723727e7,USER_001,29/9/2023 11:39,Grocery Shopping,Jaya Grocer,43.35,Successful,MERCH_GRC_4777,payment
38523b27-eed1-43af-ace2-ab368ddf9e2a,USER_001,29/9/2023 12:45,Public Transport,RapidKL Bus,2.72,Successful,MERCH_TRNS_4033,payment
ecaea718-1596-4b78-a7bb-554ba9e23d2a,USER_001,30/9/2023 23:28,Grocery Shopping,Jaya Grocer,210.67,Successful,MERCH_GRC_2647,payment
3cd10627-2346-4026-88fd-8a81b2350a99,USER_001,30/9/2023 23:43,Food Delivery,Shopeefood,67.23,Successful,MERCH_FDL_1231,payment
293e6e2e-88a7-47a4-9c57-64ee3cdd05cb,USER_001,1/10/23 8:54,Wallet Top-up,CIMB Clicks Top-up,165.96,Successful,TOPUP,topup
848b23ad-3176-41bd-a69d-3f728f0e6d95,USER_001,1/10/23 15:30,Grocery Shopping,Tesco Malaysia,121.88,Successful,MERCH_GRC_1601,payment
df79adb2-d5ca-4f7b-838b-52dd7f44926f,USER_001,1/10/23 19:28,Mobile Recharge,U Mobile Reload,43,Successful,MERCH_MBL_9431,payment
15c141eb-e95c-4056-a094-32a7f9f98bd3,USER_001,2/10/23 19:47,Education,iLearn,40.98,Successful,MERCH_EDU_7770,payment
ad4dead5-8a2a-41c8-a204-76b82364e1a0,USER_001,2/10/23 23:18,Water Bill,PBAPP Penang,48,Successful,MERCH_WTR_8242,payment
080c0b53-bf6a-4567-8bd9-3f25f699db2b,USER_001,3/10/23 7:10,Petrol,BHP Petrol,109.28,Successful,MERCH_PTR_8178,payment
861ceeb0-f17c-4185-86d7-edbd702bfbaf,USER_001,3/10/23 18:31,Highway Toll,MEX Highway,11.44,Successful,MERCH_TOLL_4920,payment
0257ad9e-a060-4b0a-8173-3e74f066dd93,USER_001,4/10/23 12:40,Highway Toll,KESAS Highway,4.65,Successful,MERCH_TOLL_2527,payment
de60aff1-f307-4fdb-956a-3c290e734754,USER_001,4/10/23 23:48,Public Transport,RapidKL LRT,5.49,Successful,MERCH_TRNS_3522,payment
e2639e96-0440-4840-baf3-f7d09590d1bf,USER_001,6/10/23 19:40,Online Shopping,Zalora Malaysia,420.67,Pending,MERCH_OSP_7807,payment
50665307-cb2b-4c4f-86ec-443351d2fb46,USER_001,6/10/23 23:04,Food & Beverage,Marrybrown,19.3,Successful,MERCH_FNB_7284,payment
d3a3be2d-b0c0-4a8d-ae12-a45aab13ce4b,USER_001,8/10/23 6:48,Taxi / Ride-hailing,inDrive Malaysia,22.36,Successful,MERCH_RDH_2143,payment
4346ed2a-d937-49c7-a2f5-0e20e1555967,USER_001,8/10/23 14:50,Food Delivery,Beep Delivery,76,Successful,MERCH_FDL_5377,payment
6965360e-b167-40f3-802e-9e62d706be59,USER_001,8/10/23 15:45,Grocery Shopping,Cold Storage,119.94,Successful,MERCH_GRC_3434,payment
839bbb58-5339-4338-91c6-de8455ffeb0c,USER_001,9/10/23 8:10,Mobile Recharge,Yes 4G Reload,28.21,Successful,MERCH_MBL_7180,payment
c8f3360c-c191-462f-a5b5-eaa960566fb8,USER_001,9/10/23 21:07,Food & Beverage,Tealive,22.52,Successful,MERCH_FNB_7274,payment
bd700f30-51c4-4549-88a5-cfca65a618ef,USER_001,10/10/23 15:28,Highway Toll,MEX Highway,11.37,Successful,MERCH_TOLL_8749,payment
fc7a4487-e1c3-40d8-9328-d6816d1e0d0b,USER_001,10/10/23 19:19,Food Delivery,Foodpanda,87.26,Successful,MERCH_FDL_9115,payment
1765b4c1-b5fa-4e15-bf53-c0c20e2e0ef1,USER_001,13/10/2023 20:58,Wallet Top-up,RHB Online Top-up,273.94,Successful,TOPUP,topup
480604c1-a20b-4ec7-932e-a2c3a4c41736,USER_001,14/10/2023 16:20,Online Shopping,PG Mall,27.37,Successful,MERCH_OSP_8486,payment
1fe27ea3-2a6a-4e52-9aa2-3f9597f1d73d,USER_001,15/10/2023 15:44,Parking,Wilson Parking MY,10.45,Failed,MERCH_PRK_2225,payment
ed43c9f9-3e12-492e-8d2f-cc0a105a2791,USER_001,15/10/2023 16:11,Mobile Recharge,U Mobile Reload,44.07,Successful,MERCH_MBL_2315,payment
55fb9956-a9a3-4805-b105-e8c3bf57e01d,USER_001,16/10/2023 8:30,Education,iLearn,167.52,Successful,MERCH_EDU_6188,payment
4b96e68b-9c53-4adb-b0b1-f4d5db92d07e,USER_001,16/10/2023 20:05,Online Shopping,PG Mall,316.38,Successful,MERCH_OSP_1588,payment
82558499-05a1-4499-a42f-2eed5e0c7830,USER_001,18/10/2023 13:41,Streaming Service,Astro On-The-Go,44.34,Successful,MERCH_STR_4727,payment
0c3092bf-97a4-4349-bc9b-8513becc3436,USER_001,19/10/2023 7:09,Public Transport,Go KL City Bus,4.99,Successful,MERCH_TRNS_2646,payment
3eedede5-8350-43fb-b368-1e37b1bfbe8e,USER_001,20/10/2023 7:39,Parking,APCOA Parking,16.33,Successful,MERCH_PRK_6314,payment
03aaa8ba-9270-4845-914e-fa907ab21a3f,USER_001,20/10/2023 13:49,Food Delivery,Foodpanda,53.43,Successful,MERCH_FDL_5000,payment
59bb598d-2135-49e5-9309-d33f180d427f,USER_001,20/10/2023 14:01,Gaming Credits,PUBG Mobile UC,12.5,Successful,MERCH_GAM_3868,payment
52f5b3c6-af4d-4dc9-a9e6-a786c50a423f,USER_001,20/10/2023 21:18,Water Bill,Air Selangor,55.64,Successful,MERCH_WTR_9153,payment
c45d9de9-565b-4028-95e1-ef6aa7fab4c3,USER_001,21/10/2023 12:27,Online Shopping,Zalora Malaysia,142.56,Successful,MERCH_OSP_8529,payment
60df5c10-6efd-434b-a9c1-5317e32eaf89,USER_001,21/10/2023 20:58,Gaming Credits,Free Fire Diamonds,20.01,Successful,MERCH_GAM_9955,payment
d837a5b0-18a9-487b-9d40-811fe6f21403,USER_001,23/10/2023 20:04,Food Delivery,Beep Delivery,61.84,Successful,MERCH_FDL_5901,payment
8249c16b-551d-4715-9605-dc1e192b5e5a,USER_001,25/10/2023 11:30,Grocery Shopping,Jaya Grocer,249.85,Successful,MERCH_GRC_4263,payment
11652c6b-30e8-40e6-921b-33e125e668db,USER_001,25/10/2023 21:06,Public Transport,Rapid Penang Bus,6.17,Pending,MERCH_TRNS_6881,payment
b8fe360d-1579-4f61-86e2-69a31a2cc882,USER_001,26/10/2023 15:05,Grocery Shopping,Tesco Malaysia,16.9,Successful,MERCH_GRC_5497,payment
86221773-ae33-40ab-bbbb-e4a2c159f939,USER_001,27/10/2023 14:36,Movie Ticket,GSC Cinemas,35.65,Successful,MERCH_MOV_9138,payment
41d2e256-f87b-4170-b6f6-130fca349afe,USER_001,30/10/2023 14:52,Movie Ticket,TGV Cinemas,19.69,Successful,MERCH_MOV_6772,payment
41c3b8b7-d5f4-492e-997c-f7dc93c58292,USER_001,31/10/2023 10:40,Grocery Shopping,Aeon,227.3,Successful,MERCH_GRC_2591,payment
0f4df234-98fd-48a7-827e-12f4b6aa84f4,USER_001,31/10/2023 14:32,Grocery Shopping,Cold Storage,151.2,Successful,MERCH_GRC_1546,payment
2ddc0955-b5da-4b55-ae0b-98c7c10aaa31,USER_001,1/11/23 8:08,Wallet Top-up,Maybank2u Top-up,171.65,Successful,TOPUP,topup
202b9676-4d4f-4dff-b31d-7cd539511310,USER_001,2/11/23 7:19,Petrol,Petronas Station,53.88,Successful,MERCH_PTR_3854,payment
f4606aeb-c6cf-4c69-bb28-92d58eef0138,USER_001,4/11/23 9:15,Food Delivery,Grab Food,49.15,Successful,MERCH_FDL_2041,payment
83b5ed22-cfc6-42f5-812f-a1113f0d4956,USER_001,4/11/23 17:34,Online Shopping,Shopee,261.84,Failed,MERCH_OSP_8405,payment
0c49bdee-2638-4ee0-ae4c-38e08587a793,USER_001,4/11/23 20:23,Highway Toll,MEX Highway,5.72,Successful,MERCH_TOLL_9543,payment
9e6e78f2-0b15-4bad-9430-90336917e484,USER_001,5/11/23 6:17,Highway Toll,KESAS Highway,7.47,Successful,MERCH_TOLL_7580,payment
61074761-0267-4630-9956-c318f77e67ab,USER_001,5/11/23 10:34,Taxi / Ride-hailing,AirAsia Ride,54.76,Successful,MERCH_RDH_2204,payment
073faab0-0eaf-45b2-84ed-24e6b4ac5d68,USER_001,7/11/23 6:03,Food & Beverage,Marrybrown,51.82,Successful,MERCH_FNB_5505,payment
178cb2e7-9273-4b39-9062-b6821c7a1f7d,USER_001,7/11/23 13:21,Taxi / Ride-hailing,AirAsia Ride,23.33,Successful,MERCH_RDH_9692,payment
85317150-4b1a-416c-bf72-e8a2a223a34f,USER_001,8/11/23 18:54,Food Delivery,Grab Food,45.55,Successful,MERCH_FDL_4522,payment
fc92537d-021e-4077-b37b-4be4402e6a66,USER_001,8/11/23 21:01,Food Delivery,AirAsia Food,44.45,Successful,MERCH_FDL_7532,payment
8ce252e6-ff71-4122-abd5-1c6e3ff9c100,USER_001,9/11/23 12:07,Food Delivery,Shopeefood,86.38,Successful,MERCH_FDL_7132,payment
0e1813fb-afba-45b4-8b8c-eee6bf6c826e,USER_001,10/11/23 19:07,Online Shopping,Shopee,64.75,Successful,MERCH_OSP_2398,payment
e4636f52-8a7e-4631-a82c-9ae9f881579c,USER_001,11/11/23 13:08,Taxi / Ride-hailing,inDrive Malaysia,38.5,Successful,MERCH_RDH_1982,payment
c49694c2-cb99-4bcb-b53e-cc48f8c21fbc,USER_001,12/11/23 23:26,Mobile Recharge,Maxis Reload,24.14,Successful,MERCH_MBL_7730,payment
22b78d27-a0cb-4c2f-a00a-9e4db924c02f,USER_001,13/11/2023 6:16,Movie Ticket,GSC Cinemas,29.61,Successful,MERCH_MOV_5712,payment
0154194f-e182-4394-9297-c6d3dc94888e,USER_001,14/11/2023 11:12,Petrol,Shell Malaysia,89.11,Successful,MERCH_PTR_3535,payment
77e7d8ae-d41d-4e0e-a1db-25b03eb4539d,USER_001,15/11/2023 8:09,Public Transport,RapidKL Bus,2.03,Successful,MERCH_TRNS_7022,payment
3e310869-6c34-4958-bfdc-41c8001394db,USER_001,15/11/2023 13:54,Food & Beverage,Secret Recipe,50.67,Successful,MERCH_FNB_1430,payment
db5eb0b7-6cbe-4a59-bdac-74f354de8797,USER_001,17/11/2023 22:58,Taxi / Ride-hailing,Grab Car,22.21,Successful,MERCH_RDH_3955,payment
dc8ecd0b-ee8c-4c23-a5f2-513f97bc81e4,USER_001,18/11/2023 10:24,Wallet Top-up,RHB Online Top-up,101.22,Successful,TOPUP,topup
c40631ff-83e4-4afe-b1b1-fd08aa104646,USER_001,18/11/2023 17:05,Petrol,Caltex Malaysia,42.77,Successful,MERCH_PTR_2140,payment
e0fef144-afaf-44ad-9dc9-bbf5bbdd331c,USER_001,19/11/2023 12:04,Highway Toll,MEX Highway,4.51,Successful,MERCH_TOLL_9691,payment
08acb46e-ca0b-42f4-a6c5-f25feac5e790,USER_001,20/11/2023 13:41,Food Delivery,Shopeefood,68.28,Successful,MERCH_FDL_6105,payment
f59a9c7c-ef37-4f93-b40b-9d81c582d09e,USER_001,20/11/2023 19:17,Petrol,Petronas Station,44,Successful,MERCH_PTR_1861,payment
b14e1181-c275-4001-b58e-059fb6f0fa13,USER_001,21/11/2023 9:53,Highway Toll,PLUS Highway,7.7,Successful,MERCH_TOLL_5458,payment
d7f515b1-cf1f-490b-ad19-bf72795f1740,USER_001,21/11/2023 17:03,Electricity Bill,Tenaga Nasional (TNB),111.74,Successful,MERCH_UTL_5475,payment
c2102c9b-4b32-43d6-ae7b-dbff37a9305e,USER_001,21/11/2023 20:58,Food Delivery,Grab Food,64.9,Successful,MERCH_FDL_5640,payment
83e191a4-1b48-4a9e-9b5a-c07e1861a374,USER_001,23/11/2023 17:13,Petrol,BHP Petrol,49.85,Pending,MERCH_PTR_1744,payment
e78da7c5-f063-44e2-8292-84872ca3659a,USER_001,24/11/2023 10:56,Highway Toll,LDP Toll,14.73,Successful,MERCH_TOLL_5938,payment
13a515b2-220d-4682-bd49-3d1696e8b991,USER_001,24/11/2023 14:37,Movie Ticket,MBO Cinemas,17.12,Successful,MERCH_MOV_6375,payment
db034e0d-09b7-4aca-8fbf-59fd0b75b776,USER_001,24/11/2023 16:51,Food Delivery,Foodpanda,53.54,Successful,MERCH_FDL_7229,payment
142a0cc4-d2a8-4d7d-80df-fdd725598d90,USER_001,25/11/2023 23:13,Petrol,BHP Petrol,65.74,Successful,MERCH_PTR_2180,payment
5a535405-cc70-4c68-8dc1-0c5cab720473,USER_001,26/11/2023 11:07,Food Delivery,AirAsia Food,79.24,Successful,MERCH_FDL_2275,payment
d99c12cb-5906-44af-b029-52d8af1614ba,USER_001,26/11/2023 23:56,Petrol,Caltex Malaysia,40.37,Successful,MERCH_PTR_5743,payment
c91a6184-2017-4bb5-abc4-67b27f85fbff,USER_001,27/11/2023 11:16,Mobile Recharge,Yes 4G Reload,43.28,Successful,MERCH_MBL_8538,payment
7ca22bde-6685-41c6-9794-728ff1536d37,USER_001,27/11/2023 17:06,Public Transport,RapidKL LRT,4.92,Successful,MERCH_TRNS_4986,payment
0d352a88-1396-459b-ae53-d3971b7dc67b,USER_001,27/11/2023 20:05,Highway Toll,SPRINT Highway,4.6,Successful,MERCH_TOLL_6562,payment
b0e23a90-df0e-4f95-8986-88ca9bc37412,USER_001,27/11/2023 21:51,Highway Toll,MEX Highway,8.93,Successful,MERCH_TOLL_2868,payment
0e50332d-c78b-4bf9-bad6-3a8f1304ab4f,USER_001,29/11/2023 23:20,Movie Ticket,MBO Cinemas,20.14,Successful,MERCH_MOV_3419,payment
f4732b39-d73e-446e-99c8-9e072ff2d4aa,USER_001,30/11/2023 15:20,Food & Beverage,Marrybrown,18.29,Successful,MERCH_FNB_2234,payment
3c8fd253-0918-433f-ab99-6cf8d6849589,USER_001,1/12/23 9:10,Wallet Top-up,CIMB Clicks Top-up,260.25,Successful,TOPUP,topup
c9e7acbb-8d81-4e32-8622-03416f363d91,USER_001,1/12/23 17:19,Grocery Shopping,Cold Storage,145.32,Successful,MERCH_GRC_7081,payment
a4fd5bde-4abe-41c1-99a5-34730737b12b,USER_001,2/12/23 16:04,Education,Coursera,47.54,Successful,MERCH_EDU_5670,payment
71e3e523-de18-4998-a9cb-bee8a45e6ece,USER_001,2/12/23 19:23,Online Shopping,PG Mall,418.9,Successful,MERCH_OSP_3414,payment
069746bf-b3d2-4a5b-84f9-a42dd346700a,USER_001,4/12/23 23:43,Parking,Secure Parking,18.75,Successful,MERCH_PRK_6727,payment
c5e6c65f-08ad-4c64-8245-13bf6e30ff3f,USER_001,5/12/23 8:18,Food Delivery,Shopeefood,42.12,Successful,MERCH_FDL_4862,payment
e306ba28-db1b-425c-8d9c-9ff9d5b28e25,USER_001,5/12/23 11:11,Food & Beverage,PappaRich,67.94,Successful,MERCH_FNB_2623,payment
bc9ed9de-e4ea-498a-8bfe-737090cd5aa9,USER_001,8/12/23 15:51,Gaming Credits,PUBG Mobile UC,32.25,Successful,MERCH_GAM_1627,payment
a23454be-7034-4a8a-a48b-2a7b3ecffc12,USER_001,10/12/23 14:46,Taxi / Ride-hailing,inDrive Malaysia,31.33,Successful,MERCH_RDH_8685,payment
bc7e46dd-215c-4c14-87c7-290e0991440b,USER_001,10/12/23 18:08,Highway Toll,SPRINT Highway,13.19,Successful,MERCH_TOLL_4533,payment
e3b3860a-7e03-4042-a015-c026a9b2901e,USER_001,10/12/23 18:32,Taxi / Ride-hailing,Maxim Malaysia,13.78,Successful,MERCH_RDH_7934,payment
6835f709-ed10-45f9-905d-3db39e8195b1,USER_001,10/12/23 20:14,Grocery Shopping,99 Speedmart,113.66,Successful,MERCH_GRC_4906,payment
f9690c29-611d-4621-a8da-aad49b2a255c,USER_001,11/12/23 10:28,Online Shopping,Shopee,306.43,Successful,MERCH_OSP_9189,payment
62ef8dac-3784-4a30-af54-51ac7410f31b,USER_001,11/12/23 10:38,Online Shopping,Lazada,159.81,Successful,MERCH_OSP_3352,payment
0f69d743-5232-4564-9b8b-e5360190d25d,USER_001,12/12/23 15:04,Food Delivery,Beep Delivery,26.61,Successful,MERCH_FDL_7825,payment
ea9d4022-aee0-4d0d-a553-91ff5763b67e,USER_001,12/12/23 22:04,Petrol,BHP Petrol,115.81,Successful,MERCH_PTR_2108,payment
8ded59c0-d670-4bac-9f85-b63491fe52f8,USER_001,13/12/2023 16:52,Movie Ticket,mmCineplexes,24.15,Successful,MERCH_MOV_1333,payment
911dccf0-b7dd-4f14-a9bc-323fffad5b15,USER_001,15/12/2023 9:51,Internet Bill,TIME Fibre,171.2,Successful,MERCH_INT_5155,payment
29e2f50a-2fda-4ab6-b847-62855c001865,USER_001,15/12/2023 20:02,Highway Toll,LDP Toll,12.3,Successful,MERCH_TOLL_2698,payment
f3970c51-e5ad-42a5-a685-a87e093a70a2,USER_001,15/12/2023 20:43,Mobile Recharge,Maxis Reload,31.84,Successful,MERCH_MBL_6772,payment
83ad9efe-1791-4511-8684-cd6ccd30f55d,USER_001,16/12/2023 12:14,Food & Beverage,Old Town White Coffee,52.38,Successful,MERCH_FNB_8840,payment
d1fb4caa-35cf-406a-b290-89c9bad8de10,USER_001,16/12/2023 12:23,Highway Toll,KESAS Highway,5.61,Successful,MERCH_TOLL_1605,payment
469f2281-a4bb-41c1-a2ae-0aab50431584,USER_001,16/12/2023 20:40,Food & Beverage,McDonald's Malaysia,75,Successful,MERCH_FNB_6170,payment
01bbf40c-bc72-452a-916c-a38abf7bde21,USER_001,16/12/2023 22:09,Wallet Top-up,Debit Card Reload,194.68,Successful,TOPUP,topup
212c8864-1081-4f4b-b6c0-f0585ca34573,USER_001,17/12/2023 11:02,Internet Bill,TIME Fibre,183.84,Successful,MERCH_INT_6848,payment
fb170a3e-4b13-41d3-b23e-24174c2ec981,USER_001,17/12/2023 11:23,Streaming Service,Astro On-The-Go,46.55,Successful,MERCH_STR_3039,payment
e0c85e91-0d17-446e-b52c-b77ea59ef4f2,USER_001,17/12/2023 18:29,Food Delivery,AirAsia Food,38.44,Successful,MERCH_FDL_7334,payment
14d4e772-fe38-435d-993d-f6faa51c2ebe,USER_001,18/12/2023 7:28,Taxi / Ride-hailing,MyCar Ride,21.87,Successful,MERCH_RDH_9507,payment
49cee1ea-77d3-4094-a791-8e9562293341,USER_001,18/12/2023 22:02,Food Delivery,AirAsia Food,54.55,Successful,MERCH_FDL_3956,payment
3d132f0d-c6f0-42d9-acb1-a36625d5c8a6,USER_001,19/12/2023 10:58,Public Transport,Go KL City Bus,3.76,Successful,MERCH_TRNS_5843,payment
9149482a-9393-4815-af24-62968f160a1c,USER_001,22/12/2023 10:21,Food Delivery,AirAsia Food,46.88,Successful,MERCH_FDL_6759,payment
2172e138-b298-4374-9981-b98b50c25c09,USER_001,22/12/2023 19:32,Parking,DBKL Parking,6.94,Pending,MERCH_PRK_8126,payment
e3c2ae61-8b43-48ec-8cea-01f9781d09b8,USER_001,22/12/2023 22:05,Wallet Top-up,Maybank2u Top-up,234.24,Successful,TOPUP,topup
17b2cc28-8496-48d3-96dd-ee736b4281ac,USER_001,23/12/2023 8:19,Online Shopping,Lazada,88.53,Successful,MERCH_OSP_1510,payment
b9517f75-e4c7-4a04-a8e2-4ecec90e1fe6,USER_001,23/12/2023 11:46,Movie Ticket,GSC Cinemas,15.75,Successful,MERCH_MOV_3068,payment
d7679eaf-7666-4cb1-abae-01af83fa130f,USER_001,23/12/2023 20:28,Food Delivery,AirAsia Food,59.2,Successful,MERCH_FDL_1530,payment
8bcbe8c2-27a7-4b52-8b83-2b2f6e55a55f,USER_001,24/12/2023 13:28,Wallet Top-up,RHB Online Top-up,188.79,Successful,TOPUP,topup
a725e8d6-936d-41b5-a0fc-d36806926184,USER_001,25/12/2023 16:43,Food & Beverage,PappaRich,28.58,Successful,MERCH_FNB_7521,payment
ac1da07c-efe2-48c6-8258-248bbca4edf4,USER_001,26/12/2023 9:32,Wallet Top-up,Maybank2u Top-up,247.13,Successful,TOPUP,topup
2fbe2be0-7249-4a39-adf5-ce6b46162bcb,USER_001,26/12/2023 12:20,Food Delivery,Beep Delivery,32.42,Successful,MERCH_FDL_2929,payment
065e9763-9ece-41aa-b7c2-561810bf8c2f,USER_001,26/12/2023 14:37,Online Shopping,PG Mall,353.11,Pending,MERCH_OSP_5678,payment
f12bd865-9b41-4c77-b9c7-3630b7504432,USER_001,27/12/2023 16:45,Food & Beverage,Marrybrown,38.9,Successful,MERCH_FNB_2213,payment
cf6e67a9-e521-4f70-bd51-9065d0814010,USER_001,28/12/2023 8:39,Online Shopping,Shopee,340.56,Successful,MERCH_OSP_6236,payment
fdf8bb80-edf9-4c41-a089-e2d5c1cfc7ff,USER_001,29/12/2023 16:55,Petrol,BHP Petrol,106.62,Successful,MERCH_PTR_5914,payment
ac705762-469c-4086-9f84-840b9b0591bf,USER_001,30/12/2023 15:24,Wallet Top-up,Bank Transfer Top-up,134.82,Successful,TOPUP,topup
055e53d0-b737-4fc3-af3c-04be83934dd8,USER_001,31/12/2023 12:21,Food & Beverage,Tealive,22.76,Successful,MERCH_FNB_3275,payment
519eefcb-6a33-4bc5-a90a-c6354ecf9f4d,USER_001,31/12/2023 20:29,Food Delivery,Beep Delivery,48.46,Pending,MERCH_FDL_7044,payment
613f7cf2-6a9f-4aad-bcbd-d87c3d624962,USER_001,1/1/24 8:13,Wallet Top-up,Debit Card Reload,170.58,Successful,TOPUP,topup
bfe22e4f-0a58-4e22-b28d-299ebeeefcbd,USER_001,1/1/24 8:02,Online Shopping,Amazon.com.my,277.61,Successful,MERCH_OSP_5681,payment
313c27ab-6806-42d4-a77c-cbd4498ff38c,USER_001,1/1/24 21:56,Food Delivery,Shopeefood,71.58,Successful,MERCH_FDL_6992,payment
8b34c858-989d-4110-b8a5-284d256eb799,USER_001,3/1/24 7:10,Food Delivery,Beep Delivery,40.28,Successful,MERCH_FDL_4189,payment
34e9b13a-cf2f-46ee-97ff-7e42b974ad39,USER_001,3/1/24 10:20,Food Delivery,AirAsia Food,76.37,Successful,MERCH_FDL_5582,payment
b346dca4-5e59-467a-8201-df90c9d28092,USER_001,3/1/24 18:32,Water Bill,Air Selangor,29.7,Successful,MERCH_WTR_2584,payment
429f6332-b597-4ead-a164-2f40e4825b4c,USER_001,3/1/24 20:29,Mobile Recharge,Digi Prepaid,17.96,Successful,MERCH_MBL_3363,payment
c296f48b-9700-4201-899e-99b606bbd8df,USER_001,3/1/24 22:41,Online Shopping,Shopee,85.78,Successful,MERCH_OSP_1637,payment
ac8b7def-7f06-44d6-83de-6a4ae69b6fe3,USER_001,4/1/24 7:18,Online Shopping,Amazon.com.my,311.01,Successful,MERCH_OSP_3440,payment
0b169cc9-8166-48da-aa14-89dd2ed48b55,USER_001,6/1/24 10:27,Mobile Recharge,Yes 4G Reload,16.5,Pending,MERCH_MBL_6218,payment
094d3a24-120c-435a-a262-721e061aa8d2,USER_001,6/1/24 16:59,Taxi / Ride-hailing,MyCar Ride,34.38,Successful,MERCH_RDH_6511,payment
469957f2-7a17-4552-a670-a1d288f46fec,USER_001,6/1/24 21:32,Online Shopping,PG Mall,247.95,Successful,MERCH_OSP_5911,payment
e08efc7d-8f92-42f3-b20d-d088da01b880,USER_001,8/1/24 17:33,Mobile Recharge,Maxis Reload,33.35,Successful,MERCH_MBL_7824,payment
62394f8f-c106-4322-9ea4-48d14da4167a,USER_001,9/1/24 20:15,Taxi / Ride-hailing,Grab Car,21.81,Successful,MERCH_RDH_8775,payment
d4d95b8e-3f3d-4bc8-ad96-16f6aea203ce,USER_001,10/1/24 8:16,Wallet Top-up,Debit Card Reload,215.53,Successful,TOPUP,topup
343d6e45-f97a-4fd7-974d-3f0bca0ba60e,USER_001,11/1/24 10:20,Petrol,Shell Malaysia,86.61,Successful,MERCH_PTR_9589,payment
73411d14-f57e-4c88-a1dc-19606a33da2a,USER_001,11/1/24 13:29,Education,Udemy Malaysia,35.98,Failed,MERCH_EDU_4968,payment
33d98055-78d1-425c-8632-90bd8d581989,USER_001,12/1/24 18:08,Public Transport,RapidKL LRT,3.82,Successful,MERCH_TRNS_8225,payment
b95eac29-3f21-4b2b-a89d-a91aa591d36a,USER_001,12/1/24 22:35,Taxi / Ride-hailing,AirAsia Ride,48.3,Successful,MERCH_RDH_9221,payment
0868cd96-9b6f-4d8a-9814-05dc87c23622,USER_001,13/1/2024 21:33,Parking,APCOA Parking,11.34,Successful,MERCH_PRK_3262,payment
aa7e82a2-b731-431b-9015-7028a73725d0,USER_001,14/1/2024 21:29,Wallet Top-up,Public Bank Top-up,205.1,Successful,TOPUP,topup
a68a2fbc-8b07-4207-a40c-ca6852cfa9a5,USER_001,16/1/2024 13:51,Food & Beverage,PappaRich,31.57,Successful,MERCH_FNB_9950,payment
d2233cbf-57e9-4194-ad16-f434801044d4,USER_001,16/1/2024 15:31,Taxi / Ride-hailing,MyCar Ride,18,Successful,MERCH_RDH_8932,payment
b86cd1ff-2752-493c-9730-eff21fb82793,USER_001,17/1/2024 10:19,Petrol,Shell Malaysia,99.41,Successful,MERCH_PTR_5876,payment
a8f59a39-5b8b-4aab-ae98-08dc56eac7e3,USER_001,17/1/2024 17:08,Taxi / Ride-hailing,AirAsia Ride,32.95,Successful,MERCH_RDH_6194,payment
8073b6b6-28b1-412e-ab08-07455a9e585b,USER_001,18/1/2024 15:41,Wallet Top-up,Bank Transfer Top-up,154.69,Successful,TOPUP,topup
ffbf605d-6a13-4f2f-8a48-2b5dc045f02b,USER_001,19/1/2024 7:52,Streaming Service,viu,47.35,Failed,MERCH_STR_7464,payment
709dea60-b0d9-49fa-8114-b5daee90d328,USER_001,19/1/2024 10:10,Gaming Credits,Free Fire Diamonds,32.32,Successful,MERCH_GAM_1689,payment
6baffe73-3f15-4108-a5e0-74cee86f720c,USER_001,20/1/2024 8:04,Food Delivery,AirAsia Food,70.29,Successful,MERCH_FDL_5201,payment
5285fea6-414d-495c-9e25-7c6215dacf8d,USER_001,20/1/2024 16:53,Insurance,Great Eastern,117.06,Successful,MERCH_INS_5450,payment
ad596bc1-f8f3-4993-8373-c33556fc92df,USER_001,21/1/2024 15:39,Petrol,Shell Malaysia,90.29,Successful,MERCH_PTR_1831,payment
7e6fea28-78b7-4d58-a225-8641288d39f6,USER_001,21/1/2024 23:17,Internet Bill,Unifi TM,134.46,Successful,MERCH_INT_2641,payment
fa821157-1124-4af4-9d8d-3f3c9becb034,USER_001,22/1/2024 18:19,Public Transport,MRT Putrajaya Line,9.68,Failed,MERCH_TRNS_1084,payment
653c678c-864b-4c51-a665-64aebe48fafb,USER_001,23/1/2024 16:46,Food & Beverage,Old Town White Coffee,53.79,Successful,MERCH_FNB_8822,payment
16698500-b9ca-42b8-af88-8cb55eb1cb61,USER_001,25/1/2024 14:41,Grocery Shopping,Jaya Grocer,228.37,Successful,MERCH_GRC_1969,payment
e303c7b7-02d6-4823-b794-083218259049,USER_001,25/1/2024 19:39,Petrol,Petron Malaysia,112.19,Successful,MERCH_PTR_1611,payment
def82369-da28-4554-92c8-1ffbf9f19d00,USER_001,25/1/2024 19:52,Parking,Wilson Parking MY,19.95,Successful,MERCH_PRK_1595,payment
0d071fc6-2420-4a15-a5d4-ff8d06fa1b2e,USER_001,27/1/2024 23:40,Online Shopping,Zalora Malaysia,24.45,Successful,MERCH_OSP_1613,payment
ac76a013-80a2-4254-b42f-542115ac252c,USER_001,28/1/2024 19:15,Public Transport,KTM Komuter,5.09,Successful,MERCH_TRNS_5662,payment
0c0308ef-9ba3-48ed-a684-820a2043f978,USER_001,29/1/2024 11:52,Petrol,Shell Malaysia,72.12,Successful,MERCH_PTR_9261,payment
8ec763f2-f73d-4a93-9907-3c9ec6a61268,USER_001,30/1/2024 7:53,Public Transport,MRT Putrajaya Line,6.83,Successful,MERCH_TRNS_8518,payment
09952774-a44c-4597-b616-28f4a4008e86,USER_001,30/1/2024 16:12,Highway Toll,SPRINT Highway,9.45,Successful,MERCH_TOLL_5833,payment
2235d9f5-423b-4400-96e4-c3b46e5f6eb1,USER_001,1/2/24 10:25,Wallet Top-up,Debit Card Reload,125.47,Pending,TOPUP,topup
01859598-b1fc-4b2d-9358-c7bcfff06943,USER_001,1/2/24 14:24,Insurance,AIA Malaysia,205.01,Successful,MERCH_INS_5888,payment
7c5ed278-5db9-4c65-98a4-ceab1836ad6b,USER_001,2/2/24 15:26,Food Delivery,AirAsia Food,31.31,Successful,MERCH_FDL_4762,payment
7ff23aef-34ea-47a8-a8de-97ed25e89ee5,USER_001,2/2/24 19:22,Grocery Shopping,Mydin,205.23,Successful,MERCH_GRC_1527,payment
aa26492b-9bff-42ea-bad7-85cea5f64b87,USER_001,2/2/24 23:29,Movie Ticket,GSC Cinemas,19.36,Successful,MERCH_MOV_4943,payment
ea6a61ae-cd89-4be2-a944-d2939ec7652a,USER_001,3/2/24 23:03,Highway Toll,NKVE Toll,4.93,Successful,MERCH_TOLL_1797,payment
8c5d1e59-850e-458b-a31c-b2f9af889749,USER_001,4/2/24 20:19,Food Delivery,Beep Delivery,70.84,Successful,MERCH_FDL_4559,payment
f72a7d44-cc4f-464d-9f4b-4556e4df757c,USER_001,5/2/24 20:47,Food & Beverage,Gong Cha Malaysia,66.18,Successful,MERCH_FNB_4836,payment
36495415-ead1-4910-98b9-b35065753632,USER_001,8/2/24 13:08,Mobile Recharge,Yes 4G Reload,19.48,Successful,MERCH_MBL_6253,payment
ad5ef4fa-961a-4773-b892-415b41f019ac,USER_001,12/2/24 13:03,Wallet Top-up,Debit Card Reload,144.21,Successful,TOPUP,topup
01fec88d-86a9-4f7c-993a-0c38d40d1d0a,USER_001,12/2/24 19:44,Highway Toll,NKVE Toll,10.26,Successful,MERCH_TOLL_3869,payment
e0fa5e72-c6e7-4f36-b660-58770637ef25,USER_001,13/2/2024 14:52,Online Shopping,Zalora Malaysia,397.19,Successful,MERCH_OSP_7244,payment
bcbb00ed-3744-4b67-bd04-8d5cde9506ec,USER_001,13/2/2024 18:05,Food Delivery,Foodpanda,41.36,Successful,MERCH_FDL_5913,payment
b1866a2c-70ed-4d2b-a8bc-57bdfb84dd0d,USER_001,13/2/2024 20:55,Online Shopping,Lazada,431.62,Successful,MERCH_OSP_5927,payment
775084bc-b527-4729-b5d2-4edec3fa4dc5,USER_001,13/2/2024 22:59,Online Shopping,Shopee,484.54,Successful,MERCH_OSP_7761,payment
288299ba-1c52-40d8-9f1c-7709c57ab25a,USER_001,15/2/2024 7:29,Food & Beverage,Tealive,20.25,Successful,MERCH_FNB_5177,payment
3247ca63-ab5e-474f-a24b-43177899a7fc,USER_001,15/2/2024 14:21,Wallet Top-up,RHB Online Top-up,118.49,Successful,TOPUP,topup
eaea24ad-75c4-43f8-aa47-2d17768b7fce,USER_001,16/2/2024 8:57,Food & Beverage,Gong Cha Malaysia,55.53,Successful,MERCH_FNB_7179,payment
baf78c1c-2314-4b1a-885f-4885687d8090,USER_001,16/2/2024 16:59,Parking,Wilson Parking MY,10.63,Successful,MERCH_PRK_4555,payment
2e6cdb81-2fda-41a3-b9f2-28e9f1b2735d,USER_001,16/2/2024 23:51,Mobile Recharge,Maxis Reload,47.49,Failed,MERCH_MBL_4470,payment
ef801f17-0892-4587-951f-a0a6ec9adcbc,USER_001,17/2/2024 16:05,Public Transport,Rapid Penang Bus,7.26,Successful,MERCH_TRNS_4974,payment
8674ed0d-f818-4397-a543-d8d3faf586dd,USER_001,17/2/2024 17:04,Food Delivery,Foodpanda,72.49,Successful,MERCH_FDL_6269,payment
7f280955-4746-444d-bcc6-e8ae105e73b5,USER_001,17/2/2024 19:29,Petrol,BHP Petrol,53.54,Successful,MERCH_PTR_6053,payment
30302d14-2b9f-4dbd-aa54-27d82dce66ef,USER_001,18/2/2024 10:10,Online Shopping,Shopee,385.58,Successful,MERCH_OSP_8692,payment
c75dd81c-0d12-465a-8192-1065cdee9a81,USER_001,18/2/2024 22:12,Food & Beverage,PappaRich,8.43,Successful,MERCH_FNB_7781,payment
797ff6e6-0956-4a0c-b2df-9f79fca9d228,USER_001,19/2/2024 6:16,Taxi / Ride-hailing,Grab Car,36.77,Successful,MERCH_RDH_5272,payment
f2e47029-0dfd-4c3c-aad0-9611c9e3cc74,USER_001,19/2/2024 9:03,Taxi / Ride-hailing,MyCar Ride,18.2,Successful,MERCH_RDH_3497,payment
9b95c729-6509-4623-bd01-36df5aad663b,USER_001,20/2/2024 18:52,Petrol,Shell Malaysia,79.56,Successful,MERCH_PTR_9180,payment
31cedbe7-f67f-4b81-9d34-919e2cc19b37,USER_001,21/2/2024 15:23,Mobile Recharge,U Mobile Reload,28.43,Successful,MERCH_MBL_9037,payment
a2b3f90d-06e4-49fe-9a9e-543ea1e94676,USER_001,22/2/2024 8:33,Food Delivery,Foodpanda,50.09,Successful,MERCH_FDL_9954,payment
c572f891-d858-4da7-afd1-e1ac3892a1ea,USER_001,22/2/2024 9:11,Petrol,Petronas Station,33.04,Successful,MERCH_PTR_9584,payment
7d94eda4-6d0b-4d4a-93c4-cd2741d4e8d6,USER_001,22/2/2024 12:45,Wallet Top-up,Bank Transfer Top-up,109.7,Successful,TOPUP,topup
b71d4887-b6c2-419e-b7a7-41e164dd1612,USER_001,22/2/2024 23:08,Food & Beverage,Tealive,58.04,Successful,MERCH_FNB_2113,payment
ae1f96f4-ba6f-4c57-a634-053e1ac294cb,USER_001,24/2/2024 12:37,Online Shopping,Zalora Malaysia,316.56,Successful,MERCH_OSP_1990,payment
659e50ae-3594-4af7-adf9-f555fb3ffe4c,USER_001,24/2/2024 19:23,Water Bill,PBAPP Penang,10.79,Successful,MERCH_WTR_8993,payment
495ac2cc-ba17-4dfb-ae33-846cbfcd41fb,USER_001,25/2/2024 10:49,Food Delivery,Grab Food,68.33,Successful,MERCH_FDL_9673,payment
1c5c11b0-5d01-4b4d-9b75-63f27b9b5718,USER_001,26/2/2024 15:46,Grocery Shopping,Tesco Malaysia,40.15,Successful,MERCH_GRC_3937,payment
f39ddb79-aed1-45c2-8b4b-930a6d3d868c,USER_001,27/2/2024 12:48,Food & Beverage,Tealive,23.93,Successful,MERCH_FNB_9625,payment
b3c0987d-a713-4f3d-94e7-7e72680be79d,USER_001,28/2/2024 17:07,Gaming Credits,Mobile Legends Diamonds,96.13,Successful,MERCH_GAM_7112,payment
5ec34f1b-04df-469b-9a9f-c746531fc407,USER_001,28/2/2024 22:28,Food & Beverage,Tealive,56.3,Successful,MERCH_FNB_5914,payment
2e102097-a58b-4fcd-b251-6a70f0b68029,USER_001,29/2/2024 8:59,Streaming Service,Netflix Malaysia,29.96,Successful,MERCH_STR_2531,payment
8274307c-d2b5-408a-8591-a52973fd7856,USER_001,29/2/2024 15:44,Online Shopping,Shopee,59.69,Successful,MERCH_OSP_3807,payment
5c2e97fa-9c9d-4b5f-bdc2-e9742a4f868d,USER_001,1/3/24 10:44,Wallet Top-up,Bank Transfer Top-up,198.2,Successful,TOPUP,topup
921c52d7-14da-458e-a7e1-b01a7375435a,USER_001,1/3/24 14:50,Food & Beverage,Secret Recipe,66.24,Successful,MERCH_FNB_5592,payment
8b545e36-5454-434b-b6a0-64ddfb47e66f,USER_001,1/3/24 15:26,Public Transport,RapidKL Bus,6.33,Successful,MERCH_TRNS_4273,payment
c1e70891-38c1-4c86-85c0-8e2c184e2782,USER_001,1/3/24 15:28,Streaming Service,iQIYI Malaysia,53.02,Successful,MERCH_STR_1440,payment
8440ce1d-dd32-478b-ab1d-11a3a9b4e2ba,USER_001,2/3/24 11:59,Taxi / Ride-hailing,AirAsia Ride,51.23,Successful,MERCH_RDH_5773,payment
d97c0426-5eda-49b1-b05a-eaede12c270b,USER_001,3/3/24 11:27,Education,iLearn,59.76,Successful,MERCH_EDU_9180,payment
11560a6c-2606-4bf1-8a12-9a4d2d677484,USER_001,4/3/24 6:05,Grocery Shopping,Aeon,200.43,Successful,MERCH_GRC_7932,payment
77975704-60bb-43f8-be04-0829468b8aca,USER_001,4/3/24 22:58,Wallet Top-up,Public Bank Top-up,216.45,Successful,TOPUP,topup
c5edb0d4-01e0-47f1-8513-040c2dcce7b2,USER_001,5/3/24 8:10,Wallet Top-up,Bank Transfer Top-up,183.66,Successful,TOPUP,topup
b0a8f724-7575-45cc-9203-d71356875e88,USER_001,5/3/24 15:00,Wallet Top-up,Bank Transfer Top-up,279.1,Successful,TOPUP,topup
0ee0d068-02aa-449e-82b1-f5bc2508d793,USER_001,5/3/24 18:45,Internet Bill,Unifi TM,173.58,Successful,MERCH_INT_2791,payment
7512fb33-5ffe-4ccf-a22e-bc173958b4d7,USER_001,5/3/24 18:59,Food Delivery,Beep Delivery,55.93,Successful,MERCH_FDL_1725,payment
26e8fdab-3fbd-4bb2-8735-9282497fff61,USER_001,6/3/24 18:10,Internet Bill,TIME Fibre,100.65,Successful,MERCH_INT_8052,payment
07586616-7bd7-42a7-b9a6-1056581fef48,USER_001,6/3/24 18:20,Food & Beverage,Tealive,33.06,Successful,MERCH_FNB_8303,payment
4d3cea03-ccd3-44a4-85e8-2c8d545e1a16,USER_001,8/3/24 8:21,Streaming Service,iQIYI Malaysia,27.42,Successful,MERCH_STR_3469,payment
5e74c13a-3824-4edb-b1e6-da7d90a08a47,USER_001,8/3/24 12:57,Public Transport,Rapid Penang Bus,2.04,Successful,MERCH_TRNS_2406,payment
af88ae4c-32ed-4e14-89be-1c24535fd3f8,USER_001,9/3/24 15:17,Food & Beverage,Gong Cha Malaysia,39.15,Successful,MERCH_FNB_6620,payment
b1f67f48-e6a0-4589-8746-4c2903f7c9e8,USER_001,9/3/24 19:19,Online Shopping,Amazon.com.my,230.32,Successful,MERCH_OSP_2599,payment
7f1b6b86-1968-4208-8fe3-501ec9c296de,USER_001,9/3/24 23:36,Mobile Recharge,Digi Prepaid,42.41,Successful,MERCH_MBL_1732,payment
2c08068a-1e06-4819-8498-10b3ce6c762f,USER_001,10/3/24 11:36,Education,Coursera,234.51,Successful,MERCH_EDU_3692,payment
61fcac2d-2449-45ff-8751-e4b74f4ea524,USER_001,11/3/24 6:13,Online Shopping,PG Mall,178.88,Successful,MERCH_OSP_3623,payment
681aee90-23d1-42a6-835d-894177323df0,USER_001,11/3/24 17:06,Online Shopping,Amazon.com.my,109.47,Successful,MERCH_OSP_4022,payment
1247ffe0-6254-4f9c-b38c-696034a197f4,USER_001,11/3/24 18:51,Food Delivery,Beep Delivery,47.07,Successful,MERCH_FDL_4232,payment
9e58e7bb-8076-416f-8f0b-4b810e4f92a0,USER_001,11/3/24 20:21,Highway Toll,LDP Toll,5.4,Successful,MERCH_TOLL_4371,payment
0b946425-fdc0-43b3-8524-962735eb9b7a,USER_001,12/3/24 7:06,Gaming Credits,Steam Wallet,80.95,Successful,MERCH_GAM_2667,payment
299ecb5c-3a94-4e66-a31c-2d271b1cdcd3,USER_001,16/3/2024 12:29,Food Delivery,Foodpanda,20.89,Successful,MERCH_FDL_8496,payment
dbdb0057-f571-41d7-884d-f8e28ab8f661,USER_001,16/3/2024 13:22,Online Shopping,Zalora Malaysia,313.43,Successful,MERCH_OSP_7367,payment
5cac57db-67c6-47f5-ba69-0127d20b1f4f,USER_001,18/3/2024 8:38,Food Delivery,AirAsia Food,75.47,Successful,MERCH_FDL_3826,payment
9539b753-21cc-4eac-918d-af910b6a4252,USER_001,18/3/2024 13:36,Grocery Shopping,Mydin,88.6,Successful,MERCH_GRC_3194,payment
41031114-a05b-41ad-925d-0bb491ee0ae7,USER_001,18/3/2024 16:24,Public Transport,KTM Komuter,5.6,Successful,MERCH_TRNS_3316,payment
84ae1abb-d6b1-4b74-afd4-0c6ffc30b22b,USER_001,18/3/2024 23:32,Food & Beverage,Secret Recipe,18.93,Successful,MERCH_FNB_7931,payment
da57b44f-a504-4889-8f34-a648b170e2c8,USER_001,19/3/2024 18:43,Taxi / Ride-hailing,inDrive Malaysia,33.46,Successful,MERCH_RDH_3733,payment
f2c1ba5a-522d-4e94-b92e-c5be64b0b5c4,USER_001,20/3/2024 12:30,Mobile Recharge,U Mobile Reload,44.62,Successful,MERCH_MBL_1878,payment
65e2f9ce-efac-44c1-b5de-638c20e8d6d2,USER_001,20/3/2024 15:51,Online Shopping,Lazada,482.64,Successful,MERCH_OSP_7290,payment
1e30790f-7719-46db-8abe-11e65b5346e8,USER_001,21/3/2024 10:47,Online Shopping,Amazon.com.my,360.87,Successful,MERCH_OSP_7809,payment
f1137fc1-26c6-49ec-b8b8-17de2d832bc6,USER_001,22/3/2024 18:05,Food & Beverage,McDonald's Malaysia,26.91,Successful,MERCH_FNB_4613,payment
a092365e-ff48-4eb8-9231-f24ba92c9427,USER_001,23/3/2024 8:05,Petrol,Shell Malaysia,80.91,Successful,MERCH_PTR_8492,payment
2b18b7f3-1f0b-4d80-b32f-1fb9e6090973,USER_001,23/3/2024 21:17,Online Shopping,PG Mall,294.9,Successful,MERCH_OSP_2854,payment
d9c4405a-0554-4188-ba10-502a7ca562d6,USER_001,24/3/2024 8:32,Petrol,BHP Petrol,104.03,Successful,MERCH_PTR_9880,payment
7ca456ce-2632-4877-90f7-c6babbf2ce5f,USER_001,24/3/2024 10:50,Taxi / Ride-hailing,Maxim Malaysia,59.47,Successful,MERCH_RDH_4580,payment
082692da-5540-4321-9f51-226274e606f5,USER_001,25/3/2024 8:46,Insurance,Prudential Malaysia,316.2,Successful,MERCH_INS_5877,payment
c6e559ab-e2a0-4a5a-9c44-057d0bcf78d0,USER_001,25/3/2024 14:06,Grocery Shopping,Mydin,218.34,Successful,MERCH_GRC_8193,payment
52dae446-f85d-4b06-a048-8645ad312d5b,USER_001,25/3/2024 18:49,Gaming Credits,PUBG Mobile UC,86.8,Successful,MERCH_GAM_6744,payment
9ae13a94-a0a0-47f0-a57e-0a1652f992fc,USER_001,26/3/2024 8:23,Food Delivery,Beep Delivery,73.22,Successful,MERCH_FDL_3281,payment
50c9d1ce-8a19-4d6e-b42d-eddd6c11fdcf,USER_001,26/3/2024 16:36,Gaming Credits,Steam Wallet,55.57,Successful,MERCH_GAM_6747,payment
28d632c1-542a-4e98-9828-63c62ac36033,USER_001,26/3/2024 16:55,Food & Beverage,Gong Cha Malaysia,47.96,Failed,MERCH_FNB_5740,payment
46e31e35-56d4-4d9c-b981-479ea71a2453,USER_001,27/3/2024 10:19,Online Shopping,Shopee,482.13,Successful,MERCH_OSP_3221,payment
61a37fd1-f38c-4c07-8fd3-96d07b63b746,USER_001,30/3/2024 8:43,Parking,JPA Parking,14.63,Successful,MERCH_PRK_3078,payment
6aafda17-033f-44ce-86ee-5c22a71de097,USER_001,31/3/2024 13:46,Food & Beverage,PappaRich,62.11,Successful,MERCH_FNB_5055,payment
ca105daf-9251-4313-ae39-b68646272a17,USER_001,31/3/2024 18:27,Online Shopping,PG Mall,321.35,Successful,MERCH_OSP_5402,payment
1a39c483-3754-4c7a-923e-e43a5e7c8ca3,USER_001,1/4/24 10:05,Wallet Top-up,CIMB Clicks Top-up,210.68,Successful,TOPUP,topup
151ef99f-e0f2-44a4-9243-dea2e9e77a68,USER_001,1/4/24 6:44,Electricity Bill,Tenaga Nasional (TNB),109.31,Successful,MERCH_UTL_5942,payment
80e92e69-cf11-4ee6-8782-ac8ec779e6a7,USER_001,1/4/24 11:28,Food & Beverage,Secret Recipe,53.46,Successful,MERCH_FNB_5842,payment
ec10d528-2ab0-43d9-87d5-cbe181157c01,USER_001,1/4/24 19:12,Gaming Credits,PUBG Mobile UC,41.66,Successful,MERCH_GAM_9108,payment
6775f5ac-5821-4c20-8880-75e5845bcd41,USER_001,3/4/24 9:00,Internet Bill,Unifi TM,186.76,Successful,MERCH_INT_9655,payment
51633a73-5e31-4c8f-bf93-97584c186063,USER_001,4/4/24 10:48,Food Delivery,Shopeefood,42.17,Successful,MERCH_FDL_3162,payment
5f2cf09f-cbe1-41c8-bda2-2fdef293db15,USER_001,5/4/24 8:33,Food Delivery,Beep Delivery,71.49,Failed,MERCH_FDL_3830,payment
84358740-595f-42c6-8c2c-01a3b93c5a33,USER_001,5/4/24 19:39,Movie Ticket,GSC Cinemas,14.36,Successful,MERCH_MOV_2106,payment
c46084a3-a998-42e9-9f60-99690b5a6bfc,USER_001,8/4/24 18:05,Wallet Top-up,Public Bank Top-up,201.32,Successful,TOPUP,topup
a8e0211b-ea3c-474a-94ec-77a3e6b8af34,USER_001,8/4/24 22:43,Online Shopping,Amazon.com.my,356.87,Successful,MERCH_OSP_7939,payment
a3b4c7f4-d976-43b9-8947-9a7805cbad26,USER_001,10/4/24 11:55,Petrol,Petron Malaysia,54.97,Successful,MERCH_PTR_3501,payment
5fc3f251-111e-4ccf-a201-38d17e879613,USER_001,11/4/24 6:55,Online Shopping,Lazada,277.47,Successful,MERCH_OSP_3545,payment
bac6fcd6-a925-4e15-80b9-6ad8db5ca898,USER_001,11/4/24 10:15,Internet Bill,Unifi TM,165.85,Successful,MERCH_INT_6081,payment
daa27a35-15fd-4e70-b7f7-aca167a72b0b,USER_001,11/4/24 15:21,Education,Coursera,48.05,Successful,MERCH_EDU_5005,payment
78c8a0a8-a9ce-4f1f-aa4b-56c3b5e224c7,USER_001,12/4/24 14:05,Online Shopping,PG Mall,168.46,Successful,MERCH_OSP_1901,payment
4bb3f108-f1aa-4f6b-a18c-9313af92a317,USER_001,12/4/24 15:08,Taxi / Ride-hailing,Grab Car,44.81,Successful,MERCH_RDH_1207,payment
8acedc28-3102-4718-bb4a-ff1b429d6817,USER_001,14/4/2024 12:31,Food & Beverage,PappaRich,43.79,Successful,MERCH_FNB_9568,payment
46c4176a-dc7c-421f-92f4-92b5d1bf8fb9,USER_001,15/4/2024 12:05,Grocery Shopping,Village Grocer,191.2,Successful,MERCH_GRC_3079,payment
94173a7c-2bd6-4bc0-84ba-5f271c381826,USER_001,16/4/2024 8:08,Taxi / Ride-hailing,Grab Car,25.42,Successful,MERCH_RDH_1480,payment
4275b238-7367-4c3a-8071-2b741ccb68d3,USER_001,16/4/2024 16:57,Petrol,BHP Petrol,74.65,Successful,MERCH_PTR_2262,payment
8548d9ce-1e77-4455-a708-481431becc53,USER_001,19/4/2024 10:36,Highway Toll,NKVE Toll,6.65,Successful,MERCH_TOLL_3734,payment
5123b650-5721-4a84-8f0a-135217933a89,USER_001,19/4/2024 18:22,Public Transport,RapidKL Bus,3.06,Successful,MERCH_TRNS_2889,payment
ee724962-32fd-4e86-9928-51653e4a9f95,USER_001,21/4/2024 8:25,Highway Toll,PLUS Highway,2.14,Successful,MERCH_TOLL_5006,payment
fb7234f9-c07d-4991-9611-df7aeb7f9fa8,USER_001,21/4/2024 15:46,Wallet Top-up,CIMB Clicks Top-up,286.23,Successful,TOPUP,topup
c9ed7031-9a15-4483-abe3-d286c039cb21,USER_001,21/4/2024 17:54,Petrol,Caltex Malaysia,58.96,Successful,MERCH_PTR_4678,payment
d731abc0-1683-4e67-9d0b-d4d08194a328,USER_001,21/4/2024 20:01,Taxi / Ride-hailing,MyCar Ride,37.72,Successful,MERCH_RDH_2276,payment
58b9dfe4-5793-4b77-a72e-e35922b4c5ca,USER_001,22/4/2024 11:03,Streaming Service,Netflix Malaysia,22.3,Successful,MERCH_STR_3938,payment
4b6c4df3-985a-49ee-901d-0382d8d6be7f,USER_001,23/4/2024 10:30,Highway Toll,KESAS Highway,13.78,Successful,MERCH_TOLL_2129,payment
a0399e11-2832-4511-80ee-bb2452ce41fb,USER_001,24/4/2024 12:40,Movie Ticket,MBO Cinemas,16.25,Successful,MERCH_MOV_6362,payment
79e1b36c-5ff7-428b-9218-ebb9fea514e9,USER_001,24/4/2024 14:44,Food Delivery,Shopeefood,69.69,Successful,MERCH_FDL_5979,payment
30680289-5489-4539-ba22-f0910d127186,USER_001,25/4/2024 7:02,Food Delivery,AirAsia Food,69.13,Successful,MERCH_FDL_4201,payment
88ceb0ee-8544-421b-8314-4e94d546ef18,USER_001,25/4/2024 10:41,Gaming Credits,PUBG Mobile UC,93.58,Successful,MERCH_GAM_1104,payment
75ce0842-dd65-4981-b9d5-ea55c88663c7,USER_001,25/4/2024 13:27,Petrol,Petronas Station,30.13,Successful,MERCH_PTR_6488,payment
191681cb-70f6-472b-9515-18bfdecbede8,USER_001,26/4/2024 9:06,Education,SkillUp,74.35,Pending,MERCH_EDU_2703,payment
796fb783-4726-450f-b221-5e117b61fad0,USER_001,26/4/2024 23:25,Food Delivery,Grab Food,67.51,Successful,MERCH_FDL_3332,payment
4ae6a1a3-768e-49f5-b894-d3ce5d58ac39,USER_001,27/4/2024 9:55,Wallet Top-up,Debit Card Reload,182.61,Successful,TOPUP,topup
88c014dd-a5e6-4862-b9fe-06bdb6692f59,USER_001,28/4/2024 8:46,Online Shopping,Shopee,262.61,Successful,MERCH_OSP_2565,payment
329e7201-a68a-4246-a3e0-6836ac11d234,USER_001,29/4/2024 14:05,Food Delivery,Beep Delivery,45.93,Failed,MERCH_FDL_2020,payment
76ae7a9b-f40d-419d-a8aa-77f39c850a14,USER_001,29/4/2024 17:29,Food & Beverage,Gong Cha Malaysia,74.45,Successful,MERCH_FNB_6161,payment
a4745c64-8f59-407d-af9b-c9d6c96df15a,USER_001,30/4/2024 10:56,Insurance,Great Eastern,202.24,Successful,MERCH_INS_6211,payment
63d123f3-c503-452c-9d03-5b0ac953ae82,USER_001,30/4/2024 11:28,Wallet Top-up,CIMB Clicks Top-up,255.99,Successful,TOPUP,topup
46eff7bc-06ae-49ba-ab3e-b2fa1fa1d73b,USER_002,1/8/23 10:54,Wallet Top-up,Public Bank Top-up,85.48,Successful,TOPUP,topup
b8cee8ee-5a6b-48cc-9067-09cf515056dd,USER_002,2/8/23 13:08,Education,Udemy Malaysia,159.95,Successful,MERCH_EDU_4875,payment
532fb741-8579-4713-9844-729d99cdb236,USER_002,3/8/23 11:51,Movie Ticket,mmCineplexes,32.29,Successful,MERCH_MOV_1462,payment
c8063c99-03bd-4d49-acbc-f49ece753ce7,USER_002,3/8/23 16:07,Electricity Bill,Tenaga Nasional (TNB),260.81,Successful,MERCH_UTL_4084,payment
87bc2c1d-e96f-4b0f-9839-ddc0fcd40400,USER_002,4/8/23 10:07,Wallet Top-up,Debit Card Reload,80.91,Successful,TOPUP,topup
ec4928a6-dd8f-47dd-b6ec-f034a4137ae8,USER_002,4/8/23 11:28,Public Transport,MRT Putrajaya Line,1.18,Successful,MERCH_TRNS_4584,payment
e0157f05-69df-483c-b401-f68efbed8b11,USER_002,7/8/23 11:17,Mobile Recharge,Yes 4G Reload,42.26,Successful,MERCH_MBL_4300,payment
78cb473a-e2c7-4b9c-a41b-34614a4d5825,USER_002,7/8/23 20:51,Food & Beverage,PappaRich,6.64,Successful,MERCH_FNB_1975,payment
9464bc09-492e-44ea-8a43-41e608f7ae7b,USER_002,8/8/23 13:17,Parking,APCOA Parking,17.49,Failed,MERCH_PRK_9622,payment
1e6a2a1f-8d14-457f-a56c-31c433f7c6a5,USER_002,9/8/23 8:01,Food Delivery,AirAsia Food,38.25,Successful,MERCH_FDL_2655,payment
2759d662-e87f-406c-aba1-5bf96fa359fd,USER_002,9/8/23 11:01,Wallet Top-up,Bank Transfer Top-up,144.87,Successful,TOPUP,topup
4bc5485d-c601-4df8-af83-5618633afd57,USER_002,9/8/23 11:01,Wallet Top-up,Bank Transfer Top-up,81.73,Successful,TOPUP,topup
998c5441-00d9-4948-a3fb-59dd70efa3cd,USER_002,10/8/23 7:13,Electricity Bill,Tenaga Nasional (TNB),219.73,Successful,MERCH_UTL_4657,payment
138d2c7f-561c-4eba-afe8-192b2123236e,USER_002,11/8/23 19:07,Food Delivery,Shopeefood,25.86,Successful,MERCH_FDL_3086,payment
ad1c555d-3d33-4985-a14d-d3dfd0999f71,USER_002,12/8/23 12:28,Movie Ticket,mmCineplexes,36.12,Successful,MERCH_MOV_7415,payment
290a0026-8aec-4882-b04e-7e6b605a0897,USER_002,13/8/2023 10:26,Electricity Bill,Tenaga Nasional (TNB),281.05,Failed,MERCH_UTL_6213,payment
e40603cb-e4cd-4561-a4ff-981eda675b49,USER_002,13/8/2023 17:30,Food & Beverage,KFC Malaysia,15.55,Successful,MERCH_FNB_9129,payment
1c558619-7b08-456a-9ede-ad0abb969942,USER_002,13/8/2023 21:01,Food & Beverage,PappaRich,52.71,Failed,MERCH_FNB_3750,payment
f11e9658-d235-4922-99ba-81e1e82f048e,USER_002,15/8/2023 10:02,Gaming Credits,Free Fire Diamonds,6.08,Successful,MERCH_GAM_8317,payment
4a706a71-ecca-41a2-ba07-4965d237ccbd,USER_002,15/8/2023 14:54,Movie Ticket,MBO Cinemas,34.46,Successful,MERCH_MOV_5205,payment
cb3760a8-4626-4a76-abd9-f70afa11509c,USER_002,16/8/2023 7:05,Public Transport,Rapid Penang Bus,9.72,Successful,MERCH_TRNS_7875,payment
30bc6343-32c5-4a11-b4fd-b8741850e65d,USER_002,16/8/2023 19:56,Online Shopping,Amazon.com.my,282.09,Successful,MERCH_OSP_6754,payment
438484a2-ef5f-42c7-903d-c4f95ec4265c,USER_002,16/8/2023 22:22,Online Shopping,PG Mall,98.08,Successful,MERCH_OSP_4695,payment
aed81256-05d0-484e-ad93-009db19706b6,USER_002,17/8/2023 7:43,Education,SkillUp,99.44,Failed,MERCH_EDU_1328,payment
5021a1c3-832b-4504-9c41-20e82bbca2c7,USER_002,18/8/2023 13:06,Public Transport,MRT Putrajaya Line,2.45,Successful,MERCH_TRNS_7151,payment
cf4ed406-fe27-4517-bdaa-76678d4aa476,USER_002,19/8/2023 13:10,Wallet Top-up,Maybank2u Top-up,83.8,Pending,TOPUP,topup
501483f1-8d05-4d3f-9852-1bfda6527fa0,USER_002,19/8/2023 22:20,Education,Coursera,237.28,Successful,MERCH_EDU_8066,payment
6a7efeed-64ca-4666-ab08-f4cefcd66e1e,USER_002,20/8/2023 13:01,Education,Udemy Malaysia,51.38,Successful,MERCH_EDU_1877,payment
428f96c2-de48-4536-91a7-a060d48c93e3,USER_002,20/8/2023 13:41,Food & Beverage,Gong Cha Malaysia,27.31,Successful,MERCH_FNB_5612,payment
bf0342d9-ba07-4ef3-9d0c-577c65398b9d,USER_002,21/8/2023 8:37,Food Delivery,Beep Delivery,23.98,Successful,MERCH_FDL_9043,payment
7fab25dd-90bd-41dd-96d2-750c30c3748e,USER_002,21/8/2023 22:15,Food Delivery,Shopeefood,27.57,Successful,MERCH_FDL_8869,payment
0cf2ee73-30c3-4b13-aeef-c4e73ff726e1,USER_002,22/8/2023 19:11,Food & Beverage,Gong Cha Malaysia,40.52,Successful,MERCH_FNB_2342,payment
a88bd99f-9fd3-47fb-b80a-fabd4e2082b7,USER_002,23/8/2023 13:22,Gaming Credits,Garena Shell,90.01,Successful,MERCH_GAM_9013,payment
bf61e5f7-c95f-45d7-b750-28ed116f1795,USER_002,26/8/2023 14:03,Taxi / Ride-hailing,AirAsia Ride,27.29,Successful,MERCH_RDH_4029,payment
daf17b42-9379-4ed5-837a-8d6555c9e775,USER_002,26/8/2023 21:22,Food & Beverage,McDonald's Malaysia,37.98,Successful,MERCH_FNB_5313,payment
c9ef84d1-1c3a-43eb-90c0-a19d1e341bc2,USER_002,26/8/2023 23:50,Insurance,Takaful Malaysia,120.81,Successful,MERCH_INS_2009,payment
e8f4a3ec-0921-4856-bd3d-56d1d97a2fc5,USER_002,27/8/2023 7:48,Public Transport,Go KL City Bus,8.27,Successful,MERCH_TRNS_6632,payment
9acedbe0-3623-44c9-88e1-8b6fc474d957,USER_002,27/8/2023 18:23,Gaming Credits,PUBG Mobile UC,84.88,Successful,MERCH_GAM_1999,payment
252c4593-7bec-4c05-9aed-02e8bf5c0ae1,USER_002,28/8/2023 16:09,Food Delivery,Beep Delivery,56.67,Successful,MERCH_FDL_8779,payment
27fc8f07-aca9-4778-86a8-bde86adf7938,USER_002,28/8/2023 20:35,Grocery Shopping,Tesco Malaysia,132.99,Successful,MERCH_GRC_1568,payment
779bbf67-cc74-48c9-b0d8-3c2b04f3ea0d,USER_002,30/8/2023 19:52,Gaming Credits,Steam Wallet,16.43,Successful,MERCH_GAM_3415,payment
492ecd3d-3b7a-458c-a0a6-6220e714b26b,USER_002,31/8/2023 20:03,Food & Beverage,Marrybrown,65.63,Successful,MERCH_FNB_4471,payment
9ece6cd5-51b0-405c-a450-0590a24e1c3e,USER_002,1/9/23 10:14,Wallet Top-up,Bank Transfer Top-up,70.67,Successful,TOPUP,topup
ea4e2487-172d-44d5-9216-6450ed9b6b66,USER_002,1/9/23 11:12,Online Shopping,Shopee,457.53,Successful,MERCH_OSP_8767,payment
252a79f5-2336-4739-8650-fa8260c4a8ce,USER_002,2/9/23 21:58,Streaming Service,Netflix Malaysia,23.53,Successful,MERCH_STR_4666,payment
cc0880ce-e8b7-4020-8a1d-99bbc16974eb,USER_002,3/9/23 19:12,Grocery Shopping,Jaya Grocer,225.44,Successful,MERCH_GRC_7943,payment
f418d287-7709-4efe-9d41-c2ee41cda3ab,USER_002,4/9/23 6:15,Food Delivery,Foodpanda,35.57,Successful,MERCH_FDL_8646,payment
d9d5b59a-f455-4afc-af11-b3370a54b8b7,USER_002,4/9/23 19:09,Streaming Service,iQIYI Malaysia,13.21,Pending,MERCH_STR_2676,payment
3ec4ddcf-0f78-4a8c-a32d-241274d0adb2,USER_002,5/9/23 15:47,Wallet Top-up,RHB Online Top-up,106.15,Successful,TOPUP,topup
711ed88a-227d-4153-83a5-f0c029d7ba5e,USER_002,6/9/23 8:19,Grocery Shopping,Mydin,30,Pending,MERCH_GRC_8892,payment
7de3a860-963f-4b87-a44c-4a3fe61c1aab,USER_002,6/9/23 14:47,Taxi / Ride-hailing,MyCar Ride,42.12,Failed,MERCH_RDH_5278,payment
d96ce256-e004-4115-ae78-cfce66144807,USER_002,7/9/23 19:47,Taxi / Ride-hailing,inDrive Malaysia,34.9,Successful,MERCH_RDH_3456,payment
83a82783-08bd-4b8f-95bd-d80d93fae952,USER_002,8/9/23 7:29,Public Transport,RapidKL Bus,6.94,Successful,MERCH_TRNS_7620,payment
d6e3e1b8-0b7c-49ea-8daf-314660bc43e3,USER_002,9/9/23 16:58,Movie Ticket,Lotus's Cinema,20.75,Successful,MERCH_MOV_5843,payment
1358579b-8e88-4804-9592-cd1f0b041696,USER_002,9/9/23 17:52,Food Delivery,Grab Food,38.77,Successful,MERCH_FDL_4111,payment
5551e17f-0d90-4929-bbbd-de4716639bde,USER_002,13/9/2023 7:10,Taxi / Ride-hailing,AirAsia Ride,34.38,Successful,MERCH_RDH_6873,payment
6de31b4a-a65b-415f-b053-0752178b419a,USER_002,13/9/2023 10:39,Education,Udacity,93.93,Successful,MERCH_EDU_3967,payment
4d274a7a-9dde-4729-b341-7b133ea9075b,USER_002,14/9/2023 8:12,Movie Ticket,mmCineplexes,38.62,Successful,MERCH_MOV_3999,payment
9f9a9c03-b98c-476e-bb02-c0224dfde721,USER_002,16/9/2023 7:11,Taxi / Ride-hailing,inDrive Malaysia,19.61,Successful,MERCH_RDH_6820,payment
f4429446-79fb-4942-b89e-3d18cc6461b2,USER_002,16/9/2023 20:11,Food Delivery,Shopeefood,32.32,Successful,MERCH_FDL_7089,payment
f6120ae4-00b0-46b6-994b-16d2f64a6210,USER_002,16/9/2023 23:22,Education,iLearn,220.47,Successful,MERCH_EDU_1879,payment
a2d2d9cf-91fd-484f-9df4-14e3a9098bd7,USER_002,17/9/2023 18:08,Wallet Top-up,Maybank2u Top-up,97.22,Successful,TOPUP,topup
7434ff3c-6345-4b61-b3f0-1763c61f3d1d,USER_002,17/9/2023 18:40,Public Transport,Go KL City Bus,5.77,Successful,MERCH_TRNS_7253,payment
3cfbe2cd-8fd1-4583-836d-7f81048bff5e,USER_002,18/9/2023 18:35,Education,Udemy Malaysia,248.31,Successful,MERCH_EDU_3250,payment
ba850a2a-5031-479e-9dc8-8251b0bf65c2,USER_002,19/9/2023 9:50,Wallet Top-up,Public Bank Top-up,64.32,Successful,TOPUP,topup
02281d67-4cf9-4b40-aca7-a02768361623,USER_002,19/9/2023 9:59,Food & Beverage,KFC Malaysia,29.95,Pending,MERCH_FNB_8988,payment
53d3816e-718d-4a59-a050-6e16156927e5,USER_002,19/9/2023 12:54,Mobile Recharge,Maxis Reload,28.08,Successful,MERCH_MBL_1077,payment
7d734e8d-71ff-4a15-9874-ab46162056fe,USER_002,20/9/2023 22:50,Gaming Credits,Steam Wallet,51.51,Successful,MERCH_GAM_3595,payment
fbf53637-7342-4c77-a5c7-56b1fcd6bd60,USER_002,21/9/2023 10:53,Public Transport,RapidKL Bus,6.7,Successful,MERCH_TRNS_8105,payment
b272f5f4-6ed5-4405-957f-9651303328f4,USER_002,21/9/2023 21:36,Wallet Top-up,Public Bank Top-up,50.47,Successful,TOPUP,topup
3bf2755e-85c9-4e2a-9330-62a61e3c1063,USER_002,22/9/2023 9:55,Movie Ticket,GSC Cinemas,33.68,Successful,MERCH_MOV_6279,payment
99e355fc-0d3e-4c93-996b-61ad1b2ee8a4,USER_002,22/9/2023 18:02,Highway Toll,PLUS Highway,4.67,Successful,MERCH_TOLL_5076,payment
88b2645a-bf75-4250-ad27-46694033d630,USER_002,23/9/2023 8:18,Mobile Recharge,Maxis Reload,30.13,Successful,MERCH_MBL_7284,payment
f15ed438-e78b-4433-8a4e-446136d75828,USER_002,25/9/2023 16:17,Public Transport,RapidKL LRT,9.54,Successful,MERCH_TRNS_5885,payment
6020ce8d-0a41-4c20-9261-fa883284d8cf,USER_002,25/9/2023 22:55,Online Shopping,PG Mall,228.16,Successful,MERCH_OSP_6535,payment
c7be9f13-8f78-4061-bb2b-636bc7e1dfc8,USER_002,27/9/2023 7:32,Public Transport,Rapid Penang Bus,7.75,Successful,MERCH_TRNS_6885,payment
61b80930-5b34-45c2-9405-cd7119a381a8,USER_002,27/9/2023 12:53,Parking,Secure Parking,6.11,Successful,MERCH_PRK_1313,payment
9e128e91-01cf-4c39-8dc3-c02f1eefaebb,USER_002,27/9/2023 15:19,Public Transport,Go KL City Bus,6.31,Successful,MERCH_TRNS_1359,payment
f6d12923-6b3d-4e59-8d49-49f291526411,USER_002,27/9/2023 21:54,Food Delivery,Grab Food,80.37,Successful,MERCH_FDL_7147,payment
fec18a7e-59c2-4282-b9d0-23016f904b8a,USER_002,28/9/2023 14:33,Online Shopping,Shopee,337.75,Successful,MERCH_OSP_1785,payment
c99fc1d6-6bf5-44ca-939b-96adf80e95bd,USER_002,28/9/2023 22:56,Highway Toll,MEX Highway,7.33,Successful,MERCH_TOLL_2897,payment
d5535105-ae35-41b4-9d25-1bf9912458be,USER_002,28/9/2023 23:56,Petrol,Caltex Malaysia,48.49,Successful,MERCH_PTR_3508,payment
33e2b622-30dc-4b5b-8dbd-3a47529e50c2,USER_002,29/9/2023 16:44,Highway Toll,KESAS Highway,10.77,Successful,MERCH_TOLL_2654,payment
96d498e0-bf31-4ded-a198-529a86fa9640,USER_002,29/9/2023 17:01,Streaming Service,Disney+ Hotstar,47.87,Successful,MERCH_STR_7862,payment
d37481c2-a7db-44ea-ad5e-6340ec772a96,USER_002,29/9/2023 19:16,Movie Ticket,GSC Cinemas,16.96,Successful,MERCH_MOV_5631,payment
a4104439-305f-4c34-8542-12d1be3b9bbc,USER_002,30/9/2023 6:50,Food & Beverage,Tealive,67.36,Failed,MERCH_FNB_5308,payment
5e0313e5-0ac8-471d-9c29-e8e6c2b7ddf9,USER_002,30/9/2023 8:05,Mobile Recharge,U Mobile Reload,16.41,Successful,MERCH_MBL_5839,payment
7e6d0557-7427-4649-acaa-f33afd399488,USER_002,30/9/2023 17:45,Parking,Secure Parking,6.22,Successful,MERCH_PRK_6416,payment
327a55c8-07ef-4e08-97da-69d66612a901,USER_002,1/10/23 9:51,Wallet Top-up,Debit Card Reload,94.81,Successful,TOPUP,topup
6e1c82ea-21cc-46e7-88b3-e3d389ca3a04,USER_002,2/10/23 6:41,Food Delivery,Grab Food,70.13,Successful,MERCH_FDL_9148,payment
a12afa88-57e1-4a9a-a782-cd454773c6e7,USER_002,3/10/23 21:20,Food Delivery,Grab Food,12.01,Successful,MERCH_FDL_9996,payment
80c39ae7-0ad5-42d6-b492-0e1585ce4599,USER_002,4/10/23 9:54,Streaming Service,iQIYI Malaysia,50.37,Successful,MERCH_STR_5990,payment
17b40185-9ea3-4e2c-b65f-688030d2dd5e,USER_002,4/10/23 19:58,Taxi / Ride-hailing,AirAsia Ride,26.89,Successful,MERCH_RDH_6584,payment
2a7d1814-3ccb-4f9f-97a5-9000e4262b9e,USER_002,5/10/23 11:21,Food & Beverage,Old Town White Coffee,47.01,Successful,MERCH_FNB_6439,payment
f1b895c5-fa04-46d0-93d1-63c95573eacb,USER_002,6/10/23 22:54,Online Shopping,Zalora Malaysia,74.73,Successful,MERCH_OSP_8414,payment
0f462c8b-79d9-4937-9b26-c956f87963f1,USER_002,8/10/23 23:41,Food & Beverage,PappaRich,67.24,Failed,MERCH_FNB_6818,payment
48fcd42e-8466-49ba-a396-ab93f2194fca,USER_002,9/10/23 20:03,Grocery Shopping,Village Grocer,25.76,Successful,MERCH_GRC_2741,payment
5a3dc85a-7b7c-4366-807e-9ae3f8f84b83,USER_002,11/10/23 11:07,Food & Beverage,Secret Recipe,24.07,Successful,MERCH_FNB_2752,payment
585ceda6-9151-45f2-bab6-a7ecb5dee679,USER_002,11/10/23 14:03,Public Transport,Rapid Penang Bus,5.11,Successful,MERCH_TRNS_4532,payment
680db301-9dbd-4939-9ce4-f2380f50b422,USER_002,11/10/23 22:33,Movie Ticket,GSC Cinemas,15.21,Successful,MERCH_MOV_7790,payment
7477aab2-4ec1-42c0-998e-84d573d4b268,USER_002,13/10/2023 13:05,Taxi / Ride-hailing,Grab Car,31.78,Successful,MERCH_RDH_8381,payment
a5d6bc0a-abb5-45fc-b831-d80d8f97feeb,USER_002,13/10/2023 17:39,Online Shopping,Amazon.com.my,274.57,Successful,MERCH_OSP_1071,payment
795e5d8c-070b-4359-bf14-dc5ed22bdd1b,USER_002,13/10/2023 20:17,Wallet Top-up,Debit Card Reload,98.29,Successful,TOPUP,topup
55b7a45b-243c-411a-a25e-cd4319389c84,USER_002,13/10/2023 21:51,Wallet Top-up,CIMB Clicks Top-up,119.18,Successful,TOPUP,topup
10eca07c-c1b1-45c6-9a17-b471737cb20f,USER_002,15/10/2023 7:04,Gaming Credits,Mobile Legends Diamonds,67.46,Successful,MERCH_GAM_7347,payment
cc11c169-3e3c-446b-b9df-9d3dd31ad658,USER_002,16/10/2023 9:56,Mobile Recharge,U Mobile Reload,49.18,Successful,MERCH_MBL_7859,payment
4f2782f7-4b31-49fa-b944-06518b3d6183,USER_002,16/10/2023 20:11,Gaming Credits,Free Fire Diamonds,96.54,Failed,MERCH_GAM_7518,payment
1416d783-425e-47f4-8c08-50d744e3c244,USER_002,19/10/2023 13:42,Food Delivery,Foodpanda,44.19,Successful,MERCH_FDL_3263,payment
2dad87f2-7aa4-4b82-b239-52a6b7b3fee0,USER_002,21/10/2023 11:07,Movie Ticket,MBO Cinemas,36.38,Successful,MERCH_MOV_9975,payment
0ac4529b-3bf8-400b-9381-d637789e5f4c,USER_002,21/10/2023 13:29,Wallet Top-up,Bank Transfer Top-up,71.73,Successful,TOPUP,topup
90e59613-1f99-41eb-b39e-084d1290983b,USER_002,21/10/2023 16:00,Movie Ticket,MBO Cinemas,39.51,Successful,MERCH_MOV_3173,payment
2b6deabb-c370-4c52-820d-03b6c29a6091,USER_002,22/10/2023 16:27,Wallet Top-up,Debit Card Reload,104.25,Successful,TOPUP,topup
36405308-ef74-4e91-bd45-d9f00a71a394,USER_002,22/10/2023 18:09,Movie Ticket,MBO Cinemas,29.15,Failed,MERCH_MOV_8870,payment
44ab3614-15d8-499b-836b-01b62da2c573,USER_002,22/10/2023 21:09,Movie Ticket,mmCineplexes,36.81,Successful,MERCH_MOV_5684,payment
de3e3c5b-b0cd-426a-bc02-658000a99cdc,USER_002,23/10/2023 7:54,Highway Toll,PLUS Highway,6.83,Successful,MERCH_TOLL_1414,payment
0c77df49-8924-4bcb-bca8-8e79fa9b7425,USER_002,23/10/2023 9:27,Public Transport,KTM Komuter,9.85,Successful,MERCH_TRNS_3636,payment
5a4d515b-bdb5-44ab-946c-a85e924d2b7a,USER_002,24/10/2023 9:57,Food & Beverage,McDonald's Malaysia,20.3,Successful,MERCH_FNB_5835,payment
d5e6706f-f235-4d45-b35b-9a483758b7c6,USER_002,24/10/2023 13:30,Mobile Recharge,U Mobile Reload,34.64,Successful,MERCH_MBL_2679,payment
99cc00f4-1593-4050-9223-77a75a9bf7bf,USER_002,25/10/2023 22:04,Electricity Bill,Tenaga Nasional (TNB),117.02,Successful,MERCH_UTL_7371,payment
1514cb1b-82ef-49ab-8654-9fa50c8be7c8,USER_002,27/10/2023 11:55,Gaming Credits,Free Fire Diamonds,93.02,Successful,MERCH_GAM_1769,payment
2d5487f0-53bf-4d70-a05b-cbdca9a3817b,USER_002,27/10/2023 23:57,Wallet Top-up,Bank Transfer Top-up,81.27,Successful,TOPUP,topup
0a87d941-b9d5-4480-92b1-337832ab31b0,USER_002,28/10/2023 10:30,Highway Toll,SPRINT Highway,10.19,Successful,MERCH_TOLL_4327,payment
e70b3084-fed4-4880-9c58-f2fc60e645c0,USER_002,28/10/2023 15:23,Education,Udemy Malaysia,195.88,Successful,MERCH_EDU_7025,payment
cf8cb9fa-258b-42a0-bb60-af1c26583230,USER_002,28/10/2023 21:55,Streaming Service,Disney+ Hotstar,31.8,Pending,MERCH_STR_5819,payment
ca25a404-e392-4166-bedd-ad08efcbf09c,USER_002,28/10/2023 22:49,Public Transport,MRT Putrajaya Line,2.07,Successful,MERCH_TRNS_9418,payment
6d3bc341-d639-4d9c-92af-ab82d9bdc63d,USER_002,29/10/2023 7:00,Grocery Shopping,Jaya Grocer,52.82,Successful,MERCH_GRC_3131,payment
bcfa0fe2-c867-47b4-b234-bde191e3e98c,USER_002,29/10/2023 8:23,Highway Toll,KESAS Highway,2.06,Successful,MERCH_TOLL_3536,payment
afe01447-f77a-4fd1-986e-aad122dbfaae,USER_002,29/10/2023 20:39,Streaming Service,iQIYI Malaysia,33.55,Successful,MERCH_STR_5934,payment
de6634dd-48d0-4532-b14d-b5b875ddf092,USER_002,30/10/2023 9:53,Mobile Recharge,Digi Prepaid,18.8,Successful,MERCH_MBL_9608,payment
357eec8c-0906-41cc-9702-97a9f553565b,USER_002,1/11/23 10:09,Wallet Top-up,Maybank2u Top-up,54.18,Successful,TOPUP,topup
d98df3e5-0548-4c53-95cd-f4d4ae4c57d5,USER_002,3/11/23 7:11,Food Delivery,Beep Delivery,35.77,Successful,MERCH_FDL_2394,payment
145a30e1-3a74-46d6-acf3-2eeb26fb1f3d,USER_002,3/11/23 9:10,Parking,JPA Parking,9.43,Successful,MERCH_PRK_4469,payment
067e3498-dfe5-4e2c-9e9f-4f4a91fab1f4,USER_002,3/11/23 10:01,Online Shopping,Lazada,125.98,Successful,MERCH_OSP_4014,payment
315e3d48-3670-46db-ae66-8191c68b7685,USER_002,3/11/23 12:42,Food & Beverage,Marrybrown,68.85,Successful,MERCH_FNB_1891,payment
4b9beeea-bef8-4709-922f-04ca32160b1c,USER_002,3/11/23 17:59,Wallet Top-up,Public Bank Top-up,114.47,Successful,TOPUP,topup
94add10c-7018-459f-8a8f-c38db06eccdc,USER_002,4/11/23 15:50,Taxi / Ride-hailing,MyCar Ride,18.27,Successful,MERCH_RDH_2608,payment
7bea8f9f-5f3a-47ac-90d8-d670bfa4fac6,USER_002,5/11/23 15:43,Wallet Top-up,RHB Online Top-up,62.82,Successful,TOPUP,topup
a600aed6-ec9b-4449-845c-437afa68ac76,USER_002,9/11/23 23:04,Public Transport,RapidKL Bus,9.1,Successful,MERCH_TRNS_2143,payment
9935b860-6eaf-4eb7-80ce-c789cfdf53bb,USER_002,10/11/23 8:18,Food Delivery,Beep Delivery,66.09,Successful,MERCH_FDL_6008,payment
3da869aa-8bef-4cc7-825f-961f46d22227,USER_002,10/11/23 12:20,Electricity Bill,Tenaga Nasional (TNB),100.47,Successful,MERCH_UTL_8017,payment
ee9484cc-22b0-420e-9f07-b9a4bd4c5c40,USER_002,10/11/23 12:48,Gaming Credits,Garena Shell,84.81,Successful,MERCH_GAM_5533,payment
309fa838-0e08-4735-81d2-b1e891a9a421,USER_002,12/11/23 13:56,Movie Ticket,Lotus's Cinema,25.58,Successful,MERCH_MOV_8583,payment
4e252fab-f16c-4868-ba7a-f38f1d0f380a,USER_002,12/11/23 20:15,Online Shopping,Shopee,329.86,Successful,MERCH_OSP_3879,payment
16e9e3d9-7b6e-410e-b2c2-a1070bdbe0a7,USER_002,13/11/2023 9:34,Grocery Shopping,Aeon,61.16,Successful,MERCH_GRC_9824,payment
0a1f26d0-3326-4488-bfff-3aa16d34afef,USER_002,13/11/2023 19:20,Streaming Service,Netflix Malaysia,48.67,Successful,MERCH_STR_1305,payment
83a12d9c-f9f9-4a65-9e9b-29eb7b97c48b,USER_002,13/11/2023 23:18,Gaming Credits,Steam Wallet,78.07,Successful,MERCH_GAM_7637,payment
9a1134d5-d922-4313-ad18-b911e64c6bcf,USER_002,14/11/2023 9:13,Public Transport,KTM Komuter,9.05,Successful,MERCH_TRNS_9904,payment
e416a935-8563-4059-97e3-3a11a06a75c9,USER_002,14/11/2023 18:28,Taxi / Ride-hailing,inDrive Malaysia,28.41,Successful,MERCH_RDH_6993,payment
6ee3baa8-b1bd-4b06-817a-8c3b36069170,USER_002,17/11/2023 17:32,Internet Bill,TIME Fibre,140.12,Successful,MERCH_INT_3193,payment
0d23dfa7-60dd-4dad-86a4-398448600e22,USER_002,17/11/2023 20:31,Food Delivery,Beep Delivery,63.69,Successful,MERCH_FDL_1173,payment
2ac4f9ae-9969-4029-b5ec-39232f9c7440,USER_002,17/11/2023 21:35,Gaming Credits,Steam Wallet,76.93,Successful,MERCH_GAM_3717,payment
321d3678-316e-40c1-8a63-8ddd831d785b,USER_002,18/11/2023 13:08,Food & Beverage,Marrybrown,75.44,Successful,MERCH_FNB_8921,payment
9923e681-c9c8-44fe-a7b8-dfb38eb09ce8,USER_002,18/11/2023 15:01,Gaming Credits,PUBG Mobile UC,30.11,Successful,MERCH_GAM_2029,payment
96ce6232-056c-4ea8-8494-06a1050bf4f8,USER_002,18/11/2023 23:00,Taxi / Ride-hailing,Maxim Malaysia,28.18,Successful,MERCH_RDH_6918,payment
0f8df73c-1e71-4976-a067-78ac5da295f8,USER_002,18/11/2023 23:25,Education,Coursera,51.81,Failed,MERCH_EDU_6309,payment
7284e66b-6e3b-433d-bf2c-9e41abd0612b,USER_002,19/11/2023 7:44,Streaming Service,Astro On-The-Go,37.26,Successful,MERCH_STR_5314,payment
8cec0397-8a42-4471-8c86-4950fb6a22ef,USER_002,21/11/2023 8:48,Food Delivery,AirAsia Food,57.84,Successful,MERCH_FDL_6985,payment
d0cfef0b-7455-4bed-bef4-4da24abf432c,USER_002,21/11/2023 13:02,Public Transport,KTM Komuter,9.75,Successful,MERCH_TRNS_7165,payment
2b174d11-9a47-41e1-a240-aac3e274905b,USER_002,22/11/2023 16:21,Food Delivery,Shopeefood,73.83,Successful,MERCH_FDL_8976,payment
bf3bac62-a26f-4eab-a34c-819c8a96855a,USER_002,23/11/2023 16:02,Highway Toll,LDP Toll,3.82,Successful,MERCH_TOLL_8207,payment
83e03d7e-b869-46ac-8a90-c0a49ea290be,USER_002,25/11/2023 6:07,Taxi / Ride-hailing,inDrive Malaysia,17.72,Successful,MERCH_RDH_3461,payment
10f4c92a-7070-4d4f-9487-7d2af35904f9,USER_002,25/11/2023 12:55,Movie Ticket,GSC Cinemas,24.78,Successful,MERCH_MOV_4773,payment
dd4788f1-7474-44ff-9d92-273b9e21ce3a,USER_002,26/11/2023 9:24,Public Transport,Go KL City Bus,5.31,Successful,MERCH_TRNS_8844,payment
8dbf4b46-1142-413b-a61c-1245a53d7ff6,USER_002,26/11/2023 22:10,Taxi / Ride-hailing,AirAsia Ride,20.67,Successful,MERCH_RDH_1367,payment
d74ec685-b43f-4bef-b18e-8809371a9ec8,USER_002,27/11/2023 6:30,Streaming Service,Disney+ Hotstar,14.55,Successful,MERCH_STR_9399,payment
8e6e7efb-b210-41d5-9803-e816c4f0f409,USER_002,27/11/2023 13:58,Public Transport,KTM Komuter,5.65,Successful,MERCH_TRNS_3949,payment
dd1ac196-bd6c-471e-adf2-3416be4e99f0,USER_002,27/11/2023 19:41,Wallet Top-up,Bank Transfer Top-up,51.86,Successful,TOPUP,topup
83f0c570-3e35-494a-a134-734072176937,USER_002,29/11/2023 16:24,Taxi / Ride-hailing,MyCar Ride,19.26,Successful,MERCH_RDH_2404,payment
ea6a4cf1-1c58-435f-98f6-6148069b89f3,USER_002,30/11/2023 17:00,Online Shopping,Amazon.com.my,125.29,Successful,MERCH_OSP_3794,payment
a80b732c-98de-47dd-b1cd-f8d794aa2332,USER_002,30/11/2023 20:24,Food & Beverage,Marrybrown,24.84,Successful,MERCH_FNB_9369,payment
edf67d02-28a0-47d5-a110-38308928aa77,USER_002,1/12/23 8:49,Wallet Top-up,CIMB Clicks Top-up,114.03,Successful,TOPUP,topup
5aa97b78-6a09-4e48-997a-e43fa24ce80e,USER_002,3/12/23 13:24,Food & Beverage,Gong Cha Malaysia,7.52,Successful,MERCH_FNB_4190,payment
7433b72a-b945-4b1f-b91a-fef7fa1d8503,USER_002,3/12/23 21:42,Online Shopping,Lazada,343.53,Successful,MERCH_OSP_3776,payment
f4130216-e2eb-4c40-88e1-439349405891,USER_002,4/12/23 22:00,Taxi / Ride-hailing,inDrive Malaysia,59.83,Successful,MERCH_RDH_2422,payment
a1d2986c-98cd-4ae3-860b-69eeb1bb20ba,USER_002,5/12/23 9:01,Mobile Recharge,U Mobile Reload,33.44,Successful,MERCH_MBL_7642,payment
1b05f9a0-b021-43c8-bb79-b8c95504702e,USER_002,5/12/23 19:41,Movie Ticket,GSC Cinemas,28.29,Successful,MERCH_MOV_2477,payment
cbcf3f14-f8a5-40dd-bc50-95b1fb23fa0b,USER_002,6/12/23 21:57,Petrol,Petron Malaysia,61.27,Successful,MERCH_PTR_6703,payment
e8f8e536-bfa6-4cbf-a46e-2220efa4d030,USER_002,7/12/23 6:45,Food & Beverage,Tealive,74.73,Successful,MERCH_FNB_8450,payment
b1f4a541-fdb2-48de-bae6-79f1de530b62,USER_002,9/12/23 13:23,Grocery Shopping,Tesco Malaysia,40.02,Successful,MERCH_GRC_9294,payment
92a1a110-f288-4de6-a7cb-436ebeb36a52,USER_002,9/12/23 14:54,Grocery Shopping,Mydin,239.83,Successful,MERCH_GRC_9409,payment
3e3e940d-8229-48e2-9165-b54ae6756178,USER_002,9/12/23 21:49,Gaming Credits,Steam Wallet,70.95,Failed,MERCH_GAM_5098,payment
3e826879-5a82-4b1e-8874-da3a2577b427,USER_002,11/12/23 19:23,Electricity Bill,Tenaga Nasional (TNB),290.7,Successful,MERCH_UTL_6565,payment
0ef1c455-7751-44ff-bf31-96e767d32c27,USER_002,12/12/23 7:44,Online Shopping,PG Mall,251.35,Successful,MERCH_OSP_1448,payment
5c46ac05-360d-42a8-a003-0fd736d1ffaa,USER_002,13/12/2023 10:54,Food Delivery,Foodpanda,74.41,Successful,MERCH_FDL_4767,payment
091e0840-fd17-440f-b56d-578414012cf4,USER_002,14/12/2023 13:51,Mobile Recharge,Yes 4G Reload,38.03,Successful,MERCH_MBL_1159,payment
4ef1f513-d60f-4895-b4db-fd7b0073a1cd,USER_002,14/12/2023 17:39,Grocery Shopping,Tesco Malaysia,32.87,Successful,MERCH_GRC_6603,payment
b981217a-287c-474d-b357-ab4227b67ede,USER_002,14/12/2023 23:50,Online Shopping,Zalora Malaysia,449.27,Successful,MERCH_OSP_4580,payment
5ac2ad67-d672-4790-b2e6-a3c5bf0c5f5e,USER_002,15/12/2023 11:06,Wallet Top-up,Bank Transfer Top-up,143.03,Successful,TOPUP,topup
6f7f1018-f29d-4119-bcf5-a1ea21786e20,USER_002,16/12/2023 11:23,Movie Ticket,TGV Cinemas,36.69,Successful,MERCH_MOV_4965,payment
47c613ee-61d6-4b10-9139-fb2be2c35342,USER_002,17/12/2023 15:45,Food & Beverage,Tealive,16.7,Successful,MERCH_FNB_6833,payment
87144ba5-f18c-4400-9a26-ac6fbac7f214,USER_002,17/12/2023 18:50,Wallet Top-up,Bank Transfer Top-up,145.58,Successful,TOPUP,topup
aa4c142e-4233-42c4-a9bd-b9da53e665d4,USER_002,17/12/2023 22:43,Highway Toll,NKVE Toll,13.37,Successful,MERCH_TOLL_1692,payment
b54db88f-e098-48fc-b35b-8831358d0403,USER_002,18/12/2023 21:16,Mobile Recharge,Yes 4G Reload,29.63,Failed,MERCH_MBL_5501,payment
0eb455d2-34f8-40e3-aa9e-c56abe48c9d0,USER_002,18/12/2023 22:48,Parking,JPA Parking,6,Successful,MERCH_PRK_7518,payment
21921e33-2ce7-4d70-b227-5358f8d4fc00,USER_002,19/12/2023 17:49,Public Transport,Rapid Penang Bus,9.46,Successful,MERCH_TRNS_8836,payment
ce957864-fccc-4533-854a-bb85f64642af,USER_002,20/12/2023 7:46,Mobile Recharge,Celcom Top-up,49.06,Successful,MERCH_MBL_8490,payment
25814eb5-f9c9-45a8-878c-7abbef05a0b0,USER_002,20/12/2023 7:56,Online Shopping,Shopee,343.57,Successful,MERCH_OSP_1193,payment
3284d56f-0f84-4411-a135-883598137d17,USER_002,20/12/2023 19:05,Public Transport,KTM Komuter,2.68,Successful,MERCH_TRNS_5254,payment
e499d3f5-976e-4882-9ced-10648e7715f7,USER_002,21/12/2023 12:44,Grocery Shopping,Village Grocer,58.22,Successful,MERCH_GRC_6995,payment
5c097a56-3846-49a3-8b5d-bd15039e79a6,USER_002,22/12/2023 7:10,Food Delivery,Shopeefood,78.64,Successful,MERCH_FDL_6981,payment
a9309c7a-8fc9-402b-98c3-e2bd58cf4ef2,USER_002,22/12/2023 9:47,Food & Beverage,Marrybrown,66.06,Successful,MERCH_FNB_4744,payment
16a25dc9-d4c5-4898-b46a-6ef5e39d9405,USER_002,22/12/2023 18:48,Gaming Credits,Steam Wallet,86.35,Successful,MERCH_GAM_8081,payment
5dc080f7-2f74-4a4f-9f98-f906a5549dc8,USER_002,26/12/2023 6:36,Gaming Credits,PUBG Mobile UC,81.54,Successful,MERCH_GAM_8749,payment
8c0b5fb7-6b69-45d7-a307-63c12aedeadb,USER_002,26/12/2023 9:27,Online Shopping,PG Mall,365.87,Successful,MERCH_OSP_9748,payment
06bb6ce2-85db-4ee5-9d04-f9ffcf7bec41,USER_002,26/12/2023 18:22,Grocery Shopping,99 Speedmart,38.26,Successful,MERCH_GRC_7527,payment
07b8b961-a56a-4067-bb80-c6b9f5b37493,USER_002,26/12/2023 23:39,Food & Beverage,Gong Cha Malaysia,67.92,Successful,MERCH_FNB_8807,payment
2361b597-34da-441c-b7d2-e9463736ced2,USER_002,27/12/2023 10:30,Movie Ticket,MBO Cinemas,23.37,Successful,MERCH_MOV_6914,payment
d9e3ce4a-af1c-42bb-b26e-3f46a4c61027,USER_002,27/12/2023 10:38,Gaming Credits,Free Fire Diamonds,44.12,Successful,MERCH_GAM_1324,payment
4da3fa84-cfa8-41ab-baf0-d74b09ba91b5,USER_002,29/12/2023 19:33,Taxi / Ride-hailing,Maxim Malaysia,38,Successful,MERCH_RDH_4259,payment
faa2b4f7-7b49-4afc-8907-13905622d334,USER_002,29/12/2023 23:26,Online Shopping,Zalora Malaysia,176.04,Successful,MERCH_OSP_6818,payment
e8ee8bb7-9078-487b-a92e-8a46766a0cec,USER_002,29/12/2023 23:52,Gaming Credits,Garena Shell,41.2,Successful,MERCH_GAM_2284,payment
5d99e874-63e8-4a6f-8580-42149c50abf0,USER_002,30/12/2023 8:18,Streaming Service,Disney+ Hotstar,39.87,Successful,MERCH_STR_3745,payment
ac18893b-4dfd-4ecd-a0f2-9eb76c213393,USER_002,30/12/2023 18:39,Food Delivery,Beep Delivery,78.21,Successful,MERCH_FDL_7631,payment
daf8d86a-5b26-416e-9f06-70e8697e1aa4,USER_002,30/12/2023 20:38,Food & Beverage,Tealive,28.77,Successful,MERCH_FNB_6136,payment
442790a2-6d71-40a3-b320-5ea65a137949,USER_002,31/12/2023 6:51,Grocery Shopping,Tesco Malaysia,223.61,Successful,MERCH_GRC_5444,payment
bdb00631-c302-4ddf-885f-e280d7ce5cd5,USER_002,1/1/24 8:00,Wallet Top-up,Public Bank Top-up,71.72,Successful,TOPUP,topup
499c76bf-b97c-4a47-b2b1-2f3bea96bee6,USER_002,1/1/24 10:03,Gaming Credits,Garena Shell,49.05,Successful,MERCH_GAM_7084,payment
a907aa83-6cfc-43f9-aef4-14fc55929ea4,USER_002,1/1/24 11:06,Mobile Recharge,Celcom Top-up,20.66,Successful,MERCH_MBL_1918,payment
4718e199-e839-4563-bd93-09900d57df69,USER_002,1/1/24 18:33,Petrol,Shell Malaysia,110.61,Successful,MERCH_PTR_4148,payment
90d018d0-841b-4d97-a178-fc91c287a8d3,USER_002,3/1/24 9:16,Food Delivery,Grab Food,88.02,Successful,MERCH_FDL_2998,payment
fd527660-9e80-4522-a96b-7c1719a8032a,USER_002,5/1/24 8:41,Food Delivery,AirAsia Food,69.53,Successful,MERCH_FDL_5049,payment
d4b8fa23-34f8-4542-89af-858d446e7ea3,USER_002,5/1/24 10:33,Online Shopping,Shopee,339.68,Successful,MERCH_OSP_9538,payment
bb190286-18c6-4f00-b94f-2e866563f34d,USER_002,5/1/24 13:42,Food Delivery,Shopeefood,24.37,Successful,MERCH_FDL_6293,payment
be299555-02e3-4777-8ea5-2c0f00b21843,USER_002,6/1/24 6:02,Movie Ticket,mmCineplexes,17.18,Successful,MERCH_MOV_9534,payment
90b555fd-e179-43dc-87b2-13a03d98f151,USER_002,6/1/24 10:18,Grocery Shopping,Village Grocer,217.96,Successful,MERCH_GRC_1853,payment
7f599ea2-4a7f-4abb-98c8-ef3aaa829b43,USER_002,6/1/24 11:54,Public Transport,Go KL City Bus,3.92,Successful,MERCH_TRNS_8113,payment
49a9d401-7516-470d-b7fa-589736f7d9b2,USER_002,7/1/24 19:56,Grocery Shopping,Mydin,200.45,Successful,MERCH_GRC_7484,payment
6784b493-5d10-4ca3-8993-479813c05967,USER_002,8/1/24 14:05,Public Transport,Go KL City Bus,7.2,Successful,MERCH_TRNS_8786,payment
c1227000-5203-4fc1-b6e2-08b30e2503d0,USER_002,8/1/24 15:28,Gaming Credits,PUBG Mobile UC,52.49,Successful,MERCH_GAM_3583,payment
63a68b0d-5828-4659-b404-95fa3b69ff00,USER_002,9/1/24 10:45,Mobile Recharge,Maxis Reload,24.22,Successful,MERCH_MBL_1979,payment
e7e30f86-9eda-4a38-af97-a3b5ae5b73b4,USER_002,9/1/24 21:12,Online Shopping,Shopee,254.16,Successful,MERCH_OSP_3061,payment
f932f41d-688c-4557-b342-5c6c7d7dd655,USER_002,10/1/24 6:00,Petrol,BHP Petrol,95.99,Successful,MERCH_PTR_8187,payment
45dba677-1a83-4789-820d-3c3e786701b7,USER_002,10/1/24 6:49,Food Delivery,Foodpanda,82.1,Successful,MERCH_FDL_5107,payment
a1e29a2b-ee6b-42b0-a675-c97b443692b0,USER_002,12/1/24 16:55,Food Delivery,Shopeefood,66.37,Successful,MERCH_FDL_9892,payment
9a22c9d2-ce15-4f3c-9097-19b787258960,USER_002,12/1/24 19:16,Food & Beverage,PappaRich,59.93,Successful,MERCH_FNB_6303,payment
a7b67723-3184-4880-aa94-6599fbf0fda6,USER_002,12/1/24 21:34,Insurance,Takaful Malaysia,98.6,Successful,MERCH_INS_3627,payment
c54e7fc5-b5b5-4605-8941-23f9dd460c34,USER_002,13/1/2024 9:06,Grocery Shopping,Jaya Grocer,101.27,Successful,MERCH_GRC_9873,payment
f403aec7-8902-4501-b59f-148c01e906db,USER_002,14/1/2024 12:54,Streaming Service,viu,50.07,Successful,MERCH_STR_4039,payment
f0476b51-f3d7-4e34-8d4b-e1998c20e8db,USER_002,14/1/2024 18:15,Food Delivery,Beep Delivery,37.01,Successful,MERCH_FDL_4912,payment
b4ef8644-1db1-4af9-ac17-23e21931ae00,USER_002,15/1/2024 19:33,Wallet Top-up,Public Bank Top-up,68.99,Successful,TOPUP,topup
9a06dab3-a478-445d-891c-3e0da699dec2,USER_002,15/1/2024 23:59,Gaming Credits,PUBG Mobile UC,35.65,Successful,MERCH_GAM_5638,payment
d01319a4-19a5-429e-bbdc-3e293fc2443b,USER_002,16/1/2024 23:00,Public Transport,RapidKL Bus,1.39,Successful,MERCH_TRNS_2092,payment
aabe2f59-6a67-493d-80b3-049de197b783,USER_002,18/1/2024 11:37,Food & Beverage,McDonald's Malaysia,13.03,Successful,MERCH_FNB_4310,payment
dba19f82-0326-4742-b5c3-e3f4657e9ae1,USER_002,18/1/2024 20:08,Public Transport,Go KL City Bus,6.92,Successful,MERCH_TRNS_7366,payment
9640efd1-4fd9-4bdd-9ba3-faf0cda2eba8,USER_002,21/1/2024 13:33,Movie Ticket,MBO Cinemas,23.53,Successful,MERCH_MOV_1804,payment
a1838342-3a1a-47ed-b6be-e3551ac00503,USER_002,21/1/2024 20:39,Public Transport,MRT Putrajaya Line,9.36,Successful,MERCH_TRNS_9051,payment
57a77611-20b2-46f6-a396-e068054891e1,USER_002,21/1/2024 23:19,Online Shopping,Shopee,287.85,Failed,MERCH_OSP_6913,payment
107aaaee-bb70-4bdb-9b44-f2e0e93b0bfb,USER_002,23/1/2024 18:53,Food Delivery,Shopeefood,76.24,Successful,MERCH_FDL_1955,payment
8a1fb476-0073-4d1b-b045-7d3edb96a5ed,USER_002,24/1/2024 6:14,Public Transport,RapidKL LRT,1.7,Successful,MERCH_TRNS_5979,payment
060aafb7-744f-447a-bdeb-277eab2900a4,USER_002,24/1/2024 22:28,Online Shopping,Shopee,275.2,Successful,MERCH_OSP_4784,payment
0c7019ad-a15c-4c93-8d79-05f9c1519c10,USER_002,24/1/2024 23:51,Online Shopping,Lazada,288.04,Successful,MERCH_OSP_3931,payment
f470fb26-5b3b-4465-899f-80808c4279fd,USER_002,26/1/2024 6:35,Movie Ticket,mmCineplexes,31.54,Successful,MERCH_MOV_6864,payment
b6d22aa0-7d93-475d-9992-1b235b77fe03,USER_002,26/1/2024 8:28,Food Delivery,Grab Food,73.81,Successful,MERCH_FDL_3733,payment
7a26ba76-e990-4c71-b288-80dcd9a31933,USER_002,26/1/2024 14:18,Online Shopping,Lazada,499.25,Successful,MERCH_OSP_9747,payment
446bb8fb-c9a5-4608-9725-91435b231171,USER_002,26/1/2024 15:38,Mobile Recharge,Digi Prepaid,43.79,Successful,MERCH_MBL_6319,payment
2d8c986d-8310-474d-a207-0b9a3a024bee,USER_002,27/1/2024 10:22,Streaming Service,Astro On-The-Go,36.61,Successful,MERCH_STR_4943,payment
28deded6-4dfd-4a66-ae02-af296118e08d,USER_002,29/1/2024 18:19,Gaming Credits,Free Fire Diamonds,96.36,Successful,MERCH_GAM_6898,payment
034a398f-1c43-42c7-b911-5911fd939da3,USER_002,30/1/2024 21:35,Food Delivery,Grab Food,58.47,Successful,MERCH_FDL_5660,payment
68f6584b-2ea6-47bf-9a6f-51a0188742b0,USER_002,30/1/2024 21:48,Wallet Top-up,RHB Online Top-up,50.66,Pending,TOPUP,topup
04cf1e6a-5f16-4ad5-824f-a8b7f821c01c,USER_002,31/1/2024 8:13,Food & Beverage,PappaRich,62.86,Failed,MERCH_FNB_1355,payment
d8728af0-59ae-4201-bf19-baf059c29cdf,USER_002,1/2/24 9:01,Wallet Top-up,RHB Online Top-up,70.9,Successful,TOPUP,topup
eb1e1c3f-4bc6-4416-b597-d37fe0c3580e,USER_002,2/2/24 13:39,Food & Beverage,Gong Cha Malaysia,41.23,Successful,MERCH_FNB_9991,payment
041c25f2-bcc4-4717-b274-f7b93cc2be3f,USER_002,2/2/24 16:22,Food & Beverage,McDonald's Malaysia,48.73,Successful,MERCH_FNB_7170,payment
6723b0e4-5389-4584-b570-0dd9e2af2ea7,USER_002,3/2/24 14:49,Public Transport,MRT Putrajaya Line,3.56,Successful,MERCH_TRNS_1984,payment
6948124e-d9ed-4f79-a11e-4a6a13f725ca,USER_002,5/2/24 8:07,Streaming Service,Netflix Malaysia,40.47,Successful,MERCH_STR_8617,payment
588ccce2-4ca6-4d5b-8d34-2c065cacc219,USER_002,5/2/24 10:21,Food Delivery,Shopeefood,79.41,Successful,MERCH_FDL_6901,payment
2e677825-a3ef-424e-8c82-f713b23c420a,USER_002,5/2/24 15:00,Education,iLearn,245.53,Successful,MERCH_EDU_4787,payment
5b30bd8f-aa6b-43da-8807-b4d1ce86a2f3,USER_002,6/2/24 17:39,Movie Ticket,MBO Cinemas,36.54,Successful,MERCH_MOV_8940,payment
0e907dcc-c358-4163-a5d4-813028edad62,USER_002,6/2/24 21:52,Food & Beverage,Old Town White Coffee,7.98,Successful,MERCH_FNB_1352,payment
94ec1ae8-79fe-43fb-b277-f1bd4e4fb311,USER_002,7/2/24 16:22,Grocery Shopping,Cold Storage,189.93,Successful,MERCH_GRC_7445,payment
6de5b3c9-cdf3-42e2-951e-cf870c9a62a3,USER_002,8/2/24 6:40,Taxi / Ride-hailing,MyCar Ride,20.28,Failed,MERCH_RDH_5953,payment
01ae1eb8-289e-456e-a3a9-64d5d677d9fe,USER_002,8/2/24 12:43,Online Shopping,Shopee,441.77,Successful,MERCH_OSP_5221,payment
7c6eb74d-e126-491b-940c-aa5b7c968f53,USER_002,8/2/24 13:16,Gaming Credits,Mobile Legends Diamonds,26.43,Successful,MERCH_GAM_5590,payment
2925c699-503b-41ad-8baf-dd19dc5545e9,USER_002,9/2/24 8:25,Food Delivery,Foodpanda,68.93,Successful,MERCH_FDL_2438,payment
98d060e2-dd21-4733-a6c0-4a18e52d0005,USER_002,9/2/24 17:56,Taxi / Ride-hailing,inDrive Malaysia,20.5,Successful,MERCH_RDH_7837,payment
1fd74653-7ee4-424a-abfa-f9be340e9cc6,USER_002,10/2/24 7:46,Wallet Top-up,Debit Card Reload,82.93,Successful,TOPUP,topup
0dd4f45f-a2fe-43b3-9638-5ab021f4e88c,USER_002,10/2/24 8:36,Food & Beverage,Marrybrown,56.3,Successful,MERCH_FNB_9869,payment
f0f38775-353a-47d7-90b5-19f640172f92,USER_002,11/2/24 8:07,Public Transport,Go KL City Bus,9.19,Successful,MERCH_TRNS_9582,payment
9146bb09-a996-4366-ae72-a7c0f0c9595d,USER_002,13/2/2024 12:35,Parking,Wilson Parking MY,7.71,Successful,MERCH_PRK_3589,payment
f8e7c629-8d7c-48e0-b05e-a3ad3bfe2c45,USER_002,14/2/2024 10:48,Wallet Top-up,Maybank2u Top-up,68.41,Successful,TOPUP,topup
63152338-5b30-4c5d-8f45-cd3bcd52128f,USER_002,14/2/2024 15:50,Food & Beverage,McDonald's Malaysia,71.01,Successful,MERCH_FNB_6221,payment
5e4f836c-b4bc-4aba-976e-bf684192cc28,USER_002,14/2/2024 19:23,Food Delivery,AirAsia Food,23.85,Successful,MERCH_FDL_5485,payment
6fb3c82b-8f49-4c3e-9629-78232601d3f4,USER_002,15/2/2024 7:59,Public Transport,RapidKL LRT,6.45,Successful,MERCH_TRNS_5372,payment
60f53782-2eea-486f-8196-c3fe544a230b,USER_002,15/2/2024 17:09,Streaming Service,Disney+ Hotstar,28.02,Successful,MERCH_STR_1427,payment
dd9e1593-4ffa-4169-909f-27ef03ce38ad,USER_002,16/2/2024 7:35,Online Shopping,PG Mall,361.77,Successful,MERCH_OSP_8680,payment
984d9dac-9287-4a11-8b38-fd43b7093651,USER_002,16/2/2024 23:12,Education,iLearn,59.39,Successful,MERCH_EDU_8763,payment
148a5763-26bf-4ee1-8674-ac2b687fb38d,USER_002,17/2/2024 7:20,Public Transport,RapidKL LRT,9.55,Successful,MERCH_TRNS_5421,payment
108d836c-f51f-4d5c-b15d-5943dbd9efee,USER_002,18/2/2024 22:35,Taxi / Ride-hailing,inDrive Malaysia,11.44,Successful,MERCH_RDH_4351,payment
55d62bfb-138a-40cf-b3b2-dbd97b46d3ad,USER_002,19/2/2024 10:06,Wallet Top-up,Debit Card Reload,98.99,Successful,TOPUP,topup
1cd62d86-2b6b-4e06-9448-dec3d6ae156d,USER_002,19/2/2024 10:20,Food Delivery,Foodpanda,43.58,Successful,MERCH_FDL_8005,payment
75af456b-dec6-4e06-bcb1-ca7f60fba483,USER_002,19/2/2024 12:46,Movie Ticket,Lotus's Cinema,24.25,Successful,MERCH_MOV_6126,payment
f768f780-e9ed-42d0-8483-06310d3ab8ad,USER_002,19/2/2024 18:05,Water Bill,SAMB Sabah,42.07,Successful,MERCH_WTR_9605,payment
27846f81-c9e2-44e0-8f08-dad8842a5f6f,USER_002,20/2/2024 22:05,Public Transport,RapidKL LRT,5.11,Successful,MERCH_TRNS_8399,payment
63a1575e-a3ae-4d47-91e5-a3a209899208,USER_002,21/2/2024 6:49,Education,Udemy Malaysia,147.87,Pending,MERCH_EDU_9498,payment
5c2e5881-5749-4695-a7fd-1b1e6c975afa,USER_002,21/2/2024 18:03,Public Transport,Rapid Penang Bus,7.89,Successful,MERCH_TRNS_9456,payment
b4e2dbb7-2acb-4804-b30d-6bd0666456f0,USER_002,22/2/2024 18:28,Food & Beverage,Old Town White Coffee,71.33,Successful,MERCH_FNB_7521,payment
f776eedb-eeeb-44eb-bafa-93837900fb30,USER_002,23/2/2024 9:19,Grocery Shopping,Aeon,84.19,Successful,MERCH_GRC_7921,payment
6e32c383-f749-42ac-baeb-d7c50ddffde0,USER_002,23/2/2024 9:38,Taxi / Ride-hailing,inDrive Malaysia,51.15,Successful,MERCH_RDH_8595,payment
80f7e9ba-eb3b-44b9-a25d-8784efbfaff5,USER_002,23/2/2024 13:09,Movie Ticket,GSC Cinemas,34.25,Successful,MERCH_MOV_3945,payment
af038de9-630e-444f-b986-b99ed1f73aa7,USER_002,24/2/2024 16:50,Movie Ticket,TGV Cinemas,24.75,Successful,MERCH_MOV_7440,payment
0dde9ae9-317f-4798-9073-e02868edf10a,USER_002,24/2/2024 22:15,Food & Beverage,Tealive,11.76,Successful,MERCH_FNB_8449,payment
030856e9-36df-4a9b-9a4c-d95e7bb2055e,USER_002,26/2/2024 20:39,Taxi / Ride-hailing,inDrive Malaysia,12.74,Successful,MERCH_RDH_3024,payment
24512d0e-3817-4d54-b4fd-7646701ac554,USER_002,27/2/2024 19:26,Streaming Service,Netflix Malaysia,42.68,Successful,MERCH_STR_9582,payment
c6beb479-4dad-4715-afe9-e07f106648f7,USER_002,28/2/2024 9:55,Wallet Top-up,Debit Card Reload,144.98,Successful,TOPUP,topup
5494f879-95d4-49ab-950b-2cf9fecf0587,USER_002,1/3/24 10:36,Wallet Top-up,Debit Card Reload,146.01,Successful,TOPUP,topup
1c99d6c4-4eb8-435f-889f-bc4255054ed5,USER_002,1/3/24 13:56,Food & Beverage,PappaRich,73.71,Successful,MERCH_FNB_8849,payment
7f32ea37-e7a7-48e1-bbbc-11d14eaefa01,USER_002,1/3/24 21:15,Taxi / Ride-hailing,AirAsia Ride,40.61,Successful,MERCH_RDH_3545,payment
e353853a-9fe9-47c5-9c06-2f482b7b47dd,USER_002,2/3/24 11:58,Online Shopping,Zalora Malaysia,396.31,Successful,MERCH_OSP_8577,payment
f7a4c60d-8380-47b7-9c38-39a2b5c0d637,USER_002,2/3/24 17:02,Movie Ticket,mmCineplexes,28.69,Successful,MERCH_MOV_5904,payment
52abdd20-5910-47a2-a092-b21f4440499b,USER_002,2/3/24 19:19,Petrol,Petronas Station,81.97,Successful,MERCH_PTR_4412,payment
848ca889-77a9-4fc7-816c-9b03b1a1f716,USER_002,3/3/24 7:06,Parking,JPA Parking,19.45,Successful,MERCH_PRK_2084,payment
97c6b433-2b2f-45c2-ac1f-480fe869f558,USER_002,3/3/24 15:19,Public Transport,Rapid Penang Bus,8.58,Successful,MERCH_TRNS_9753,payment
e7030908-2bcc-4934-92ef-8010deb3e31d,USER_002,3/3/24 15:20,Food Delivery,Beep Delivery,79.44,Successful,MERCH_FDL_2914,payment
f994e76b-b5c7-49ab-a1ab-c4de798110f6,USER_002,3/3/24 15:30,Movie Ticket,MBO Cinemas,21.06,Successful,MERCH_MOV_1518,payment
06305b29-2af3-40d6-aa84-6c7e3c0f3f79,USER_002,4/3/24 14:21,Education,SkillUp,212.31,Successful,MERCH_EDU_8404,payment
065a3dcc-e791-4224-9bc8-cf182521eb68,USER_002,4/3/24 16:21,Online Shopping,Lazada,199.62,Successful,MERCH_OSP_2838,payment
f38908b9-4385-4d64-adca-1cfc2ff36eb2,USER_002,5/3/24 11:49,Food & Beverage,KFC Malaysia,42.95,Successful,MERCH_FNB_8270,payment
58f72c8b-6243-4b18-b4b4-d71ffa2ea71d,USER_002,6/3/24 9:57,Parking,Wilson Parking MY,8.12,Successful,MERCH_PRK_4116,payment
d9231b1d-24de-4241-ae4c-54a0ca14961c,USER_002,6/3/24 11:43,Education,SkillUp,60.67,Successful,MERCH_EDU_6363,payment
3878c4af-dd3d-46d9-9301-38200d1c9a2a,USER_002,6/3/24 13:45,Gaming Credits,Steam Wallet,24.49,Successful,MERCH_GAM_3174,payment
286fdef1-20ea-47c3-ad09-9f6823bb2d8a,USER_002,7/3/24 6:07,Food Delivery,Beep Delivery,12.32,Failed,MERCH_FDL_2897,payment
bd0b967b-614a-4fb6-aa1e-ba71229e3e79,USER_002,7/3/24 7:06,Taxi / Ride-hailing,Maxim Malaysia,25.33,Successful,MERCH_RDH_2426,payment
24cd389d-9553-450f-883d-4ac15ae80206,USER_002,7/3/24 7:11,Public Transport,Go KL City Bus,1.2,Successful,MERCH_TRNS_6119,payment
58f2ad57-a299-45f0-b59f-f86440762ee9,USER_002,7/3/24 15:16,Streaming Service,Disney+ Hotstar,21.34,Successful,MERCH_STR_6257,payment
07c674a9-3b18-4f71-a4db-f5df7265ea7c,USER_002,7/3/24 19:26,Online Shopping,Amazon.com.my,150.87,Successful,MERCH_OSP_2927,payment
ecd3832c-af60-449c-bb49-29ec66aecad5,USER_002,9/3/24 23:52,Public Transport,RapidKL Bus,1.92,Successful,MERCH_TRNS_9422,payment
a101a367-1d5b-4e5a-bbb0-0759b7aff353,USER_002,11/3/24 17:35,Petrol,BHP Petrol,114.9,Successful,MERCH_PTR_3319,payment
30f1716f-6d66-4f7d-9b61-11538417381d,USER_002,14/3/2024 22:13,Water Bill,Air Selangor,25.57,Successful,MERCH_WTR_2167,payment
9db1f12a-24d6-425f-b2b1-4c217690023b,USER_002,15/3/2024 8:38,Petrol,Petronas Station,32.61,Successful,MERCH_PTR_3131,payment
6db7b4ca-b22d-483d-8e8c-0622162eb5a3,USER_002,15/3/2024 9:47,Public Transport,Rapid Penang Bus,1.78,Successful,MERCH_TRNS_1881,payment
b17ddef8-ae8e-456b-90b7-7a14647ea21e,USER_002,16/3/2024 21:34,Movie Ticket,mmCineplexes,30.02,Successful,MERCH_MOV_8304,payment
06eec745-6aab-4921-85a4-63281a367650,USER_002,18/3/2024 16:49,Gaming Credits,Steam Wallet,97.5,Successful,MERCH_GAM_2286,payment
426cf2fb-a49d-47be-8d6e-270f563664fa,USER_002,19/3/2024 10:10,Online Shopping,Lazada,410.17,Successful,MERCH_OSP_2522,payment
c0338523-d2f9-4151-98af-7a3f4894546d,USER_002,19/3/2024 17:59,Online Shopping,Amazon.com.my,348.55,Successful,MERCH_OSP_6085,payment
547bcc56-712a-42f6-b330-6589a2a6a5e7,USER_002,19/3/2024 21:29,Online Shopping,Lazada,88.99,Successful,MERCH_OSP_4666,payment
3283730a-875e-4eef-9eec-ef9be60f197d,USER_002,20/3/2024 21:33,Food & Beverage,PappaRich,18.75,Successful,MERCH_FNB_7423,payment
159ea651-24ad-412e-882a-f65305090f83,USER_002,20/3/2024 23:11,Mobile Recharge,Digi Prepaid,29.5,Successful,MERCH_MBL_8426,payment
6aaef510-c99f-4071-a1a1-2b9d8a7b59ec,USER_002,21/3/2024 12:00,Public Transport,Rapid Penang Bus,8.61,Successful,MERCH_TRNS_8556,payment
13dea774-d494-454e-bb09-98f2afb54e94,USER_002,21/3/2024 21:31,Mobile Recharge,Yes 4G Reload,30.32,Successful,MERCH_MBL_3087,payment
af24f9fd-5a6c-4d7d-8a56-58bcf322ed39,USER_002,24/3/2024 15:27,Movie Ticket,GSC Cinemas,28.46,Successful,MERCH_MOV_6339,payment
22ec8fb7-3ad0-4f8f-ba62-d5501c58e030,USER_002,24/3/2024 17:59,Grocery Shopping,Cold Storage,153.78,Successful,MERCH_GRC_7566,payment
c86144cf-a251-46f6-96c4-570439188960,USER_002,24/3/2024 20:18,Food & Beverage,Marrybrown,33.79,Successful,MERCH_FNB_8903,payment
eccbfb30-7e49-4d11-a657-669a03bdd56b,USER_002,24/3/2024 22:05,Gaming Credits,Steam Wallet,79.51,Successful,MERCH_GAM_8063,payment
b7609e35-c72b-4993-83ea-ebfec6f884a7,USER_002,25/3/2024 14:00,Gaming Credits,Steam Wallet,21.44,Successful,MERCH_GAM_4869,payment
382dadad-34dc-4acf-9297-71041aead276,USER_002,25/3/2024 19:53,Movie Ticket,mmCineplexes,16.97,Successful,MERCH_MOV_8972,payment
cae29596-d9e7-402e-b8a9-8adf493b1c02,USER_002,27/3/2024 15:21,Mobile Recharge,Maxis Reload,17.05,Successful,MERCH_MBL_8294,payment
a17a7f0b-aa10-452f-91d4-e6b0eda8fdeb,USER_002,28/3/2024 7:42,Public Transport,RapidKL LRT,3.95,Successful,MERCH_TRNS_7208,payment
4c849d7c-0d6c-42da-9246-55ae2c64a9a8,USER_002,28/3/2024 16:16,Public Transport,MRT Putrajaya Line,8.99,Successful,MERCH_TRNS_3276,payment
bed014d8-5307-49c3-beb2-9d3aaf91cb75,USER_002,29/3/2024 18:52,Streaming Service,Netflix Malaysia,40.72,Successful,MERCH_STR_3403,payment
2401e9c0-a15a-439d-a8a2-e14784f92c85,USER_002,31/3/2024 12:00,Grocery Shopping,Cold Storage,63.33,Successful,MERCH_GRC_4205,payment
f6ad3df6-a73c-47b5-8e35-8b77e317b143,USER_002,1/4/24 10:18,Wallet Top-up,Bank Transfer Top-up,112.43,Successful,TOPUP,topup
d49260d8-8cd5-4d8d-8c64-2972d15b9014,USER_002,1/4/24 21:29,Public Transport,RapidKL Bus,8.66,Successful,MERCH_TRNS_2259,payment
2252d7ad-a7ce-429a-861f-8ee4d93261f4,USER_002,1/4/24 21:54,Public Transport,KTM Komuter,8.72,Successful,MERCH_TRNS_5509,payment
d5d16295-cb9f-490f-9480-2d512cb250b4,USER_002,1/4/24 22:25,Public Transport,MRT Putrajaya Line,6.93,Successful,MERCH_TRNS_3476,payment
66ff11d8-fc23-4e13-9aec-a0b49604d43b,USER_002,2/4/24 7:36,Food & Beverage,Tealive,18.56,Successful,MERCH_FNB_8944,payment
51eead2c-94fa-431b-a988-06e1771f973c,USER_002,3/4/24 13:30,Public Transport,RapidKL LRT,6.36,Successful,MERCH_TRNS_3376,payment
ba3963cf-34c7-4076-84fb-886e9a858667,USER_002,3/4/24 22:56,Insurance,Allianz Malaysia,144.25,Successful,MERCH_INS_7277,payment
4516d7e5-cf54-4e4c-b766-11f82ec07a86,USER_002,4/4/24 15:55,Streaming Service,Disney+ Hotstar,15.19,Successful,MERCH_STR_6653,payment
bdf70277-7b34-4d57-83f7-c9eab27fdf19,USER_002,5/4/24 8:08,Gaming Credits,Mobile Legends Diamonds,49.08,Successful,MERCH_GAM_3745,payment
13665882-c761-42df-ba17-2acdee0d11f7,USER_002,5/4/24 10:00,Online Shopping,PG Mall,202.3,Successful,MERCH_OSP_4828,payment
6823ccee-9cd1-4f21-9fdf-d69545f4a1cb,USER_002,5/4/24 15:03,Online Shopping,Lazada,437.73,Successful,MERCH_OSP_9690,payment
47e28809-aa46-4220-9e45-e8b8051437a9,USER_002,5/4/24 15:55,Wallet Top-up,Public Bank Top-up,88.2,Successful,TOPUP,topup
25695a05-b2cc-4458-9e19-040f6d4ee964,USER_002,7/4/24 11:30,Online Shopping,Shopee,460.5,Successful,MERCH_OSP_2595,payment
acec650d-6e7e-44f6-bdd0-551b65393879,USER_002,7/4/24 23:24,Wallet Top-up,Public Bank Top-up,111.05,Successful,TOPUP,topup
46b66a71-ce0e-4d9e-bbf2-032f2eedc83b,USER_002,8/4/24 11:27,Grocery Shopping,Jaya Grocer,203.54,Successful,MERCH_GRC_5375,payment
f71dae06-5911-4860-ad4b-8219605b40de,USER_002,8/4/24 19:44,Internet Bill,Celcom Home,169.77,Successful,MERCH_INT_4961,payment
b85697b3-0462-4c07-aaaf-06e0f31a1b55,USER_002,8/4/24 22:17,Food & Beverage,PappaRich,28.5,Successful,MERCH_FNB_3947,payment
1cf9857d-709c-438f-a111-8df353036856,USER_002,10/4/24 15:10,Highway Toll,PLUS Highway,7.26,Successful,MERCH_TOLL_1195,payment
363d410e-c99a-4e9b-a561-d6693bf1ede1,USER_002,11/4/24 19:22,Taxi / Ride-hailing,MyCar Ride,45.71,Successful,MERCH_RDH_4594,payment
8c643396-7ffa-4128-afe4-b0c745ee4a06,USER_002,13/4/2024 16:45,Public Transport,RapidKL Bus,1.51,Successful,MERCH_TRNS_2506,payment
98739961-0da1-4255-8a08-67a5e2697615,USER_002,13/4/2024 18:27,Education,Udemy Malaysia,185.48,Successful,MERCH_EDU_2995,payment
3e9ff99a-d108-4d45-967f-9f9bf7916361,USER_002,14/4/2024 17:05,Education,Udemy Malaysia,174.06,Successful,MERCH_EDU_7159,payment
8e17ee05-2d3a-4cd2-994b-e2d17d2b5c10,USER_002,15/4/2024 22:27,Electricity Bill,Tenaga Nasional (TNB),226.96,Successful,MERCH_UTL_2816,payment
6deaaf2e-eb11-41d8-bd66-69c0ff789692,USER_002,16/4/2024 8:09,Online Shopping,Shopee,462.89,Successful,MERCH_OSP_8429,payment
957462a2-8ac2-44b1-a30d-a1ba1f63a065,USER_002,16/4/2024 11:36,Food Delivery,Shopeefood,24.63,Successful,MERCH_FDL_5216,payment
2f99a3d3-c0e1-4ff9-97c9-dc7cf5566150,USER_002,18/4/2024 15:39,Gaming Credits,Garena Shell,36.6,Successful,MERCH_GAM_7366,payment
6fc2b526-df93-4629-9cd3-34e1b24ed8ac,USER_002,19/4/2024 14:03,Wallet Top-up,RHB Online Top-up,67.79,Successful,TOPUP,topup
ac13b8f8-b221-485e-a8b3-6824ad0eaa0f,USER_002,19/4/2024 15:58,Wallet Top-up,CIMB Clicks Top-up,111.03,Successful,TOPUP,topup
8f21abb8-fdaf-4549-b6de-68bd94ba51dd,USER_002,21/4/2024 6:09,Online Shopping,Lazada,388.98,Successful,MERCH_OSP_9857,payment
d30ff13f-b494-465a-b96c-4e076a154137,USER_002,23/4/2024 15:46,Taxi / Ride-hailing,AirAsia Ride,13.37,Successful,MERCH_RDH_5243,payment
cb211993-bb0f-46ce-ad50-ccc503e2210b,USER_002,23/4/2024 17:07,Water Bill,SATU Sdn Bhd,10.94,Successful,MERCH_WTR_8305,payment
1c99bce6-0356-4891-b24c-3070f1623b94,USER_002,23/4/2024 23:52,Taxi / Ride-hailing,Grab Car,42.56,Successful,MERCH_RDH_1619,payment
955c3f64-db29-47e8-b3e9-85154f66f8c7,USER_002,24/4/2024 8:43,Movie Ticket,Lotus's Cinema,27.4,Successful,MERCH_MOV_1060,payment
6c300923-92d9-4234-9c23-7a24b234e91d,USER_002,24/4/2024 22:54,Online Shopping,Amazon.com.my,425.14,Successful,MERCH_OSP_7617,payment
98951d84-c7ac-4ed4-97c3-2c78bf4df809,USER_002,25/4/2024 14:29,Gaming Credits,Steam Wallet,5.31,Failed,MERCH_GAM_4700,payment
67b51996-16de-419d-b59c-70e46a0bfe9d,USER_002,26/4/2024 19:55,Gaming Credits,Garena Shell,58.89,Successful,MERCH_GAM_2985,payment
3b1813a2-c505-47c6-b264-62f544f4313e,USER_002,27/4/2024 20:24,Mobile Recharge,Digi Prepaid,12.21,Pending,MERCH_MBL_7563,payment
9c8df4c5-7f15-4845-9129-42751b258314,USER_002,29/4/2024 16:34,Taxi / Ride-hailing,MyCar Ride,52.37,Successful,MERCH_RDH_9759,payment
53be2954-e065-47a0-8e8f-13103fae460a,USER_002,29/4/2024 19:39,Education,SkillUp,68.03,Successful,MERCH_EDU_4327,payment
9d92f156-e42a-4446-9a93-08a8f185c49a,USER_002,29/4/2024 21:36,Food Delivery,Foodpanda,66.28,Successful,MERCH_FDL_5896,payment
b2713a24-d66f-40dc-b027-16d84ab8d2d4,USER_002,29/4/2024 21:42,Streaming Service,Astro On-The-Go,16.47,Successful,MERCH_STR_8970,payment
5f61a648-1228-4598-bf27-c13df70d29c3,USER_002,29/4/2024 23:03,Movie Ticket,TGV Cinemas,19.02,Successful,MERCH_MOV_1584,payment
0bc36d4d-ed23-46a7-bfed-83b22b836ab6,USER_002,30/4/2024 17:53,Streaming Service,viu,15.55,Successful,MERCH_STR_7369,payment
b9ad6a25-c64f-40f5-8f9c-10ebd3023906,USER_002,30/4/2024 23:36,Grocery Shopping,Cold Storage,23.71,Successful,MERCH_GRC_1268,payment
fb40ee44-0139-4f11-82fe-d03000470ded,USER_003,1/8/23 8:42,Wallet Top-up,Maybank2u Top-up,216.21,Successful,TOPUP,topup
4ecf628b-5007-4fde-92a8-1a69ebee896f,USER_003,1/8/23 11:59,Food & Beverage,Gong Cha Malaysia,51.26,Successful,MERCH_FNB_6477,payment
336985e4-33ad-447d-a19b-8d8aeccebb3d,USER_003,1/8/23 21:05,Online Shopping,Shopee,463.93,Successful,MERCH_OSP_1859,payment
88e41615-bbe3-4a07-9521-36773c814fb8,USER_003,1/8/23 21:58,Movie Ticket,Lotus's Cinema,17.02,Successful,MERCH_MOV_9436,payment
9d4c1c18-0566-4efe-b502-39e2a89d8550,USER_003,1/8/23 23:15,Streaming Service,iQIYI Malaysia,30.54,Successful,MERCH_STR_6340,payment
22c6e24c-d72e-4893-9729-55df8bc0c1c2,USER_003,2/8/23 10:31,Parking,Wilson Parking MY,7.87,Successful,MERCH_PRK_2804,payment
20c95fca-0903-47ba-ac64-6c19664ac855,USER_003,2/8/23 11:45,Streaming Service,Disney+ Hotstar,50.43,Successful,MERCH_STR_7152,payment
df9efd57-65fc-4124-8aa4-b6b60834071c,USER_003,4/8/23 9:31,Petrol,Petronas Station,43.04,Successful,MERCH_PTR_8141,payment
f90833ae-63f7-407a-9a3c-575d00eff530,USER_003,4/8/23 14:09,Online Shopping,Amazon.com.my,85.47,Successful,MERCH_OSP_7119,payment
997d0776-7de7-4d3f-85cb-fab32d33b654,USER_003,4/8/23 22:06,Electricity Bill,Tenaga Nasional (TNB),140.61,Successful,MERCH_UTL_4313,payment
5246c2e8-a5c1-45c3-8ac1-83f83bd25a8f,USER_003,6/8/23 8:52,Petrol,BHP Petrol,40,Successful,MERCH_PTR_3236,payment
f33846f6-6d48-4e3d-9298-d20a125a6165,USER_003,7/8/23 9:50,Food Delivery,Shopeefood,81.14,Successful,MERCH_FDL_4602,payment
46f2bae1-379c-4755-af78-a7c8772a257c,USER_003,7/8/23 10:40,Movie Ticket,mmCineplexes,29.03,Successful,MERCH_MOV_3784,payment
e68ebab2-446b-4d1c-9737-48e858b1e5f7,USER_003,7/8/23 19:21,Food & Beverage,Secret Recipe,41.69,Pending,MERCH_FNB_9548,payment
0f6f20b0-d21e-4777-9e83-574321c99a95,USER_003,12/8/23 23:32,Petrol,Caltex Malaysia,31.31,Successful,MERCH_PTR_5573,payment
c0bd7d59-8948-4729-a680-497675093bf9,USER_003,13/8/2023 9:13,Education,Udemy Malaysia,124.97,Successful,MERCH_EDU_6362,payment
65dfe4e0-6daf-4b85-a03b-c2c5430f30fc,USER_003,14/8/2023 11:44,Parking,Wilson Parking MY,9.52,Successful,MERCH_PRK_1083,payment
d7a27472-013a-4d05-81fb-9804fc8319f5,USER_003,15/8/2023 12:17,Wallet Top-up,Bank Transfer Top-up,430.58,Successful,TOPUP,topup
7cea9cba-d16b-44eb-b504-a0e4e8cc7249,USER_003,17/8/2023 20:26,Petrol,Caltex Malaysia,70.72,Successful,MERCH_PTR_2605,payment
68c73628-0629-461d-a97d-3296d447f464,USER_003,18/8/2023 11:28,Petrol,Petronas Station,115.49,Successful,MERCH_PTR_7662,payment
e785c1a4-53d7-4d82-a80b-c27f582910c0,USER_003,19/8/2023 11:21,Grocery Shopping,Mydin,127.75,Successful,MERCH_GRC_1260,payment
238f2297-79f0-4bdb-92be-a717ea38d711,USER_003,19/8/2023 13:59,Internet Bill,Digi Home,196.41,Successful,MERCH_INT_1399,payment
9f5dd050-6dbf-4a34-a055-a5fa0957e8e5,USER_003,20/8/2023 7:15,Food & Beverage,Secret Recipe,64.24,Successful,MERCH_FNB_4030,payment
889117b9-0d7f-4402-b540-df9f8c0339c1,USER_003,20/8/2023 8:40,Online Shopping,Shopee,204.74,Successful,MERCH_OSP_2158,payment
bb55c7eb-f515-4247-a7bb-debd946ae237,USER_003,21/8/2023 7:57,Petrol,BHP Petrol,97.76,Successful,MERCH_PTR_7977,payment
957e9985-1cb4-432a-a464-8be4cac2ac76,USER_003,21/8/2023 10:00,Petrol,Petron Malaysia,100.89,Successful,MERCH_PTR_4393,payment
ea9ac208-43dc-47f9-961c-ace11ea499fd,USER_003,21/8/2023 22:29,Education,Coursera,237.92,Successful,MERCH_EDU_9433,payment
43e16d1c-a989-4bba-b8e0-c737e1f528ed,USER_003,22/8/2023 21:31,Education,Coursera,109.8,Successful,MERCH_EDU_7274,payment
ea14b165-f3c1-4998-9cd2-c374f0658ecf,USER_003,22/8/2023 23:08,Mobile Recharge,Celcom Top-up,32.43,Successful,MERCH_MBL_2097,payment
b2de06d4-e200-4af3-906b-84c14a21b9ac,USER_003,23/8/2023 15:26,Food & Beverage,PappaRich,45.47,Successful,MERCH_FNB_4909,payment
df851210-4282-4510-a9da-fe880638d7a6,USER_003,26/8/2023 13:04,Streaming Service,iQIYI Malaysia,44.61,Successful,MERCH_STR_4437,payment
39adbcd9-cea1-44c7-a989-885bd22f6a4a,USER_003,26/8/2023 15:22,Grocery Shopping,Jaya Grocer,174.85,Successful,MERCH_GRC_9250,payment
7b8a7aaa-4cd7-4d6b-9387-8135f910039c,USER_003,26/8/2023 18:49,Highway Toll,SPRINT Highway,8.31,Successful,MERCH_TOLL_8412,payment
91af3479-2b86-4504-952b-c352112eea97,USER_003,26/8/2023 21:44,Public Transport,Go KL City Bus,7.1,Successful,MERCH_TRNS_9714,payment
331a0ada-9534-4833-9084-795c500effa1,USER_003,27/8/2023 9:29,Grocery Shopping,Village Grocer,59.26,Successful,MERCH_GRC_2075,payment
28a5a7b0-f3bd-48f6-b9e6-983f2385167b,USER_003,27/8/2023 12:48,Highway Toll,KESAS Highway,5.54,Successful,MERCH_TOLL_3929,payment
248476b3-6266-45d1-85a1-f10422c54d68,USER_003,27/8/2023 18:20,Public Transport,KTM Komuter,7.27,Successful,MERCH_TRNS_2835,payment
44c66aae-71ee-430c-a03f-982f53d53168,USER_003,28/8/2023 23:09,Education,Udacity,93.79,Failed,MERCH_EDU_1371,payment
5de8fdc8-f55d-4c69-addb-64c303a03256,USER_003,30/8/2023 7:08,Petrol,Shell Malaysia,61.2,Successful,MERCH_PTR_8764,payment
598df0e7-2e71-4d83-b03d-c2d346fed9f1,USER_003,31/8/2023 11:39,Electricity Bill,Tenaga Nasional (TNB),75.11,Successful,MERCH_UTL_4097,payment
9f84016d-2f9f-4151-911f-f38657013452,USER_003,1/9/23 9:18,Wallet Top-up,CIMB Clicks Top-up,441.7,Pending,TOPUP,topup
06fdce19-7c45-4a55-9563-1a3aa03cad19,USER_003,1/9/23 18:39,Food Delivery,AirAsia Food,77.17,Successful,MERCH_FDL_3286,payment
f44fac58-e653-43af-8b4b-cfbaea8152cd,USER_003,1/9/23 18:59,Food & Beverage,Gong Cha Malaysia,79.13,Successful,MERCH_FNB_8776,payment
7065b208-16df-4e87-82a4-0056a137bc08,USER_003,2/9/23 16:22,Grocery Shopping,Tesco Malaysia,16.56,Successful,MERCH_GRC_2449,payment
78527001-27fb-4f7e-9abc-3898a50c15bc,USER_003,3/9/23 23:54,Grocery Shopping,Aeon,181.91,Successful,MERCH_GRC_8571,payment
d64ba438-21ba-41b7-b96e-1e80d513aa07,USER_003,4/9/23 7:20,Food & Beverage,Marrybrown,26.71,Successful,MERCH_FNB_7254,payment
bd609d5d-f4b8-422d-a4e7-31b4dcedcb56,USER_003,4/9/23 21:57,Insurance,Great Eastern,213.41,Successful,MERCH_INS_5979,payment
be579acc-f04c-4d34-b675-e9add1011a61,USER_003,5/9/23 15:10,Food & Beverage,McDonald's Malaysia,24.7,Failed,MERCH_FNB_3523,payment
4a6e0fe6-311b-48d2-8676-6c324ba7ba88,USER_003,5/9/23 20:16,Insurance,Allianz Malaysia,256.53,Successful,MERCH_INS_3034,payment
b7ea9966-7938-4888-b1de-3f3e3cc9a6ba,USER_003,5/9/23 23:07,Food Delivery,AirAsia Food,14.22,Successful,MERCH_FDL_5009,payment
21ec181c-c9bc-4141-94bc-0b48d66af16d,USER_003,6/9/23 12:35,Online Shopping,Shopee,298.91,Successful,MERCH_OSP_6927,payment
42fb021e-408b-476f-a459-2250beb33fe0,USER_003,7/9/23 21:20,Education,iLearn,111.48,Successful,MERCH_EDU_2959,payment
b5f8fe7f-338f-414b-8566-57b4e793c3e2,USER_003,7/9/23 22:14,Highway Toll,SPRINT Highway,9.64,Successful,MERCH_TOLL_3668,payment
aa19f2c8-26ac-4e3a-b19f-761ddda0e5d8,USER_003,8/9/23 20:22,Online Shopping,Lazada,98.39,Successful,MERCH_OSP_6855,payment
a1f5e5df-b7cb-49d5-ad60-085bc2b719d0,USER_003,9/9/23 13:30,Food Delivery,Shopeefood,34.61,Successful,MERCH_FDL_1798,payment
5d3d736b-45aa-448d-a0c8-2d3d8ec00c01,USER_003,10/9/23 7:09,Parking,DBKL Parking,15.8,Successful,MERCH_PRK_4175,payment
838611af-d776-4e33-a4f3-a48389e59faf,USER_003,10/9/23 10:51,Highway Toll,LDP Toll,6.02,Successful,MERCH_TOLL_9908,payment
a748bd91-9953-4a1b-9204-de5bac817b41,USER_003,10/9/23 11:11,Insurance,Great Eastern,265.07,Successful,MERCH_INS_5447,payment
8a64ffb2-3f58-482a-bae5-758a7ce9175b,USER_003,10/9/23 20:10,Highway Toll,NKVE Toll,13.03,Successful,MERCH_TOLL_6761,payment
f1054f15-caa5-4cfd-b90b-5c44244d9aaf,USER_003,11/9/23 7:38,Online Shopping,Zalora Malaysia,217.76,Failed,MERCH_OSP_8944,payment
5d171fd6-1467-4d60-bfe1-99b20880059b,USER_003,11/9/23 10:00,Food & Beverage,Tealive,42.75,Successful,MERCH_FNB_3532,payment
691db021-9280-436b-90a7-e0416e57857c,USER_003,12/9/23 6:18,Movie Ticket,mmCineplexes,36,Successful,MERCH_MOV_9612,payment
9d7aa2e5-c65d-4f39-810d-9deca6c2ab8b,USER_003,12/9/23 15:28,Internet Bill,Unifi TM,139.65,Successful,MERCH_INT_7837,payment
9cb414b8-a267-40a2-8d3a-379c9d6c38bd,USER_003,12/9/23 20:34,Gaming Credits,Mobile Legends Diamonds,38.08,Successful,MERCH_GAM_8856,payment
61f81d39-a256-4fff-b5e9-4b8ab79e18b3,USER_003,14/9/2023 16:41,Food & Beverage,Old Town White Coffee,62.27,Successful,MERCH_FNB_9570,payment
8042aa06-c1dc-46ad-8df0-83f6b7bfd84b,USER_003,15/9/2023 20:19,Internet Bill,Unifi TM,113.46,Successful,MERCH_INT_2943,payment
1ac393e0-8b8e-483b-93a2-22c0bdb3ea39,USER_003,18/9/2023 8:13,Food & Beverage,Tealive,14.4,Successful,MERCH_FNB_6036,payment
df578887-64b4-465f-a4ea-22a636ad51a4,USER_003,18/9/2023 15:07,Highway Toll,MEX Highway,2.59,Successful,MERCH_TOLL_2830,payment
6e13c90d-f298-4907-afe3-8bcc0df5f70d,USER_003,18/9/2023 22:21,Taxi / Ride-hailing,Grab Car,13.61,Successful,MERCH_RDH_4217,payment
21c55025-309d-436c-b118-05477f099f80,USER_003,20/9/2023 22:03,Online Shopping,Shopee,77.08,Successful,MERCH_OSP_8685,payment
1f0bd93f-f85c-4a97-bc98-787d0e1828fe,USER_003,22/9/2023 8:32,Highway Toll,MEX Highway,12.06,Successful,MERCH_TOLL_1168,payment
2f94d096-dae9-4050-91f3-b36441789acc,USER_003,22/9/2023 17:25,Parking,Wilson Parking MY,5.33,Successful,MERCH_PRK_4277,payment
ea3186e6-0936-4f19-9460-51eb2e140448,USER_003,22/9/2023 22:53,Highway Toll,MEX Highway,14.78,Successful,MERCH_TOLL_5544,payment
703ef212-f43c-4667-a980-3263318cd181,USER_003,23/9/2023 10:10,Food & Beverage,Tealive,47.77,Successful,MERCH_FNB_9272,payment
139bda93-9e63-4cde-8a8a-148de6edc64f,USER_003,23/9/2023 15:30,Petrol,Petronas Station,49.53,Successful,MERCH_PTR_9664,payment
3e2b466a-03bc-4166-9114-54198dd353db,USER_003,23/9/2023 19:23,Grocery Shopping,99 Speedmart,232.19,Successful,MERCH_GRC_2616,payment
5db0df99-a3cd-409c-9db8-957364beed9d,USER_003,24/9/2023 20:21,Insurance,Allianz Malaysia,268.5,Successful,MERCH_INS_7004,payment
4d7d1fa9-2489-48f3-9ef4-2789b3a91a79,USER_003,25/9/2023 10:29,Water Bill,SYABAS,51.74,Pending,MERCH_WTR_3963,payment
a0cff323-fd35-4e73-8040-f1efa2542e5a,USER_003,26/9/2023 16:31,Food Delivery,Beep Delivery,43.79,Successful,MERCH_FDL_4728,payment
e89de724-a4ea-4799-b359-9fe177ef5918,USER_003,27/9/2023 22:41,Grocery Shopping,Cold Storage,137.14,Successful,MERCH_GRC_2807,payment
b3912582-cb03-4804-9f87-ef0fd2d1bffa,USER_003,29/9/2023 20:47,Mobile Recharge,Digi Prepaid,13.29,Successful,MERCH_MBL_1665,payment
8d13596f-05a5-4c89-9338-cf26e7598c07,USER_003,30/9/2023 11:45,Mobile Recharge,U Mobile Reload,37.48,Successful,MERCH_MBL_6111,payment
c0ab4b6b-ef8b-4084-9661-07cf400993ac,USER_003,30/9/2023 14:12,Food & Beverage,Secret Recipe,78.87,Successful,MERCH_FNB_5761,payment
c53e7190-80b8-4093-887e-cdcdaa558e76,USER_003,1/10/23 10:01,Wallet Top-up,Bank Transfer Top-up,302.38,Successful,TOPUP,topup
258c8964-8f06-4019-89e3-5776c2ceefec,USER_003,1/10/23 7:08,Grocery Shopping,Village Grocer,97.55,Successful,MERCH_GRC_7749,payment
37059bf4-506a-4266-b1b7-b3db1ab2b818,USER_003,1/10/23 9:47,Grocery Shopping,Jaya Grocer,228.94,Successful,MERCH_GRC_2391,payment
c1ed4b27-5a13-4e99-9722-ec28ae467441,USER_003,1/10/23 11:24,Grocery Shopping,Village Grocer,19.63,Successful,MERCH_GRC_3781,payment
c91d176c-97e7-4793-bfcd-92bd22b78634,USER_003,2/10/23 7:11,Online Shopping,Amazon.com.my,452.68,Successful,MERCH_OSP_9433,payment
328e087e-dc6f-489a-95bf-2273b0fa4045,USER_003,4/10/23 9:16,Internet Bill,Digi Home,197.43,Successful,MERCH_INT_1364,payment
c405a5c4-26f6-42ed-8e01-48faf5dc5f92,USER_003,4/10/23 11:04,Food Delivery,Beep Delivery,75.05,Successful,MERCH_FDL_2601,payment
7bb85d2d-9798-408d-9d8f-93a88315d8ba,USER_003,4/10/23 21:42,Water Bill,SATU Sdn Bhd,35.14,Successful,MERCH_WTR_9138,payment
b2915114-00cc-4df6-9872-0bcf07a43233,USER_003,6/10/23 6:43,Grocery Shopping,Jaya Grocer,242.82,Successful,MERCH_GRC_6952,payment
4345648f-7204-4f8c-99d4-0579bd589d64,USER_003,6/10/23 21:27,Electricity Bill,Tenaga Nasional (TNB),111.38,Successful,MERCH_UTL_9779,payment
4ab00cfa-e970-4f53-bbe6-798792939cbd,USER_003,7/10/23 16:12,Grocery Shopping,Tesco Malaysia,161.77,Failed,MERCH_GRC_4700,payment
97e096f8-e36c-477e-b750-cf2247cd54f9,USER_003,9/10/23 10:49,Internet Bill,Digi Home,154.11,Successful,MERCH_INT_2552,payment
2efdaee4-5a9d-40c2-9d55-30bb29cbb520,USER_003,9/10/23 14:48,Petrol,Petron Malaysia,68.44,Successful,MERCH_PTR_8786,payment
2e2dcd6f-76fc-46a2-a2a4-0b91f5336311,USER_003,9/10/23 23:21,Highway Toll,SPRINT Highway,12.76,Successful,MERCH_TOLL_9268,payment
93eb0661-6951-470e-98ea-120833d2b64e,USER_003,10/10/23 18:31,Petrol,Shell Malaysia,66.21,Successful,MERCH_PTR_7788,payment
668685ec-40f2-4f11-be69-5f222d35453f,USER_003,11/10/23 18:28,Online Shopping,PG Mall,442.83,Successful,MERCH_OSP_3958,payment
9af03d32-f3dc-4c91-af7c-c94e1090bb03,USER_003,12/10/23 15:20,Online Shopping,Lazada,122.22,Failed,MERCH_OSP_9178,payment
02d8e724-5120-4b25-b91f-d740aad813a2,USER_003,12/10/23 17:51,Streaming Service,viu,52.35,Successful,MERCH_STR_5389,payment
d0e13f62-11e8-4541-8ec3-13b0424ffcd8,USER_003,13/10/2023 18:44,Petrol,Caltex Malaysia,77,Successful,MERCH_PTR_1981,payment
25fdc0bc-a8c8-4c8e-989d-5e80efd88975,USER_003,16/10/2023 13:40,Food & Beverage,Marrybrown,68.31,Successful,MERCH_FNB_5919,payment
3cd20691-be65-4006-8e4c-8346cf7f72ea,USER_003,16/10/2023 18:39,Education,Coursera,215.96,Successful,MERCH_EDU_4335,payment
34696208-ded6-4d13-9b1c-0f30e56cf561,USER_003,16/10/2023 23:54,Grocery Shopping,Aeon,176.41,Successful,MERCH_GRC_5201,payment
798c6173-db38-453d-bbeb-40f05cf0a8c4,USER_003,17/10/2023 7:25,Grocery Shopping,Aeon,21.51,Successful,MERCH_GRC_4144,payment
2bae33c9-3d5a-482a-b6b2-cd6c1b5bd574,USER_003,17/10/2023 8:07,Grocery Shopping,Cold Storage,114.17,Successful,MERCH_GRC_8145,payment
9b72ec6f-f36b-451b-90b5-f30778ee1b39,USER_003,20/10/2023 9:48,Food & Beverage,Gong Cha Malaysia,7.19,Successful,MERCH_FNB_3235,payment
ee6f7c03-dfc7-4007-8bd6-2f5c8d55b369,USER_003,22/10/2023 9:25,Grocery Shopping,Aeon,241.49,Successful,MERCH_GRC_1691,payment
2762d2bf-f38b-4062-9ace-b66760bbf836,USER_003,22/10/2023 15:56,Highway Toll,PLUS Highway,9.92,Successful,MERCH_TOLL_6143,payment
54482b51-f343-4119-a31a-92d8d1680a8b,USER_003,22/10/2023 16:09,Parking,Secure Parking,14.09,Successful,MERCH_PRK_6954,payment
cace85dc-f33f-43e9-af51-0b1edcd2601b,USER_003,22/10/2023 18:31,Food Delivery,Foodpanda,20.73,Successful,MERCH_FDL_4867,payment
35a0fe0a-4ca0-439b-b124-10f203aceaa1,USER_003,22/10/2023 21:31,Parking,DBKL Parking,6.53,Successful,MERCH_PRK_9605,payment
af9f4494-5198-402f-8951-4aaab2b6e90d,USER_003,22/10/2023 22:49,Grocery Shopping,Mydin,92.38,Successful,MERCH_GRC_6134,payment
f0aa0fcd-8ed7-4983-8dba-0acfd758571e,USER_003,22/10/2023 23:36,Mobile Recharge,Celcom Top-up,18.72,Successful,MERCH_MBL_7928,payment
6bffe104-bd40-4646-ad67-4efbcc195c0c,USER_003,26/10/2023 18:22,Food & Beverage,Gong Cha Malaysia,35.63,Successful,MERCH_FNB_8200,payment
9ac254b4-ba28-49a8-8b97-68a279352acf,USER_003,26/10/2023 20:12,Highway Toll,NKVE Toll,11.29,Successful,MERCH_TOLL_7139,payment
bf9ddccb-1ab8-4779-ad09-a6825cce81a5,USER_003,27/10/2023 8:31,Petrol,Caltex Malaysia,116.7,Successful,MERCH_PTR_5036,payment
94dd2b9a-9a4a-47f1-97d8-44dd9c322d8b,USER_003,27/10/2023 19:46,Parking,JPA Parking,14.88,Successful,MERCH_PRK_8786,payment
5fd4f692-369c-47f6-87f4-cc25a8f6e0c4,USER_003,28/10/2023 18:07,Highway Toll,NKVE Toll,13.28,Successful,MERCH_TOLL_1570,payment
84c5afd7-12e0-4dd3-a4cd-f6018a76ead9,USER_003,28/10/2023 23:34,Wallet Top-up,Bank Transfer Top-up,475.24,Successful,TOPUP,topup
95e2cb85-acc4-4fea-9a4e-f45b720dbd6f,USER_003,29/10/2023 21:43,Grocery Shopping,Tesco Malaysia,165.15,Successful,MERCH_GRC_6067,payment
f3a7497a-72f5-44dd-8379-f59d8cd907e3,USER_003,30/10/2023 9:24,Parking,APCOA Parking,17.61,Successful,MERCH_PRK_9763,payment
5bc7d0cc-81fa-49f7-abf8-626f8c4e6720,USER_003,31/10/2023 7:27,Mobile Recharge,U Mobile Reload,22.04,Successful,MERCH_MBL_5186,payment
ed475e41-fb13-4eca-96ef-a3be813f148e,USER_003,1/11/23 10:41,Wallet Top-up,Public Bank Top-up,225.72,Successful,TOPUP,topup
03481def-a69f-4d1c-af4e-5b3391d086d1,USER_003,3/11/23 9:10,Education,iLearn,186.65,Successful,MERCH_EDU_4476,payment
1022a1ba-ba73-4759-b9b0-e90b203bbe15,USER_003,5/11/23 8:23,Streaming Service,Astro On-The-Go,16.91,Successful,MERCH_STR_2196,payment
350fb6ae-e365-4ded-8aad-2e9320420fda,USER_003,5/11/23 14:11,Grocery Shopping,Giant Hypermarket,228.43,Pending,MERCH_GRC_8715,payment
c0765404-511a-4cf1-b59d-dcb50c4bc907,USER_003,6/11/23 18:56,Parking,DBKL Parking,2.1,Successful,MERCH_PRK_1745,payment
1edd93ec-52f1-4d0a-9b37-58ee61f02b71,USER_003,6/11/23 20:40,Mobile Recharge,U Mobile Reload,15.29,Successful,MERCH_MBL_7076,payment
a04088d9-6c18-4408-8e07-5d49a260d186,USER_003,7/11/23 8:26,Highway Toll,LDP Toll,3.88,Successful,MERCH_TOLL_5264,payment
c53361a2-ebe8-4970-8ae3-204f1a656e70,USER_003,7/11/23 12:55,Grocery Shopping,Cold Storage,36.07,Successful,MERCH_GRC_3161,payment
c8b59020-1687-45fc-976a-17b7973822a0,USER_003,7/11/23 15:20,Food Delivery,Shopeefood,36.44,Pending,MERCH_FDL_2914,payment
9a3dbfff-1e8a-4c58-b2eb-8379b8f7b9db,USER_003,7/11/23 19:11,Online Shopping,Zalora Malaysia,464.59,Successful,MERCH_OSP_6907,payment
7ee05fff-80b4-484f-84be-af7a4249af32,USER_003,9/11/23 8:52,Education,Udacity,143.25,Successful,MERCH_EDU_5321,payment
78a11783-74ce-432f-bbb9-cb2f35fee9a8,USER_003,9/11/23 13:39,Food & Beverage,Old Town White Coffee,46.68,Successful,MERCH_FNB_3478,payment
cba365b7-ee68-4bc6-b2e1-4ad22c9a89b7,USER_003,10/11/23 12:55,Electricity Bill,Tenaga Nasional (TNB),105.34,Successful,MERCH_UTL_1871,payment
f0c10c40-e6b9-45ab-bde8-65e2ad97564e,USER_003,12/11/23 19:38,Food & Beverage,Old Town White Coffee,17.27,Successful,MERCH_FNB_5263,payment
fe047e71-e074-46a8-acf1-abcd8cfdf3cb,USER_003,15/11/2023 6:48,Public Transport,Rapid Penang Bus,4.97,Failed,MERCH_TRNS_1668,payment
921a47a5-1294-4eda-94e0-53379e6f8416,USER_003,15/11/2023 12:16,Petrol,Caltex Malaysia,40.12,Successful,MERCH_PTR_9077,payment
a490e5fd-ec2d-4950-ba24-5e6f03298abc,USER_003,15/11/2023 21:55,Food & Beverage,PappaRich,20.28,Successful,MERCH_FNB_2533,payment
ecdbc42c-24f1-4d10-84c1-c573e760f77c,USER_003,16/11/2023 9:14,Insurance,Takaful Malaysia,232.08,Successful,MERCH_INS_5469,payment
c222ae91-8ef3-4082-a7b7-1ec3bd968c79,USER_003,16/11/2023 18:08,Food & Beverage,McDonald's Malaysia,62.51,Successful,MERCH_FNB_9618,payment
97c8ae24-84db-4d09-8ebf-17cc06c0f602,USER_003,16/11/2023 21:47,Parking,Wilson Parking MY,14.18,Successful,MERCH_PRK_9161,payment
6c23f7a1-28ec-4c7f-92fd-9253c2249e4e,USER_003,17/11/2023 10:54,Highway Toll,MEX Highway,7.02,Successful,MERCH_TOLL_2998,payment
50df7290-bccd-4077-ad3f-7cb0d5b87e3e,USER_003,17/11/2023 19:49,Wallet Top-up,RHB Online Top-up,246.13,Successful,TOPUP,topup
188037d3-8529-4948-a7bf-66bb8025da95,USER_003,19/11/2023 9:00,Insurance,Allianz Malaysia,249.66,Successful,MERCH_INS_8439,payment
93ab9dcb-4f46-4259-ad58-22ed4e3f46af,USER_003,19/11/2023 16:51,Electricity Bill,Tenaga Nasional (TNB),217.48,Failed,MERCH_UTL_1718,payment
56a470d0-b244-4abc-b1e5-fff98d889cf5,USER_003,20/11/2023 19:38,Grocery Shopping,Aeon,217.87,Successful,MERCH_GRC_4463,payment
f019f1b2-f806-4c7b-8246-fcd9dbaacdfa,USER_003,21/11/2023 11:40,Grocery Shopping,99 Speedmart,143.58,Successful,MERCH_GRC_2158,payment
987fbbf7-b8a8-4773-a875-a82053540aae,USER_003,21/11/2023 13:58,Highway Toll,SPRINT Highway,4.86,Successful,MERCH_TOLL_3916,payment
49a28ca1-f20b-4c03-b656-8338043912a2,USER_003,22/11/2023 19:50,Food Delivery,Grab Food,24.71,Successful,MERCH_FDL_4411,payment
27ea714c-e47b-46c9-ba45-0e84b67834e4,USER_003,23/11/2023 14:32,Grocery Shopping,Aeon,85.16,Successful,MERCH_GRC_2975,payment
b16081ad-24f3-4d3a-a62e-aa2e97a56a1c,USER_003,26/11/2023 10:00,Streaming Service,Astro On-The-Go,28.02,Successful,MERCH_STR_3151,payment
37c7ef45-f998-4792-844b-b27975bbf47b,USER_003,26/11/2023 10:01,Mobile Recharge,Celcom Top-up,27.82,Successful,MERCH_MBL_9021,payment
dcb32cb9-f9a2-4f7d-b00e-52190f8df769,USER_003,26/11/2023 14:18,Grocery Shopping,Tesco Malaysia,192.78,Successful,MERCH_GRC_2478,payment
a98cddb1-1969-4151-adff-67c5bdd6fde2,USER_003,27/11/2023 13:01,Petrol,Caltex Malaysia,38.37,Successful,MERCH_PTR_7979,payment
5676901d-a7a9-4208-92ad-d09ed1a89d6d,USER_003,27/11/2023 15:46,Wallet Top-up,Bank Transfer Top-up,267.27,Successful,TOPUP,topup
6d828d77-1a14-4aea-ac57-3f7f843b1222,USER_003,27/11/2023 23:47,Food & Beverage,Old Town White Coffee,52.22,Successful,MERCH_FNB_9638,payment
92cf2b7d-1fb1-416e-aa6d-70a7fd0d2b15,USER_003,28/11/2023 11:03,Grocery Shopping,Tesco Malaysia,228.19,Successful,MERCH_GRC_2297,payment
757b3375-56aa-44cc-90ec-e496d7083542,USER_003,28/11/2023 12:38,Food & Beverage,Marrybrown,68.12,Successful,MERCH_FNB_5921,payment
a20bb237-6dc9-4e61-9eba-98ac40630bf6,USER_003,29/11/2023 9:52,Grocery Shopping,99 Speedmart,230.57,Successful,MERCH_GRC_2253,payment
6e50505d-7cce-44ee-8589-4689913f9c16,USER_003,29/11/2023 19:50,Online Shopping,Amazon.com.my,243.04,Successful,MERCH_OSP_2548,payment
7dc1af59-0c4d-4936-b98c-0c34cf5a4a46,USER_003,30/11/2023 13:23,Gaming Credits,Free Fire Diamonds,60.63,Successful,MERCH_GAM_5175,payment
1986fbea-54da-4864-b055-8b602a7f5eca,USER_003,30/11/2023 16:45,Highway Toll,MEX Highway,4.01,Successful,MERCH_TOLL_8583,payment
5d6f063d-b911-4b30-a4a1-826d2b093445,USER_003,30/11/2023 20:52,Food Delivery,Grab Food,80.39,Successful,MERCH_FDL_7819,payment
cefed7db-65cc-498a-9f09-732eb4667133,USER_003,30/11/2023 23:41,Petrol,Caltex Malaysia,86.14,Successful,MERCH_PTR_8371,payment
ed50cb17-404c-40cd-a849-32c64ee13b71,USER_003,1/12/23 10:31,Wallet Top-up,Maybank2u Top-up,438.04,Failed,TOPUP,topup
eebadef1-5fc6-4be8-a6bb-ed071a1cb3aa,USER_003,1/12/23 9:40,Online Shopping,Lazada,287.28,Pending,MERCH_OSP_4431,payment
bd9456e7-091c-4abc-8510-6b0c3a21debd,USER_003,1/12/23 11:18,Mobile Recharge,Digi Prepaid,37.08,Successful,MERCH_MBL_6849,payment
451d5222-b133-4915-8b55-4c8efd128fe3,USER_003,1/12/23 18:07,Insurance,Takaful Malaysia,297.84,Successful,MERCH_INS_1523,payment
cc0ecf3d-d624-43e1-a378-36b1b25877bd,USER_003,2/12/23 22:01,Public Transport,MRT Putrajaya Line,6.06,Successful,MERCH_TRNS_2977,payment
b67e5dcd-8151-4653-b84c-bf1e1399a4c0,USER_003,3/12/23 10:08,Wallet Top-up,RHB Online Top-up,430.81,Successful,TOPUP,topup
42ae821d-cc5f-42b0-a961-25d32d435d61,USER_003,4/12/23 19:34,Petrol,Shell Malaysia,84.39,Successful,MERCH_PTR_9444,payment
5a12926a-8a0f-497d-8f67-372a224a4e30,USER_003,4/12/23 21:39,Highway Toll,KESAS Highway,14.98,Successful,MERCH_TOLL_8489,payment
c6c7d2fe-d5c3-4372-9237-f51560488940,USER_003,5/12/23 11:12,Wallet Top-up,Debit Card Reload,382.9,Successful,TOPUP,topup
0f78eb25-9aef-4f90-b103-d47c046db10c,USER_003,6/12/23 21:29,Public Transport,RapidKL Bus,5.57,Successful,MERCH_TRNS_1687,payment
401966c0-f3f9-495b-b394-a34a1e94a18d,USER_003,7/12/23 9:52,Public Transport,MRT Putrajaya Line,2.41,Successful,MERCH_TRNS_6925,payment
501f2916-b50e-47df-948c-927e6a8071e7,USER_003,7/12/23 11:05,Food Delivery,Beep Delivery,69.14,Successful,MERCH_FDL_9165,payment
76b2d29d-3fcb-4638-adc4-ea4403e342d7,USER_003,7/12/23 15:36,Electricity Bill,Tenaga Nasional (TNB),89.52,Successful,MERCH_UTL_3257,payment
b329439c-e9a5-46a2-bf92-0321a85c0992,USER_003,7/12/23 21:22,Wallet Top-up,Maybank2u Top-up,273.59,Successful,TOPUP,topup
732cd30e-bd54-4fec-a72c-cf14f5a7bfb8,USER_003,7/12/23 21:41,Grocery Shopping,Aeon,77.51,Successful,MERCH_GRC_2396,payment
9d838c74-caad-4f4c-ac55-4df1b532f544,USER_003,8/12/23 22:14,Food Delivery,Foodpanda,70.75,Successful,MERCH_FDL_3483,payment
284bac2a-11a1-466a-b8ed-26fd36aee425,USER_003,9/12/23 19:56,Movie Ticket,TGV Cinemas,24.75,Successful,MERCH_MOV_8025,payment
bf8a2d34-a241-4f25-a1fb-05f57db3e23d,USER_003,10/12/23 8:42,Online Shopping,PG Mall,473,Successful,MERCH_OSP_6927,payment
c90a6ee2-f078-4bef-9d47-07fc96ce2eed,USER_003,10/12/23 18:26,Movie Ticket,mmCineplexes,16.2,Successful,MERCH_MOV_2140,payment
d8be29fd-c46a-4d60-a384-e11f74b3616d,USER_003,10/12/23 20:09,Wallet Top-up,CIMB Clicks Top-up,330.22,Successful,TOPUP,topup
1c9d3b9a-fa5f-4420-8f99-31ffb286c398,USER_003,12/12/23 20:44,Highway Toll,MEX Highway,14.14,Successful,MERCH_TOLL_3473,payment
fe2d9a98-6fc7-4da2-8814-18f62a8cea07,USER_003,13/12/2023 21:19,Electricity Bill,Tenaga Nasional (TNB),156.48,Successful,MERCH_UTL_7869,payment
8d0e65a6-8ffd-4a80-b323-d817a156855f,USER_003,14/12/2023 6:07,Petrol,BHP Petrol,111.83,Successful,MERCH_PTR_6139,payment
e0a51b5e-ea8c-4f85-974a-bcc0ff493053,USER_003,15/12/2023 21:30,Grocery Shopping,Aeon,119.85,Successful,MERCH_GRC_7618,payment
18954025-4217-4997-bec2-c30123edca39,USER_003,16/12/2023 18:31,Petrol,Petron Malaysia,92.77,Successful,MERCH_PTR_8244,payment
2986eae7-628c-4c00-ab8e-67cd22de3d53,USER_003,16/12/2023 23:18,Movie Ticket,Lotus's Cinema,36.91,Successful,MERCH_MOV_4232,payment
ebe21ab7-2f6a-4589-9727-7d2ea785b292,USER_003,19/12/2023 16:35,Petrol,Caltex Malaysia,76.84,Successful,MERCH_PTR_3064,payment
9f7ca678-1766-448b-b12e-f344b583ac6d,USER_003,19/12/2023 21:14,Food & Beverage,Gong Cha Malaysia,30.55,Successful,MERCH_FNB_9541,payment
65caef29-ce20-4f0e-b204-2f33276faf77,USER_003,20/12/2023 14:55,Highway Toll,NKVE Toll,4.88,Successful,MERCH_TOLL_5238,payment
bbf7ff88-0846-4920-a6e8-a12921f39cbc,USER_003,21/12/2023 13:27,Streaming Service,iQIYI Malaysia,43.72,Successful,MERCH_STR_2809,payment
3508faaf-edd3-47e8-b2de-9f300a9577ca,USER_003,21/12/2023 23:12,Grocery Shopping,Village Grocer,26.22,Successful,MERCH_GRC_3028,payment
51f4c1f5-3396-476a-8dd8-8986430d689a,USER_003,23/12/2023 12:54,Public Transport,KTM Komuter,5.08,Failed,MERCH_TRNS_1085,payment
a2a34360-8329-4582-80da-ed4a39cfa618,USER_003,23/12/2023 19:26,Gaming Credits,Steam Wallet,85.23,Successful,MERCH_GAM_9737,payment
22e7aecf-bc19-4d67-844a-ba709131cde7,USER_003,26/12/2023 11:39,Grocery Shopping,Aeon,137.12,Successful,MERCH_GRC_7187,payment
6d6fa894-8156-47a2-bbd2-7af9830b6c8f,USER_003,27/12/2023 17:44,Grocery Shopping,Giant Hypermarket,121.76,Successful,MERCH_GRC_6919,payment
2e653d26-7905-4e05-9523-23d542e7b593,USER_003,27/12/2023 18:03,Food Delivery,AirAsia Food,19.2,Successful,MERCH_FDL_2342,payment
3ba5f7c0-cccc-480e-b567-cedb6dcb59e5,USER_003,28/12/2023 20:08,Food & Beverage,Tealive,10.86,Successful,MERCH_FNB_8309,payment
b0a17877-5108-4041-abbb-dc231ff63bbc,USER_003,28/12/2023 20:37,Food Delivery,Beep Delivery,72.75,Successful,MERCH_FDL_9502,payment
2e4405ff-55e1-426f-a9ce-173cf067b914,USER_003,29/12/2023 10:47,Petrol,Caltex Malaysia,92.01,Successful,MERCH_PTR_8210,payment
b209d182-ef84-4b4c-94bf-12c33e3eda5d,USER_003,30/12/2023 16:58,Streaming Service,viu,18.98,Successful,MERCH_STR_3668,payment
45daf54e-416b-47b1-9ed5-de02e5df5591,USER_003,31/12/2023 17:50,Internet Bill,Maxis Home Fibre,183.96,Successful,MERCH_INT_9408,payment
8f6ffe51-ce7f-4feb-94c9-1be5411d93ee,USER_003,31/12/2023 18:51,Food & Beverage,Old Town White Coffee,60.99,Failed,MERCH_FNB_1534,payment
aba07fbf-2b26-441f-af87-1c834f9fbfc7,USER_003,1/1/24 8:03,Wallet Top-up,CIMB Clicks Top-up,271.89,Successful,TOPUP,topup
efbccd46-130d-4c98-b1be-55a832238492,USER_003,1/1/24 10:09,Grocery Shopping,Tesco Malaysia,78.28,Successful,MERCH_GRC_2885,payment
4ca85fc9-cf96-4bef-a33e-78c91bd23a91,USER_003,1/1/24 16:27,Petrol,Petronas Station,32.6,Successful,MERCH_PTR_8932,payment
3fe30097-0429-492c-a0d3-9572b96ba0fe,USER_003,2/1/24 16:11,Parking,APCOA Parking,11.97,Successful,MERCH_PRK_5409,payment
cbac9990-74a4-40b5-99b5-d130c785a71c,USER_003,2/1/24 20:47,Public Transport,RapidKL Bus,3.74,Successful,MERCH_TRNS_3057,payment
54217ee0-d120-4a3d-b6fc-4105f097b276,USER_003,2/1/24 21:55,Highway Toll,MEX Highway,4.35,Successful,MERCH_TOLL_9199,payment
ce08ea75-c1e7-42d2-9b7e-a26a99878e90,USER_003,2/1/24 22:12,Mobile Recharge,Celcom Top-up,31.5,Successful,MERCH_MBL_5016,payment
fef9adf8-d57e-4f25-b6e2-f984e8e04c1b,USER_003,4/1/24 9:34,Parking,Secure Parking,2.02,Successful,MERCH_PRK_1684,payment
66146907-bd30-4429-ae69-8742050b2e37,USER_003,4/1/24 16:09,Insurance,Great Eastern,80.15,Successful,MERCH_INS_3742,payment
967e270b-a53b-4a78-91a5-1d928c062fd7,USER_003,4/1/24 23:05,Online Shopping,PG Mall,422.95,Successful,MERCH_OSP_5110,payment
c2506a4b-680e-4338-a4b1-c17ff4fe326a,USER_003,4/1/24 23:11,Mobile Recharge,Celcom Top-up,21.25,Successful,MERCH_MBL_9361,payment
dfbb5bce-af34-42f7-b833-9fc007ea1b2d,USER_003,5/1/24 9:23,Petrol,Petronas Station,38.07,Successful,MERCH_PTR_5925,payment
f1843c6c-7255-4deb-ad90-f882b42325b9,USER_003,7/1/24 11:52,Insurance,Takaful Malaysia,317.14,Successful,MERCH_INS_5578,payment
151d7400-7200-4c08-8841-6019b22387fe,USER_003,9/1/24 12:15,Online Shopping,Zalora Malaysia,324.88,Pending,MERCH_OSP_6613,payment
c8ec7cba-0beb-48fc-b39d-395c6660425f,USER_003,10/1/24 10:11,Internet Bill,TIME Fibre,161.85,Successful,MERCH_INT_5029,payment
23b4c925-3145-462f-9c6d-98347df65b4d,USER_003,11/1/24 18:16,Food & Beverage,PappaRich,73.55,Successful,MERCH_FNB_1260,payment
67f7a3c6-17bf-4fbb-8df5-de6f8cae39f6,USER_003,12/1/24 8:55,Parking,DBKL Parking,2.08,Successful,MERCH_PRK_8807,payment
02d5e4a6-c84e-40af-9425-a88e1e73fd43,USER_003,12/1/24 15:18,Food & Beverage,Old Town White Coffee,45.36,Successful,MERCH_FNB_7435,payment
69c174d4-391b-47fd-b176-087071a85155,USER_003,14/1/2024 6:55,Electricity Bill,Tenaga Nasional (TNB),67.43,Successful,MERCH_UTL_9825,payment
eb5eb1cc-deed-4091-8677-440b759e7f84,USER_003,14/1/2024 9:07,Water Bill,SYABAS,58.6,Successful,MERCH_WTR_6783,payment
66238cc7-1213-4aa0-81fd-02f169fbe79a,USER_003,14/1/2024 21:36,Petrol,Caltex Malaysia,105.52,Successful,MERCH_PTR_3903,payment
1b8b0223-a136-4133-9d90-411f41a95983,USER_003,16/1/2024 6:07,Wallet Top-up,Maybank2u Top-up,338.81,Failed,TOPUP,topup
96262192-ffec-4d20-b936-d70a93ed5221,USER_003,16/1/2024 22:57,Food Delivery,Foodpanda,71.16,Successful,MERCH_FDL_1324,payment
a06cc9fc-3911-470c-96a9-01a5f17d5756,USER_003,17/1/2024 20:48,Internet Bill,Maxis Home Fibre,178.79,Successful,MERCH_INT_2474,payment
93d5635f-5772-4ac1-9c57-18a928b15c14,USER_003,18/1/2024 16:25,Gaming Credits,PUBG Mobile UC,98.11,Failed,MERCH_GAM_4838,payment
d543b38f-b292-437e-aea6-ec7283e82c7a,USER_003,19/1/2024 15:02,Highway Toll,KESAS Highway,1.6,Failed,MERCH_TOLL_4425,payment
ac2173ce-79f9-4653-ba6c-7cb745b21ea6,USER_003,19/1/2024 19:03,Electricity Bill,Tenaga Nasional (TNB),196.58,Successful,MERCH_UTL_5544,payment
c8315d1f-1831-4013-9140-2e9e3c2dd569,USER_003,19/1/2024 20:57,Petrol,Petron Malaysia,35.88,Successful,MERCH_PTR_3875,payment
2839e947-da20-468a-8d0b-21ad7be2e919,USER_003,20/1/2024 19:24,Highway Toll,SPRINT Highway,13.83,Successful,MERCH_TOLL_4734,payment
3edfc65d-ca47-4c64-b3df-567aeb7d26ab,USER_003,21/1/2024 8:55,Grocery Shopping,99 Speedmart,159.4,Successful,MERCH_GRC_9731,payment
de7c2a28-ce33-4dbd-87b2-b83417b0de2e,USER_003,22/1/2024 20:09,Education,Coursera,170.65,Failed,MERCH_EDU_7997,payment
f5543261-7686-4cf5-a4d1-38717ea40729,USER_003,23/1/2024 6:36,Highway Toll,SPRINT Highway,13.32,Successful,MERCH_TOLL_8086,payment
744767d3-319f-44cc-8dc8-ce1dbfc6f5cc,USER_003,23/1/2024 7:19,Public Transport,RapidKL Bus,5.46,Successful,MERCH_TRNS_8644,payment
77b66710-675f-4a2f-bdd4-f9b52de9f11f,USER_003,23/1/2024 20:05,Highway Toll,MEX Highway,2.16,Successful,MERCH_TOLL_4678,payment
c156c686-a095-465e-9051-b415e273ec1c,USER_003,24/1/2024 10:48,Petrol,BHP Petrol,65.27,Successful,MERCH_PTR_1084,payment
ba4cea29-544f-4d87-a635-89355ccab4d2,USER_003,24/1/2024 16:05,Education,Coursera,245.16,Successful,MERCH_EDU_4696,payment
03bc678a-051c-4391-9b19-5a15fdecf249,USER_003,25/1/2024 8:09,Highway Toll,LDP Toll,3.8,Successful,MERCH_TOLL_4225,payment
e4e46d3c-b681-4719-bad2-53680a07b1f4,USER_003,26/1/2024 15:35,Petrol,Petronas Station,73.2,Successful,MERCH_PTR_1456,payment
55e556a7-a836-4c0e-aead-7c15ade298c1,USER_003,26/1/2024 18:30,Petrol,BHP Petrol,52.24,Successful,MERCH_PTR_5102,payment
e5eee225-d8be-4216-b08b-d26e28a6052b,USER_003,29/1/2024 15:56,Wallet Top-up,Maybank2u Top-up,446.49,Successful,TOPUP,topup
4917ea1a-26bf-467a-aa05-4eae1f1da31c,USER_003,29/1/2024 16:16,Grocery Shopping,Mydin,194.56,Successful,MERCH_GRC_8184,payment
6fd2a402-67e7-4bc2-bb30-97565ea19bb4,USER_003,29/1/2024 18:21,Petrol,Petronas Station,112.5,Successful,MERCH_PTR_1994,payment
4d1a0291-bec9-4229-84e7-be2e18cd5d49,USER_003,30/1/2024 9:38,Parking,APCOA Parking,3.12,Successful,MERCH_PRK_3089,payment
369b4cd6-efe2-40d6-b8be-2b9b6c5f0fc0,USER_003,31/1/2024 19:43,Highway Toll,NKVE Toll,2.42,Successful,MERCH_TOLL_8075,payment
a4d84ad5-e071-4cdb-9e25-96a458f602ba,USER_003,31/1/2024 23:36,Petrol,BHP Petrol,66.15,Successful,MERCH_PTR_7249,payment
3145d620-d836-4dcf-a445-985dfd074350,USER_003,1/2/24 9:44,Wallet Top-up,RHB Online Top-up,295.39,Successful,TOPUP,topup
8febee2c-dbc7-4ee7-8d47-6f7c44a5efd6,USER_003,1/2/24 8:37,Electricity Bill,Tenaga Nasional (TNB),265.06,Successful,MERCH_UTL_4098,payment
52c547f8-dfce-4bae-8201-2cbe3b0a2d13,USER_003,1/2/24 13:44,Food & Beverage,Tealive,52.21,Successful,MERCH_FNB_1872,payment
445503e7-7ce7-4a56-b8a8-9f1edd616386,USER_003,3/2/24 9:09,Public Transport,RapidKL Bus,2.88,Successful,MERCH_TRNS_9011,payment
53909e6a-3031-4cad-ab4b-0bb34e67966e,USER_003,3/2/24 17:01,Online Shopping,PG Mall,100.37,Successful,MERCH_OSP_2062,payment
7fa7b9ab-c77e-4122-a52e-4444dbf3a6b7,USER_003,4/2/24 10:18,Education,Udacity,139.19,Successful,MERCH_EDU_7131,payment
1fff559c-601f-4aa0-be62-a3abb96be4ce,USER_003,5/2/24 12:12,Grocery Shopping,Village Grocer,178.21,Successful,MERCH_GRC_9609,payment
51c75e48-9fa1-4239-aa28-52af0f226abf,USER_003,5/2/24 21:19,Online Shopping,Zalora Malaysia,326.29,Successful,MERCH_OSP_7569,payment
e6ae19eb-6c3d-4659-8ab0-659f182f869c,USER_003,5/2/24 22:16,Electricity Bill,Tenaga Nasional (TNB),274.77,Successful,MERCH_UTL_4596,payment
c160bc86-ba3a-4625-a0e0-84005ebd394c,USER_003,7/2/24 6:11,Grocery Shopping,Giant Hypermarket,114.88,Successful,MERCH_GRC_6013,payment
133c6fc9-45f7-42f3-9218-30168f6df590,USER_003,7/2/24 12:18,Food & Beverage,PappaRich,46.29,Successful,MERCH_FNB_5170,payment
24df23bf-a303-45f7-bb43-61e0a6f9a913,USER_003,7/2/24 15:29,Highway Toll,KESAS Highway,6.42,Successful,MERCH_TOLL_9500,payment
58421a92-8547-4ac8-9217-4138e229478e,USER_003,7/2/24 17:02,Online Shopping,PG Mall,224.53,Successful,MERCH_OSP_6511,payment
12e11c58-fa96-4f62-94ef-1a02d71ecc9e,USER_003,8/2/24 6:29,Food Delivery,AirAsia Food,33.3,Successful,MERCH_FDL_6194,payment
847941c8-b817-42fb-a722-3ce5670964fa,USER_003,8/2/24 14:46,Food Delivery,Shopeefood,40.01,Successful,MERCH_FDL_2243,payment
da89985d-05fd-407a-bbf8-f9dd727bcec5,USER_003,9/2/24 9:01,Insurance,Takaful Malaysia,253.79,Successful,MERCH_INS_9956,payment
6e59fce4-ef1b-4ff7-adf2-ad4a23ed62fe,USER_003,10/2/24 19:32,Parking,APCOA Parking,3.28,Successful,MERCH_PRK_2942,payment
d9fc09af-6931-47f5-9905-349c8e123232,USER_003,11/2/24 12:06,Food & Beverage,Tealive,23.75,Successful,MERCH_FNB_6394,payment
e19e589a-add5-4cdc-962a-04340682d078,USER_003,11/2/24 12:42,Taxi / Ride-hailing,MyCar Ride,44.69,Pending,MERCH_RDH_4123,payment
523d3a37-4ac5-44a2-b01e-d920c4e6c8e0,USER_003,11/2/24 15:23,Wallet Top-up,Bank Transfer Top-up,421.95,Successful,TOPUP,topup
98de7268-8341-43fe-8eca-865edc28657e,USER_003,11/2/24 16:39,Highway Toll,SPRINT Highway,13.01,Successful,MERCH_TOLL_5617,payment
243be336-1ad9-459f-9a82-5d35f1792d6b,USER_003,11/2/24 23:15,Food Delivery,AirAsia Food,48.82,Successful,MERCH_FDL_1194,payment
ae960ac8-8f32-4175-9478-b43c6017dddb,USER_003,12/2/24 17:42,Taxi / Ride-hailing,inDrive Malaysia,19.83,Successful,MERCH_RDH_7512,payment
512926b0-8cd4-4219-8339-383ecff7e7ac,USER_003,13/2/2024 12:25,Food & Beverage,Tealive,49.03,Successful,MERCH_FNB_9451,payment
59c94278-10df-4d97-b8c1-56e7f6315190,USER_003,14/2/2024 16:10,Online Shopping,Amazon.com.my,400.12,Successful,MERCH_OSP_6581,payment
89415790-e6f3-4c4e-9c33-0481b921a62f,USER_003,14/2/2024 17:12,Food & Beverage,Secret Recipe,37.9,Successful,MERCH_FNB_4433,payment
21c8daef-88b3-4c38-9db6-152328b61954,USER_003,14/2/2024 21:46,Highway Toll,LDP Toll,5.78,Successful,MERCH_TOLL_3102,payment
404bc524-980d-4e9d-b3ad-27d972b23814,USER_003,15/2/2024 7:31,Online Shopping,Zalora Malaysia,128.24,Successful,MERCH_OSP_6567,payment
54695359-1dbe-435f-aa8e-e5443439ba66,USER_003,15/2/2024 11:15,Taxi / Ride-hailing,Maxim Malaysia,24.96,Successful,MERCH_RDH_5909,payment
691336bc-4be9-4575-8f98-28231e29485d,USER_003,15/2/2024 12:15,Movie Ticket,TGV Cinemas,39.41,Pending,MERCH_MOV_3518,payment
e2ceb6d9-0619-41b8-ae0f-21a09f780209,USER_003,15/2/2024 19:56,Petrol,Petron Malaysia,118.22,Successful,MERCH_PTR_7404,payment
870f2176-eed7-4671-b375-8cbd84ec5012,USER_003,17/2/2024 10:03,Food Delivery,Beep Delivery,26.69,Successful,MERCH_FDL_7331,payment
fbe65786-9bbb-4883-b312-8d54bb84294f,USER_003,17/2/2024 19:56,Petrol,Caltex Malaysia,38.39,Successful,MERCH_PTR_5991,payment
6c7465b5-f164-4bf4-9c55-e0425d0cd0d9,USER_003,17/2/2024 23:54,Petrol,Petronas Station,32.42,Successful,MERCH_PTR_9005,payment
ddd55b5c-3e6d-4cb3-ac06-fc8790409323,USER_003,20/2/2024 9:21,Parking,Secure Parking,5.71,Successful,MERCH_PRK_5650,payment
140c8dec-11a8-4992-be02-cc280046bc7d,USER_003,21/2/2024 12:50,Online Shopping,Amazon.com.my,196.95,Successful,MERCH_OSP_1941,payment
2dd6083e-8efe-4d1b-a624-2723dc92c204,USER_003,22/2/2024 6:29,Grocery Shopping,Tesco Malaysia,51.9,Successful,MERCH_GRC_7407,payment
1aea01d1-e977-4a86-8b9a-aead342fccd9,USER_003,22/2/2024 10:24,Petrol,Caltex Malaysia,65.01,Successful,MERCH_PTR_2126,payment
d6466638-63e7-42ed-aecc-ab0caf374222,USER_003,23/2/2024 20:38,Food & Beverage,Tealive,37.42,Successful,MERCH_FNB_6075,payment
15ac084b-6b68-41e6-ac1f-96fa0f4480d7,USER_003,24/2/2024 16:51,Online Shopping,PG Mall,302,Successful,MERCH_OSP_6084,payment
1790cd1f-337e-431b-af55-a6558e281f8a,USER_003,25/2/2024 17:19,Water Bill,SATU Sdn Bhd,10.37,Successful,MERCH_WTR_4304,payment
0c4f98b2-bdc9-4413-bbdc-ff07228cb015,USER_003,26/2/2024 7:03,Highway Toll,KESAS Highway,8.86,Successful,MERCH_TOLL_5044,payment
fd843c9f-db69-44da-8ceb-e3f6192534a7,USER_003,26/2/2024 9:21,Education,iLearn,156.33,Successful,MERCH_EDU_8580,payment
ee51f25e-6c74-42b7-a245-5363c3c44405,USER_003,27/2/2024 6:23,Grocery Shopping,Cold Storage,179.57,Successful,MERCH_GRC_6681,payment
12841a27-ad54-4678-9a37-26577493bd2a,USER_003,27/2/2024 12:57,Grocery Shopping,Aeon,73.55,Successful,MERCH_GRC_7800,payment
b84dd409-1c75-4e74-a515-99c82e23b952,USER_003,29/2/2024 23:49,Streaming Service,viu,51.25,Successful,MERCH_STR_7302,payment
fee02f6a-e12f-4c3a-8b01-3af00409072f,USER_003,1/3/24 10:20,Wallet Top-up,Bank Transfer Top-up,408.89,Successful,TOPUP,topup
c42d1225-4c2b-4b10-9be6-05d792b507c7,USER_003,1/3/24 7:49,Wallet Top-up,Bank Transfer Top-up,239.88,Successful,TOPUP,topup
b0e83fc2-dca9-4d50-87b0-5585d601e5ec,USER_003,1/3/24 19:01,Taxi / Ride-hailing,MyCar Ride,11.51,Successful,MERCH_RDH_8899,payment
b3504a59-002e-4818-838f-af46c6374071,USER_003,2/3/24 19:32,Parking,Secure Parking,11.2,Successful,MERCH_PRK_7264,payment
885d5792-81b5-4ea1-8d50-1066d015f843,USER_003,2/3/24 20:01,Online Shopping,Shopee,30.18,Successful,MERCH_OSP_4811,payment
7c04241b-80f0-42f4-a65b-0c6d21e97358,USER_003,2/3/24 22:41,Public Transport,MRT Putrajaya Line,7.82,Successful,MERCH_TRNS_8020,payment
4f2c153d-940a-45a3-b8db-6bf5e07070f5,USER_003,3/3/24 8:35,Highway Toll,SPRINT Highway,5.65,Successful,MERCH_TOLL_9171,payment
dc88bca0-3e36-4659-9e1b-d7ea1aee5e56,USER_003,3/3/24 9:32,Food & Beverage,McDonald's Malaysia,74.26,Successful,MERCH_FNB_4900,payment
a87d4ff4-1cdc-40bb-9774-0bd9cee5cd15,USER_003,3/3/24 13:56,Wallet Top-up,Bank Transfer Top-up,463.2,Successful,TOPUP,topup
ce62036e-f956-4463-b590-19a97d769305,USER_003,4/3/24 10:20,Grocery Shopping,99 Speedmart,201.07,Successful,MERCH_GRC_9533,payment
0fad9951-775a-441d-96bc-59dc486b2f9a,USER_003,4/3/24 13:13,Gaming Credits,Mobile Legends Diamonds,85.46,Successful,MERCH_GAM_4752,payment
813f3632-e0b9-472c-9a57-c379f10af600,USER_003,4/3/24 18:44,Grocery Shopping,99 Speedmart,203.34,Successful,MERCH_GRC_5068,payment
f40f9e81-c8cf-4101-87f1-9ff753b576b3,USER_003,5/3/24 20:22,Food & Beverage,Secret Recipe,29.12,Successful,MERCH_FNB_9543,payment
b34a717f-edbe-4a54-8e02-a283a25a6a37,USER_003,6/3/24 6:38,Highway Toll,KESAS Highway,14.85,Successful,MERCH_TOLL_2146,payment
9d4e4230-442a-42be-9c66-6f86e3044e43,USER_003,6/3/24 14:13,Wallet Top-up,CIMB Clicks Top-up,237.67,Successful,TOPUP,topup
38cb4117-56cc-4174-a67c-5b6f4c98bb54,USER_003,6/3/24 15:07,Petrol,Shell Malaysia,75.67,Successful,MERCH_PTR_4871,payment
407591cf-7b51-4959-9965-c79d0c439d87,USER_003,7/3/24 7:57,Online Shopping,Lazada,137.56,Successful,MERCH_OSP_4236,payment
1a7a9b01-8ffd-4f7b-ae9d-205474782966,USER_003,7/3/24 19:19,Grocery Shopping,Jaya Grocer,242.42,Successful,MERCH_GRC_8344,payment
c338c705-e489-4084-91a3-d35e441ba526,USER_003,7/3/24 20:14,Education,iLearn,239.17,Successful,MERCH_EDU_2310,payment
885a91ce-4115-49c8-8a7e-c62a78dfa275,USER_003,8/3/24 11:17,Mobile Recharge,U Mobile Reload,26.91,Successful,MERCH_MBL_8231,payment
0e301e85-5a8b-4c7c-90bd-ea0e50e611dc,USER_003,8/3/24 20:08,Food Delivery,Foodpanda,13.55,Successful,MERCH_FDL_8897,payment
01c4e608-3a86-4e01-bdd3-f3f120ca7763,USER_003,10/3/24 20:03,Insurance,Great Eastern,121.26,Successful,MERCH_INS_9801,payment
6e8c2d05-f98f-4902-84ea-c64b0d67039b,USER_003,11/3/24 12:43,Grocery Shopping,Cold Storage,121.6,Successful,MERCH_GRC_6011,payment
eda39b12-b78b-4d13-bc95-0fa9612f0998,USER_003,12/3/24 7:04,Petrol,Petronas Station,42.3,Successful,MERCH_PTR_6459,payment
235a2269-0287-4eb2-b3e4-bca02f050426,USER_003,12/3/24 13:12,Food & Beverage,Tealive,5.96,Successful,MERCH_FNB_1068,payment
ff27dce7-43e6-4e27-ae0c-6883c5a7c7a5,USER_003,12/3/24 16:11,Streaming Service,viu,51.87,Successful,MERCH_STR_7628,payment
d301800c-a868-4bed-a353-de556330dfdb,USER_003,13/3/2024 7:00,Wallet Top-up,RHB Online Top-up,315.21,Successful,TOPUP,topup
86ba82e4-f0a3-4f54-b053-61b985edf935,USER_003,13/3/2024 16:00,Wallet Top-up,Maybank2u Top-up,322.64,Successful,TOPUP,topup
162c577b-6af6-49c3-9e0c-069397ac6d9d,USER_003,14/3/2024 23:07,Parking,Secure Parking,5.5,Successful,MERCH_PRK_3660,payment
44bbb328-60c3-4bd5-9f6d-7dd129dba6f7,USER_003,18/3/2024 11:16,Grocery Shopping,Village Grocer,181.65,Successful,MERCH_GRC_9349,payment
9060bbf2-8afa-4c16-b5df-98ee0c50aa1e,USER_003,18/3/2024 12:28,Mobile Recharge,Maxis Reload,47.06,Successful,MERCH_MBL_7313,payment
1dcd227c-5228-486a-a69a-d512934c90db,USER_003,20/3/2024 21:06,Grocery Shopping,99 Speedmart,163.27,Successful,MERCH_GRC_6921,payment
81a29644-2813-4f9d-919e-afbccd5a4dfd,USER_003,21/3/2024 12:39,Internet Bill,Maxis Home Fibre,155.6,Successful,MERCH_INT_5281,payment
d006406b-3e3f-42bc-8d28-002beae6aef2,USER_003,21/3/2024 20:24,Food & Beverage,Tealive,5.93,Successful,MERCH_FNB_3644,payment
6ec3a6a0-2783-4231-b041-a92bc1cee1b0,USER_003,21/3/2024 23:18,Electricity Bill,Tenaga Nasional (TNB),229.46,Failed,MERCH_UTL_7515,payment
aa55fe62-f9b1-4314-b91f-5daa5fe9195b,USER_003,22/3/2024 6:43,Highway Toll,LDP Toll,3.82,Successful,MERCH_TOLL_7929,payment
14d8b872-a79d-4b7d-9ccf-177d4a9cbcfd,USER_003,22/3/2024 14:41,Internet Bill,Digi Home,161.43,Successful,MERCH_INT_9735,payment
852bf112-d3f9-4a28-b114-1f461e43a4b2,USER_003,23/3/2024 9:24,Grocery Shopping,Tesco Malaysia,40.68,Successful,MERCH_GRC_2456,payment
81f7b11d-7304-4b23-a50e-c10ebe42937d,USER_003,24/3/2024 12:58,Movie Ticket,TGV Cinemas,33.47,Successful,MERCH_MOV_5407,payment
df6651ce-be01-436d-902a-75108fd032bd,USER_003,24/3/2024 18:10,Food Delivery,Shopeefood,88.99,Successful,MERCH_FDL_1105,payment
0fd55e17-b750-4676-95c8-72ceb56b69e8,USER_003,24/3/2024 18:54,Highway Toll,PLUS Highway,8.85,Successful,MERCH_TOLL_7845,payment
ee47640b-4f57-4785-bc94-a616d039debc,USER_003,24/3/2024 20:31,Streaming Service,Disney+ Hotstar,28.67,Successful,MERCH_STR_3890,payment
dfdec4d5-ebeb-44ac-bbf3-319a28a24130,USER_003,25/3/2024 12:59,Food & Beverage,Marrybrown,76.14,Successful,MERCH_FNB_9234,payment
019366ac-a237-475a-a0ec-a11c48a5c7f5,USER_003,25/3/2024 16:26,Gaming Credits,PUBG Mobile UC,10.6,Successful,MERCH_GAM_4292,payment
9f0d9f34-d417-4c2c-ba8b-55c89e5e74be,USER_003,26/3/2024 11:46,Taxi / Ride-hailing,MyCar Ride,30.92,Successful,MERCH_RDH_7697,payment
d3cea5eb-1a54-4b12-904b-fda01ce75e82,USER_003,27/3/2024 14:53,Public Transport,Go KL City Bus,1.72,Successful,MERCH_TRNS_3721,payment
3a1e88c4-65ec-4b29-abe4-88b4c0ee0a2e,USER_003,27/3/2024 16:20,Public Transport,RapidKL LRT,1.27,Successful,MERCH_TRNS_6605,payment
e648e02c-7695-43fd-bb34-e4e4da0c8dd8,USER_003,30/3/2024 8:44,Online Shopping,Shopee,49.31,Successful,MERCH_OSP_1155,payment
130640b5-fa86-410f-8a0e-7ac611ad9dc6,USER_003,30/3/2024 23:25,Highway Toll,NKVE Toll,2.86,Successful,MERCH_TOLL_1685,payment
3a071dae-6722-4c12-987f-e7aa5f231cab,USER_003,1/4/24 8:14,Wallet Top-up,RHB Online Top-up,234.71,Successful,TOPUP,topup
89a3cfa4-614b-4b26-9c41-3ef4bbb6825f,USER_003,4/4/24 10:59,Highway Toll,MEX Highway,11.92,Successful,MERCH_TOLL_4082,payment
647012b5-7c7c-4745-9443-42fb4299702a,USER_003,4/4/24 22:17,Mobile Recharge,Digi Prepaid,33.08,Successful,MERCH_MBL_7229,payment
7aff4433-c0b9-428c-a9ae-3f88d7c98006,USER_003,6/4/24 20:07,Highway Toll,NKVE Toll,13.36,Failed,MERCH_TOLL_4110,payment
e88b12cf-a966-4cf9-a3c8-b794b11a03cc,USER_003,7/4/24 11:48,Grocery Shopping,Village Grocer,137.14,Successful,MERCH_GRC_3069,payment
151f171f-5871-4ded-b818-cc3d81d43f39,USER_003,8/4/24 17:42,Food & Beverage,Secret Recipe,45.37,Successful,MERCH_FNB_1150,payment
dac3247f-7037-4e69-a8c5-d33a2e1de9a4,USER_003,9/4/24 21:57,Food & Beverage,Gong Cha Malaysia,42.49,Successful,MERCH_FNB_4586,payment
c802529a-52a0-4820-ace9-574a7dade442,USER_003,10/4/24 12:45,Petrol,Shell Malaysia,83.9,Successful,MERCH_PTR_1562,payment
63e5866a-917b-4683-ba4d-b6ef3a585636,USER_003,11/4/24 9:00,Wallet Top-up,Maybank2u Top-up,282.04,Successful,TOPUP,topup
4f7ffe23-feeb-4fc1-a645-293a99e329bd,USER_003,11/4/24 19:21,Petrol,Shell Malaysia,56.23,Failed,MERCH_PTR_9110,payment
8c9285ab-bf29-4fa7-9a6d-90027a071fa3,USER_003,11/4/24 20:14,Highway Toll,SPRINT Highway,13.09,Successful,MERCH_TOLL_3501,payment
0353fa2f-06d2-40d9-be15-e4bfc652e6a6,USER_003,12/4/24 7:51,Streaming Service,Disney+ Hotstar,51.76,Successful,MERCH_STR_1861,payment
b914c02e-7620-4f6b-b64a-02c6a64f14bf,USER_003,13/4/2024 7:22,Insurance,Allianz Malaysia,345.79,Successful,MERCH_INS_5900,payment
e22ce2ac-a38c-4249-80bf-62a67f1e49d9,USER_003,13/4/2024 18:41,Insurance,AIA Malaysia,185.92,Successful,MERCH_INS_9977,payment
9f40adca-5b0c-4038-bab3-109d158ed405,USER_003,13/4/2024 22:48,Online Shopping,Zalora Malaysia,207.71,Successful,MERCH_OSP_7412,payment
9f073d30-fb5e-4dfc-b818-e84edef4eb94,USER_003,16/4/2024 8:19,Grocery Shopping,Giant Hypermarket,107.54,Successful,MERCH_GRC_9978,payment
2c830c5c-af43-4d8a-9092-5f41cafd79aa,USER_003,16/4/2024 18:47,Taxi / Ride-hailing,Maxim Malaysia,52.19,Successful,MERCH_RDH_1886,payment
b9949ee9-e19d-43f9-945d-337af31001ae,USER_003,20/4/2024 21:32,Online Shopping,Lazada,232.1,Successful,MERCH_OSP_3253,payment
870b6667-49c8-48ef-a479-aebe171f3fc3,USER_003,21/4/2024 21:05,Parking,Wilson Parking MY,16.48,Successful,MERCH_PRK_4573,payment
53308412-1056-48f1-a1bf-8c47fde9aaec,USER_003,22/4/2024 12:00,Electricity Bill,Tenaga Nasional (TNB),222.8,Pending,MERCH_UTL_2670,payment
f1d24514-ec15-4f2e-bfe7-ac9d61078826,USER_003,22/4/2024 16:20,Food & Beverage,Secret Recipe,74.45,Successful,MERCH_FNB_3756,payment
4ae8412e-ba42-4bec-9eca-f21503681340,USER_003,22/4/2024 23:15,Wallet Top-up,CIMB Clicks Top-up,483.52,Successful,TOPUP,topup
56a2a13b-e907-4073-bf41-2f0d52990884,USER_003,22/4/2024 23:55,Online Shopping,Zalora Malaysia,485.47,Successful,MERCH_OSP_8107,payment
74a39523-b9c5-4dd6-8964-59e249cf9e67,USER_003,23/4/2024 6:10,Food Delivery,Grab Food,30.79,Successful,MERCH_FDL_2946,payment
e2c6cabb-f02f-4d33-953b-85c1afaaf34c,USER_003,23/4/2024 8:06,Water Bill,Air Selangor,48.79,Pending,MERCH_WTR_7150,payment
b142b5fc-1e01-4d79-9dec-6de6faf30530,USER_003,23/4/2024 9:46,Water Bill,SYABAS,53.24,Successful,MERCH_WTR_8596,payment
1c1c4a89-d1be-4edb-93ce-04c52e26b443,USER_003,23/4/2024 16:55,Grocery Shopping,Cold Storage,17.73,Successful,MERCH_GRC_7018,payment
e99ec590-547f-42c1-8ea1-e6face887f45,USER_003,25/4/2024 13:23,Public Transport,Go KL City Bus,3.02,Successful,MERCH_TRNS_9351,payment
7ec716b0-7f6e-4b16-ba8d-6aadafbbdc4e,USER_003,25/4/2024 14:14,Wallet Top-up,Public Bank Top-up,282.12,Successful,TOPUP,topup
ecbb597b-01b7-4c2e-af64-06017a2ec553,USER_003,26/4/2024 8:22,Movie Ticket,TGV Cinemas,26.59,Successful,MERCH_MOV_7290,payment
110e4fef-c2bc-48af-ba0a-00ed6bcf9147,USER_003,26/4/2024 22:02,Food Delivery,Beep Delivery,19.76,Successful,MERCH_FDL_3051,payment
2234ba5b-cafd-4528-b4ab-09af17c6a1a9,USER_003,26/4/2024 23:54,Parking,DBKL Parking,9.3,Successful,MERCH_PRK_4029,payment
4aec61a2-5e38-424f-8dc7-3a1d45671646,USER_003,27/4/2024 16:01,Food Delivery,Beep Delivery,50.11,Successful,MERCH_FDL_9684,payment
873fdb2e-25b6-4dfe-b732-ee47bd0d2eae,USER_003,28/4/2024 18:46,Petrol,Petronas Station,116.91,Successful,MERCH_PTR_4399,payment
87e995b9-7877-48e1-bade-9d2a37267617,USER_003,28/4/2024 22:56,Food & Beverage,Marrybrown,46.6,Successful,MERCH_FNB_1087,payment
9c9d9f9b-e6a2-4912-b715-58d6a1498dac,USER_003,29/4/2024 10:01,Public Transport,MRT Putrajaya Line,6.87,Successful,MERCH_TRNS_4378,payment
e9f48b2f-6be4-4418-afdf-b4ac801f7ab8,USER_003,30/4/2024 8:41,Grocery Shopping,99 Speedmart,245.28,Successful,MERCH_GRC_2386,payment
4e0044dd-9aea-45af-aada-2418700d7798,USER_003,30/4/2024 16:57,Mobile Recharge,Yes 4G Reload,26.92,Successful,MERCH_MBL_3811,payment
7798cb71-403c-40fe-b681-664c31a1b76d,USER_003,30/4/2024 21:30,Highway Toll,SPRINT Highway,14.75,Successful,MERCH_TOLL_1756,payment
deda7fa2-d681-4b15-808a-1179e38a76ce,USER_003,30/4/2024 21:42,Movie Ticket,mmCineplexes,17.64,Successful,MERCH_MOV_8289,payment
3a04360c-0761-4737-aced-754bfe8c6d1b,USER_004,1/8/23 8:19,Wallet Top-up,Public Bank Top-up,342.64,Successful,TOPUP,topup
393fca70-c2b7-47ba-b974-3ba00db118fa,USER_004,3/8/23 14:40,Streaming Service,Netflix Malaysia,52.68,Successful,MERCH_STR_4932,payment
90dd7d27-4a35-4d91-a440-a4eaa4ce5d33,USER_004,3/8/23 17:58,Highway Toll,MEX Highway,9.26,Successful,MERCH_TOLL_5683,payment
4f0838ec-9759-47c1-ab39-b2aaf1c0dec0,USER_004,4/8/23 11:33,Parking,Secure Parking,18.78,Successful,MERCH_PRK_9334,payment
5ba0ff2e-5d17-47e9-b9aa-eb7b26476a5f,USER_004,4/8/23 18:14,Petrol,Petron Malaysia,66.49,Successful,MERCH_PTR_3042,payment
996cdb1c-3d29-42e8-a798-5e607a4c2d9b,USER_004,5/8/23 14:00,Parking,APCOA Parking,14.65,Successful,MERCH_PRK_7962,payment
26a7e14d-1db7-4a13-851e-575d30894b1e,USER_004,5/8/23 18:36,Food & Beverage,McDonald's Malaysia,77.35,Successful,MERCH_FNB_8350,payment
6c1e3f89-a85c-4589-8d35-b2aed854e8db,USER_004,6/8/23 16:48,Parking,DBKL Parking,5.15,Successful,MERCH_PRK_4687,payment
1b5da833-5e8d-428d-aab2-4c9a772c6d88,USER_004,6/8/23 17:51,Public Transport,KTM Komuter,4.8,Successful,MERCH_TRNS_1834,payment
7445eeed-c207-4af2-8adc-8778cf472031,USER_004,6/8/23 18:29,Food Delivery,Grab Food,83.3,Successful,MERCH_FDL_6537,payment
478614e7-2506-4940-8077-36f3b5f83cc1,USER_004,6/8/23 20:22,Petrol,Petronas Station,56.93,Successful,MERCH_PTR_5752,payment
604ce598-ef7f-41b5-a046-71bc5cf4b53f,USER_004,7/8/23 10:19,Food & Beverage,Secret Recipe,74.23,Successful,MERCH_FNB_4562,payment
ef9af639-7dcc-442e-bbca-c499b1cbf152,USER_004,8/8/23 8:17,Wallet Top-up,Debit Card Reload,356.43,Successful,TOPUP,topup
520092e8-6726-420d-93b5-729c48f9164b,USER_004,8/8/23 19:45,Petrol,Petron Malaysia,35.17,Successful,MERCH_PTR_8999,payment
44cb375c-8f89-4376-abff-67cfd39c646a,USER_004,9/8/23 7:58,Petrol,BHP Petrol,39.64,Successful,MERCH_PTR_6798,payment
a63bee41-1224-4a36-be49-f55fd66997f4,USER_004,9/8/23 10:46,Taxi / Ride-hailing,AirAsia Ride,8.46,Successful,MERCH_RDH_6808,payment
1cea1047-450f-492f-b5e7-2e0b52cfaaae,USER_004,9/8/23 18:41,Food & Beverage,Marrybrown,14.29,Successful,MERCH_FNB_7729,payment
4c910609-4d07-40c3-9ae0-b5a38269c173,USER_004,12/8/23 15:35,Public Transport,Go KL City Bus,3.03,Successful,MERCH_TRNS_5098,payment
638b754d-d63d-4932-88bd-8c353551bcb9,USER_004,14/8/2023 8:21,Grocery Shopping,Tesco Malaysia,141.06,Successful,MERCH_GRC_3984,payment
3bdb61ec-f4fa-4c81-9303-cd64d7a6e416,USER_004,14/8/2023 8:35,Wallet Top-up,Bank Transfer Top-up,359.84,Successful,TOPUP,topup
17d1a4db-7123-409e-9197-47ca902a0637,USER_004,14/8/2023 10:20,Food Delivery,AirAsia Food,40.02,Successful,MERCH_FDL_1095,payment
d6fb6fd4-6e76-4a52-9744-46b04dc5d7dd,USER_004,14/8/2023 18:01,Food & Beverage,Tealive,8.02,Successful,MERCH_FNB_5667,payment
453367eb-65a2-487a-81b0-fa5211dc474f,USER_004,15/8/2023 22:18,Taxi / Ride-hailing,Grab Car,42.64,Failed,MERCH_RDH_3626,payment
bbd8d9e4-8c2f-4271-9716-9e8c4fec3892,USER_004,17/8/2023 10:42,Wallet Top-up,RHB Online Top-up,179.7,Successful,TOPUP,topup
cfe5d585-78b1-41da-ac39-3428502d76d9,USER_004,17/8/2023 12:44,Petrol,Shell Malaysia,97.6,Successful,MERCH_PTR_6322,payment
52f41de6-a489-47d2-80c3-3261b948aedf,USER_004,17/8/2023 17:38,Food Delivery,AirAsia Food,20.56,Successful,MERCH_FDL_3153,payment
ffad7050-b4d8-4b93-9796-049bccbda091,USER_004,18/8/2023 9:43,Highway Toll,LDP Toll,8.5,Successful,MERCH_TOLL_6638,payment
5fdbc177-7974-4677-bcea-0f6fd7dd93fa,USER_004,18/8/2023 12:37,Food & Beverage,PappaRich,78.23,Successful,MERCH_FNB_8039,payment
07c6ed3e-6d38-44ab-af0b-e928c38a4aaa,USER_004,19/8/2023 22:38,Online Shopping,Zalora Malaysia,253.25,Successful,MERCH_OSP_5623,payment
3cce5209-38e8-4a52-be41-85c2b5fc60b2,USER_004,20/8/2023 9:57,Food & Beverage,Marrybrown,19.01,Successful,MERCH_FNB_9376,payment
b69a736e-a820-4099-94be-2edbf5bf891b,USER_004,21/8/2023 12:45,Highway Toll,SPRINT Highway,10.83,Successful,MERCH_TOLL_5052,payment
7b7673d7-872a-4266-b62a-c205024341bd,USER_004,21/8/2023 17:45,Petrol,Petronas Station,85,Successful,MERCH_PTR_9230,payment
e17346a8-bfdd-491d-b537-35cd48367464,USER_004,22/8/2023 7:15,Education,Udemy Malaysia,55.62,Successful,MERCH_EDU_4758,payment
c7a801e6-cd7b-433b-817d-e6e1650d90f9,USER_004,22/8/2023 23:35,Grocery Shopping,Giant Hypermarket,115.18,Successful,MERCH_GRC_3395,payment
9d46a498-57b7-45ae-af4d-2d39628050eb,USER_004,25/8/2023 14:09,Highway Toll,PLUS Highway,7.2,Successful,MERCH_TOLL_7231,payment
1b111360-314e-40b6-a639-8a23a58ab930,USER_004,26/8/2023 13:17,Streaming Service,Disney+ Hotstar,27.05,Successful,MERCH_STR_4633,payment
bae09f9c-6124-41fb-9478-f3c0090a226c,USER_004,26/8/2023 21:06,Petrol,Petronas Station,39.9,Successful,MERCH_PTR_5985,payment
f5d0307f-b437-45ae-98d0-220b7c438024,USER_004,27/8/2023 12:08,Wallet Top-up,Bank Transfer Top-up,254.52,Successful,TOPUP,topup
29957647-ba5f-428b-8972-a3876c284a96,USER_004,29/8/2023 13:19,Highway Toll,PLUS Highway,2.23,Successful,MERCH_TOLL_1008,payment
31aea633-4745-4af6-b33c-d96b2f0f1425,USER_004,29/8/2023 15:37,Food & Beverage,Old Town White Coffee,73.14,Successful,MERCH_FNB_5590,payment
87c1cc7b-6d34-4dbf-a714-79b2098a307c,USER_004,29/8/2023 18:30,Food & Beverage,Old Town White Coffee,30.07,Successful,MERCH_FNB_6956,payment
28d52783-65fa-40ec-aa1b-8a641aaf99da,USER_004,31/8/2023 9:50,Taxi / Ride-hailing,Maxim Malaysia,25.22,Successful,MERCH_RDH_3134,payment
fce57350-e5fc-45fe-a21a-226876cf0ed5,USER_004,31/8/2023 10:34,Food Delivery,Beep Delivery,59.17,Successful,MERCH_FDL_9664,payment
cc0e24f7-9e93-4692-ab1e-7141f95e9240,USER_004,31/8/2023 14:43,Grocery Shopping,Tesco Malaysia,223.49,Successful,MERCH_GRC_2429,payment
c1fa680f-b3bb-42a7-91cf-b175eb320660,USER_004,31/8/2023 19:33,Taxi / Ride-hailing,Grab Car,38.5,Successful,MERCH_RDH_1672,payment
d6446e86-5737-452c-8945-2fd66cd3bdcd,USER_004,1/9/23 9:15,Wallet Top-up,Public Bank Top-up,377.28,Pending,TOPUP,topup
ae9c0474-bb57-4090-825f-4bc3df59bf79,USER_004,1/9/23 15:10,Highway Toll,NKVE Toll,11.67,Successful,MERCH_TOLL_3249,payment
bc07bb8e-3434-48df-8c78-d86d7b1ee912,USER_004,1/9/23 17:40,Water Bill,PBAPP Penang,11.04,Successful,MERCH_WTR_7291,payment
51ab0f9b-782b-4b2a-80d8-c8f3ec31aa26,USER_004,1/9/23 22:29,Movie Ticket,GSC Cinemas,20.46,Successful,MERCH_MOV_3165,payment
65648c35-cc56-4298-9ee5-8d070b4da7ec,USER_004,1/9/23 23:42,Public Transport,Go KL City Bus,8.13,Successful,MERCH_TRNS_1221,payment
aab87085-0c29-4582-9997-60db9d8d520e,USER_004,4/9/23 19:04,Gaming Credits,Steam Wallet,86.01,Successful,MERCH_GAM_6544,payment
40b9353b-1e44-4d10-a037-d22921bf7d68,USER_004,5/9/23 7:08,Public Transport,RapidKL Bus,8.34,Successful,MERCH_TRNS_8279,payment
3fa9d699-07d4-4939-9913-8704bd32430f,USER_004,5/9/23 19:57,Petrol,Shell Malaysia,78.92,Successful,MERCH_PTR_1915,payment
2b3351c4-6a0b-4ea2-a9de-d5d5b5ad2910,USER_004,6/9/23 12:37,Petrol,Petronas Station,39.25,Successful,MERCH_PTR_1729,payment
c4f5c7f0-4d81-4055-92e1-3fc3ebfc0db8,USER_004,6/9/23 18:43,Petrol,Caltex Malaysia,30.11,Successful,MERCH_PTR_3323,payment
cb637d24-fa4c-40c8-be74-f01e94e4c5b9,USER_004,6/9/23 20:11,Food & Beverage,Secret Recipe,31.5,Successful,MERCH_FNB_3414,payment
49e171e2-70d3-4367-813e-67ba7a96b9a7,USER_004,7/9/23 8:09,Parking,Secure Parking,10.85,Pending,MERCH_PRK_2841,payment
130cb5f4-67e0-4b4d-a84f-922882e4a37e,USER_004,7/9/23 18:09,Food & Beverage,Gong Cha Malaysia,10.72,Successful,MERCH_FNB_6854,payment
305987c1-6c13-4bdc-b67d-c31b3ca99d11,USER_004,7/9/23 18:31,Food Delivery,Grab Food,59.15,Successful,MERCH_FDL_1710,payment
00537b3a-6dbb-4bc2-90e5-7c99299f7f2e,USER_004,8/9/23 7:34,Petrol,Petron Malaysia,91.15,Successful,MERCH_PTR_3971,payment
04ddd992-5011-45ce-b176-2e536c7d174a,USER_004,8/9/23 14:11,Taxi / Ride-hailing,MyCar Ride,26.12,Successful,MERCH_RDH_5702,payment
bf2f4ddb-d6df-4b2e-958e-49751684117d,USER_004,8/9/23 19:23,Parking,JPA Parking,16.59,Successful,MERCH_PRK_5348,payment
562b92a7-71dd-4e34-8d4f-96ec8817bd7d,USER_004,9/9/23 7:41,Highway Toll,PLUS Highway,12.39,Successful,MERCH_TOLL_3435,payment
f27a023d-0b08-43e5-b59e-960f2cea80a0,USER_004,9/9/23 10:18,Public Transport,Rapid Penang Bus,8.33,Successful,MERCH_TRNS_8838,payment
10beac43-44ee-49a5-9821-2301aa30540c,USER_004,9/9/23 12:11,Online Shopping,Zalora Malaysia,63.41,Pending,MERCH_OSP_3370,payment
928d0036-10e9-46c3-9335-10d1e25a6fd2,USER_004,9/9/23 23:07,Food & Beverage,Secret Recipe,28.95,Successful,MERCH_FNB_6777,payment
e3f0db67-4eda-4102-b196-212c9efe8ac5,USER_004,10/9/23 7:40,Taxi / Ride-hailing,AirAsia Ride,15.19,Failed,MERCH_RDH_6463,payment
27ce3c1e-f6cd-4d54-902d-84539004c836,USER_004,10/9/23 16:03,Parking,Secure Parking,11.89,Successful,MERCH_PRK_7859,payment
ba4a9a42-e46d-4013-be0c-eeb02c470048,USER_004,12/9/23 16:05,Petrol,Petron Malaysia,64.62,Successful,MERCH_PTR_4770,payment
561d21fe-ace1-454b-916f-ff71336ac44f,USER_004,12/9/23 20:40,Online Shopping,PG Mall,357.48,Successful,MERCH_OSP_4593,payment
407b0a22-77e0-41df-b563-19f94cc459c8,USER_004,14/9/2023 22:59,Highway Toll,PLUS Highway,9.32,Successful,MERCH_TOLL_6937,payment
008e8556-fe4e-4d59-8303-ebbf3019d345,USER_004,14/9/2023 23:45,Parking,APCOA Parking,8.5,Successful,MERCH_PRK_6723,payment
0ab95daf-2736-4e5c-90d1-b6402fab767a,USER_004,15/9/2023 9:04,Movie Ticket,TGV Cinemas,25.97,Successful,MERCH_MOV_5828,payment
84f7d51a-6031-4fa5-b300-c932378245e7,USER_004,15/9/2023 13:20,Petrol,Caltex Malaysia,48.97,Successful,MERCH_PTR_4973,payment
e6878781-0f58-4c8d-9d60-d5bd7f02464c,USER_004,15/9/2023 22:24,Taxi / Ride-hailing,Grab Car,27.63,Successful,MERCH_RDH_3344,payment
c4e7144e-7723-4a7b-bc56-4b664145c83e,USER_004,16/9/2023 11:41,Wallet Top-up,RHB Online Top-up,163.52,Successful,TOPUP,topup
558a2a5d-c733-4d62-af59-9729d58dc6d1,USER_004,16/9/2023 12:34,Electricity Bill,Tenaga Nasional (TNB),67.24,Successful,MERCH_UTL_3591,payment
088bc09f-377e-4629-bf95-94319b03c717,USER_004,18/9/2023 22:04,Highway Toll,PLUS Highway,9.47,Successful,MERCH_TOLL_1204,payment
2ba7108b-a090-4241-963a-8ce66b639e1b,USER_004,19/9/2023 7:50,Public Transport,MRT Putrajaya Line,7.69,Successful,MERCH_TRNS_8696,payment
de4f58c8-4c40-44a6-8921-e6125e2c65aa,USER_004,20/9/2023 16:19,Taxi / Ride-hailing,MyCar Ride,29.4,Successful,MERCH_RDH_8703,payment
4416ba83-6906-4870-b9d6-270fdaab5c4c,USER_004,23/9/2023 18:41,Gaming Credits,Mobile Legends Diamonds,15.57,Successful,MERCH_GAM_5698,payment
04ca68f9-2d58-406e-b94c-b4cafb959719,USER_004,23/9/2023 22:16,Streaming Service,iQIYI Malaysia,34.09,Successful,MERCH_STR_3843,payment
a7d003df-245a-426a-aabc-8bec7fda22fd,USER_004,25/9/2023 9:46,Insurance,Allianz Malaysia,328.17,Successful,MERCH_INS_5227,payment
700fd1ba-9469-4276-b088-4344fb9d8af0,USER_004,25/9/2023 18:25,Taxi / Ride-hailing,AirAsia Ride,22.14,Successful,MERCH_RDH_3569,payment
0baa6f99-868c-4c7c-a58c-f773e056ca16,USER_004,26/9/2023 6:10,Food Delivery,Foodpanda,43.23,Successful,MERCH_FDL_4471,payment
e3746d4f-83bc-44d4-88f7-6063d64062fb,USER_004,27/9/2023 6:52,Food Delivery,Beep Delivery,75.69,Successful,MERCH_FDL_2264,payment
3e0f9e8b-d9da-43fe-b41c-6c9ca92ff7c8,USER_004,27/9/2023 12:12,Mobile Recharge,U Mobile Reload,16.59,Successful,MERCH_MBL_7233,payment
0adfc72a-1487-4cc2-89ca-530127a54da5,USER_004,27/9/2023 12:34,Streaming Service,Disney+ Hotstar,17.46,Successful,MERCH_STR_5422,payment
f0342389-2468-4913-95d6-7c75b9208ee9,USER_004,28/9/2023 11:12,Water Bill,SATU Sdn Bhd,21.98,Successful,MERCH_WTR_1459,payment
efecede4-bd65-4dcd-a54f-5b95c4645010,USER_004,28/9/2023 13:18,Highway Toll,LDP Toll,12.09,Successful,MERCH_TOLL_1179,payment
2943d370-9593-4e46-b04a-e8330641636e,USER_004,28/9/2023 23:13,Petrol,Petronas Station,54.23,Failed,MERCH_PTR_4937,payment
b5bb0a14-1f99-40e2-bdda-8f5cb3d59e1a,USER_004,29/9/2023 14:59,Petrol,Petron Malaysia,34.11,Successful,MERCH_PTR_8926,payment
667b8abd-1c44-4dfd-bd72-fd4a596e49fe,USER_004,29/9/2023 21:05,Wallet Top-up,Maybank2u Top-up,395.14,Successful,TOPUP,topup
09621aee-ea98-4c25-90bf-25f35e22950c,USER_004,29/9/2023 23:16,Wallet Top-up,Debit Card Reload,198.72,Successful,TOPUP,topup
6596d3c1-b53b-4582-bfdc-375c0ebae4d3,USER_004,29/9/2023 23:22,Taxi / Ride-hailing,inDrive Malaysia,25.23,Successful,MERCH_RDH_2595,payment
13a05204-282f-46b2-839d-2fb972aeb377,USER_004,1/10/23 8:20,Wallet Top-up,Debit Card Reload,157.83,Successful,TOPUP,topup
26c833d0-6bde-4dd9-99b1-6af25ce6b43e,USER_004,1/10/23 10:49,Food Delivery,Shopeefood,88.33,Successful,MERCH_FDL_8046,payment
851403aa-4d25-4d60-a17c-72443a5c2c6d,USER_004,2/10/23 13:44,Food & Beverage,McDonald's Malaysia,25.24,Successful,MERCH_FNB_7929,payment
cf6448f2-3966-4585-affe-ea631ff3cc8a,USER_004,2/10/23 17:54,Highway Toll,PLUS Highway,7.17,Successful,MERCH_TOLL_5487,payment
e09fc118-6e28-4159-a2b2-be1066fe33a1,USER_004,3/10/23 11:45,Taxi / Ride-hailing,AirAsia Ride,19.13,Successful,MERCH_RDH_9597,payment
a62def47-f560-4c3c-bec6-1f05a90c1c2b,USER_004,4/10/23 15:24,Food & Beverage,McDonald's Malaysia,72.12,Successful,MERCH_FNB_2514,payment
73da3bd8-aef8-485a-9515-d122478a66ed,USER_004,4/10/23 22:51,Wallet Top-up,RHB Online Top-up,191.13,Successful,TOPUP,topup
dfe201a3-28ec-4a9c-946e-6e050b3343e5,USER_004,5/10/23 6:37,Online Shopping,Amazon.com.my,350.64,Successful,MERCH_OSP_9773,payment
b1a8bd3b-17ec-4f2b-aca0-44df199b854b,USER_004,5/10/23 9:36,Taxi / Ride-hailing,MyCar Ride,50.8,Successful,MERCH_RDH_7375,payment
6000e398-5611-4048-b072-b6336fe700fe,USER_004,5/10/23 20:05,Parking,Wilson Parking MY,15.01,Successful,MERCH_PRK_2274,payment
a54b5dcd-73e8-4737-a4c1-2f71afc47db1,USER_004,6/10/23 22:33,Public Transport,Go KL City Bus,1.13,Successful,MERCH_TRNS_6185,payment
a43e9546-35b0-4e35-b04c-84539a46ae9a,USER_004,8/10/23 18:55,Parking,Secure Parking,4.04,Failed,MERCH_PRK_6184,payment
28eddd97-24ad-4cd9-9b45-192963ba78a7,USER_004,9/10/23 7:39,Online Shopping,PG Mall,494.35,Failed,MERCH_OSP_1060,payment
b57089f8-fa4b-43fb-b12e-4c9f8904d5dc,USER_004,10/10/23 11:04,Education,iLearn,37.06,Successful,MERCH_EDU_2596,payment
38d490bd-a64c-402e-8d2e-d96801e48fbd,USER_004,10/10/23 23:55,Food & Beverage,Marrybrown,21.21,Successful,MERCH_FNB_7185,payment
7e25aa2e-e1af-4316-bf9b-f3dc3a0957d3,USER_004,11/10/23 8:20,Food & Beverage,McDonald's Malaysia,66.03,Successful,MERCH_FNB_7066,payment
7b725bf8-7ba8-41bf-81a1-0251df4df28f,USER_004,11/10/23 15:23,Parking,DBKL Parking,14.59,Successful,MERCH_PRK_3043,payment
b1967080-240f-4b44-b341-27c6b19b4120,USER_004,11/10/23 20:50,Online Shopping,Amazon.com.my,189.06,Successful,MERCH_OSP_6762,payment
7b615e8c-00fb-4aa8-936e-6ddea374884a,USER_004,13/10/2023 19:12,Petrol,BHP Petrol,113.37,Successful,MERCH_PTR_2857,payment
97e3ee64-9bac-4cf5-8728-e5d3f3971a35,USER_004,13/10/2023 19:54,Food Delivery,Beep Delivery,54.34,Successful,MERCH_FDL_3664,payment
fa5db12c-dbc7-49dd-9d74-37965a1ff974,USER_004,13/10/2023 21:37,Education,iLearn,184.16,Successful,MERCH_EDU_5640,payment
94364e7b-5b16-4a12-b4e8-7570c77735e9,USER_004,15/10/2023 7:34,Parking,APCOA Parking,16.51,Successful,MERCH_PRK_2435,payment
bdee2d9b-9e37-4b10-ac93-17845edace2c,USER_004,15/10/2023 9:05,Streaming Service,iQIYI Malaysia,17.26,Successful,MERCH_STR_7738,payment
f76198d4-bcb6-4c7c-8422-9816e55ae6f7,USER_004,15/10/2023 14:30,Internet Bill,Digi Home,158.69,Successful,MERCH_INT_2633,payment
932e3f63-46aa-43db-a00c-a37334b36399,USER_004,15/10/2023 16:10,Insurance,Great Eastern,137.21,Successful,MERCH_INS_7891,payment
37219452-302f-4500-b089-74dcce82ab95,USER_004,15/10/2023 23:57,Petrol,Petronas Station,107.07,Successful,MERCH_PTR_4204,payment
d99bbfda-3791-4aa1-a977-e02f78743fbd,USER_004,17/10/2023 16:23,Food Delivery,AirAsia Food,82.82,Successful,MERCH_FDL_7765,payment
7058c10f-3052-47f1-a34b-4a8917a481c1,USER_004,18/10/2023 6:09,Gaming Credits,Garena Shell,94.26,Successful,MERCH_GAM_1124,payment
1b379211-ef69-43a4-aae1-d8c4bde1e0c8,USER_004,19/10/2023 17:22,Petrol,BHP Petrol,57.67,Successful,MERCH_PTR_5333,payment
eeea3cc4-86d2-40ea-93d9-a77a33ba5f35,USER_004,19/10/2023 18:54,Parking,Wilson Parking MY,18.2,Successful,MERCH_PRK_1068,payment
24a46fb2-7eb3-4712-8859-33a07aa41b22,USER_004,20/10/2023 8:09,Highway Toll,LDP Toll,13.27,Successful,MERCH_TOLL_7134,payment
b69005d2-16e2-454f-a925-a31396f385c3,USER_004,20/10/2023 21:13,Taxi / Ride-hailing,MyCar Ride,16.86,Successful,MERCH_RDH_6490,payment
df36add9-4bed-4189-8830-539ad44cc72f,USER_004,20/10/2023 22:59,Online Shopping,PG Mall,112.48,Successful,MERCH_OSP_7412,payment
11f78991-00ea-45c1-a3dd-885ca9e8dc20,USER_004,21/10/2023 8:45,Insurance,Takaful Malaysia,114.8,Successful,MERCH_INS_8030,payment
9716f4da-66b0-49bd-828c-674148bb5eae,USER_004,21/10/2023 10:49,Wallet Top-up,CIMB Clicks Top-up,250.78,Successful,TOPUP,topup
afa35930-8e29-4bb0-95c1-7a9bc3d5ed76,USER_004,21/10/2023 21:06,Public Transport,MRT Putrajaya Line,7.39,Successful,MERCH_TRNS_2631,payment
10ca283c-e71e-4735-a007-d6eedae50866,USER_004,22/10/2023 8:22,Highway Toll,NKVE Toll,13.3,Successful,MERCH_TOLL_7422,payment
dbdaf9cc-aa91-4e19-94e6-4fb8f6c6fb05,USER_004,22/10/2023 19:32,Grocery Shopping,Aeon,62.88,Successful,MERCH_GRC_6282,payment
16a56418-e6be-47b8-b60b-aca7475fe760,USER_004,23/10/2023 18:15,Online Shopping,PG Mall,33.35,Successful,MERCH_OSP_3507,payment
243202f0-a2cf-41e3-8937-a46fa5d90ff9,USER_004,24/10/2023 9:58,Parking,APCOA Parking,2.46,Successful,MERCH_PRK_7265,payment
a4ebdb68-1bc1-4958-855f-7ff77468f254,USER_004,24/10/2023 21:07,Wallet Top-up,Bank Transfer Top-up,307.88,Successful,TOPUP,topup
cb9e34b3-a157-46ca-bd6e-c9fe51fe3c46,USER_004,25/10/2023 20:41,Food & Beverage,Tealive,19.54,Successful,MERCH_FNB_5864,payment
969c1817-e94d-4fc3-a30c-afecd9f0910c,USER_004,26/10/2023 8:31,Taxi / Ride-hailing,AirAsia Ride,42.28,Successful,MERCH_RDH_5267,payment
8a2f946b-fe50-4881-9a48-395875b9d5b6,USER_004,28/10/2023 7:18,Parking,APCOA Parking,4,Successful,MERCH_PRK_2694,payment
cb4cad3c-4490-471d-b7fe-19e2e5e26822,USER_004,28/10/2023 19:02,Public Transport,MRT Putrajaya Line,3.36,Successful,MERCH_TRNS_5627,payment
e009ab66-d5ff-49f8-9d1f-cc2a54a05d5a,USER_004,29/10/2023 12:51,Highway Toll,SPRINT Highway,6.97,Successful,MERCH_TOLL_4407,payment
da83f94b-f816-42b3-b0e7-7c17776abe8c,USER_004,30/10/2023 10:28,Highway Toll,PLUS Highway,14.93,Successful,MERCH_TOLL_8971,payment
4e7a4dc0-70b6-493a-a516-3c5972402131,USER_004,31/10/2023 21:09,Taxi / Ride-hailing,AirAsia Ride,40.94,Successful,MERCH_RDH_6137,payment
7859e1f6-bb07-4ac1-8938-2529f911891c,USER_004,1/11/23 9:07,Wallet Top-up,Maybank2u Top-up,263.2,Successful,TOPUP,topup
23cc4273-80e6-4ec5-b2f4-e10662c9a9d9,USER_004,1/11/23 9:11,Electricity Bill,Tenaga Nasional (TNB),128.41,Successful,MERCH_UTL_1348,payment
67fc79e2-e6e7-4d44-9cde-3a1faff157e8,USER_004,5/11/23 14:17,Education,Coursera,91.84,Successful,MERCH_EDU_8565,payment
34910757-2ce9-442d-87c8-7d58a96f6977,USER_004,6/11/23 7:07,Online Shopping,PG Mall,38.78,Successful,MERCH_OSP_9642,payment
3cda3453-60f8-4b74-a763-93c302b9658d,USER_004,6/11/23 15:00,Highway Toll,PLUS Highway,11.63,Successful,MERCH_TOLL_7800,payment
3763fc3b-4a9e-4a04-8242-0d6bbc0ac4fb,USER_004,7/11/23 6:20,Taxi / Ride-hailing,AirAsia Ride,36.94,Successful,MERCH_RDH_2306,payment
c58818fc-f4d1-4c96-894b-df65f24080a4,USER_004,7/11/23 6:34,Internet Bill,Celcom Home,165.61,Successful,MERCH_INT_5889,payment
b685b11c-7493-4195-95a4-a6f8c7f412e4,USER_004,7/11/23 8:22,Education,Coursera,236.23,Successful,MERCH_EDU_7126,payment
2e045a61-dce0-4779-9fc8-83c38a9099ba,USER_004,7/11/23 12:03,Food & Beverage,McDonald's Malaysia,12.89,Successful,MERCH_FNB_3273,payment
01167c82-fc2d-46b3-befd-873f8f60e617,USER_004,7/11/23 14:25,Taxi / Ride-hailing,AirAsia Ride,16.85,Successful,MERCH_RDH_4708,payment
3d33723f-4c5f-44b0-9ddd-2e7e98979ae7,USER_004,7/11/23 17:07,Parking,JPA Parking,19.81,Successful,MERCH_PRK_9807,payment
d16d47ea-396f-487a-b44d-074f8feecb9c,USER_004,7/11/23 20:36,Parking,JPA Parking,3.99,Successful,MERCH_PRK_1705,payment
8d6c0e08-9b3a-4f76-8936-e51e9e766082,USER_004,7/11/23 21:27,Highway Toll,SPRINT Highway,5.28,Successful,MERCH_TOLL_7218,payment
1dfd8018-1ae9-4180-9358-860ea8f063ec,USER_004,8/11/23 8:46,Public Transport,Rapid Penang Bus,2.14,Successful,MERCH_TRNS_2964,payment
ac87c897-296e-4aad-83ad-4cc869025b2c,USER_004,9/11/23 8:36,Taxi / Ride-hailing,AirAsia Ride,42.75,Successful,MERCH_RDH_8320,payment
d6b3bf7c-e51c-4707-900d-f99fa1062c85,USER_004,9/11/23 16:39,Food & Beverage,Old Town White Coffee,78.23,Successful,MERCH_FNB_9029,payment
73dc9262-543f-4012-8750-5ca7146d9225,USER_004,11/11/23 6:45,Taxi / Ride-hailing,inDrive Malaysia,21.72,Successful,MERCH_RDH_2504,payment
5ae9a065-c2f6-43f9-8e76-62c51410a45e,USER_004,11/11/23 13:35,Highway Toll,NKVE Toll,10.73,Successful,MERCH_TOLL_4971,payment
a6af8360-776d-4c5e-99ed-c96cd72ef85c,USER_004,11/11/23 19:50,Food & Beverage,KFC Malaysia,77.88,Successful,MERCH_FNB_2231,payment
70be2f6f-49e8-40d5-8893-84fdc4438afa,USER_004,12/11/23 13:04,Highway Toll,LDP Toll,12.96,Successful,MERCH_TOLL_8670,payment
b4c9e27c-5aa7-47fc-8440-b934af543107,USER_004,12/11/23 21:39,Highway Toll,LDP Toll,8.69,Successful,MERCH_TOLL_9644,payment
aee656cd-e6ee-4ce1-a5cc-ec58431cd489,USER_004,13/11/2023 12:16,Wallet Top-up,Bank Transfer Top-up,263.51,Successful,TOPUP,topup
73f8e215-52f6-41cf-82a9-784a78aaf645,USER_004,13/11/2023 15:38,Petrol,Shell Malaysia,112.5,Successful,MERCH_PTR_4584,payment
94b131a3-e11f-465d-b9eb-d449e595555a,USER_004,14/11/2023 16:52,Online Shopping,PG Mall,117.45,Successful,MERCH_OSP_9412,payment
cadc8ee0-f60b-4d5f-a330-572c014240b2,USER_004,15/11/2023 19:38,Highway Toll,KESAS Highway,11.11,Successful,MERCH_TOLL_3690,payment
c7be0546-f2f9-4c27-9df3-c98c6d2b8487,USER_004,16/11/2023 21:02,Petrol,Petronas Station,71.49,Successful,MERCH_PTR_3413,payment
3b2aa6cc-7f66-4e3a-b3e3-99d2594620cb,USER_004,17/11/2023 12:06,Highway Toll,PLUS Highway,4.12,Successful,MERCH_TOLL_8550,payment
cf0e03a2-b812-4166-ab7f-5c09991953a8,USER_004,17/11/2023 22:48,Taxi / Ride-hailing,AirAsia Ride,21.81,Successful,MERCH_RDH_6766,payment
920db08e-d306-4e61-a303-9af1acfcf997,USER_004,18/11/2023 6:10,Highway Toll,KESAS Highway,3.61,Successful,MERCH_TOLL_4474,payment
2fe15721-4be0-4997-b88e-4593f0fefbbe,USER_004,18/11/2023 15:29,Petrol,Petronas Station,54.53,Successful,MERCH_PTR_8230,payment
6888efd5-ac4a-4795-9ebb-9e21bc3c65d7,USER_004,19/11/2023 15:10,Streaming Service,viu,25.28,Successful,MERCH_STR_4177,payment
aca1df81-a38b-473c-8c3e-2d219b33e05c,USER_004,19/11/2023 17:23,Electricity Bill,Tenaga Nasional (TNB),164.06,Successful,MERCH_UTL_9497,payment
68d669e2-d518-4e04-a424-cacb6e59176a,USER_004,19/11/2023 19:18,Streaming Service,Netflix Malaysia,17.75,Successful,MERCH_STR_4597,payment
03a16267-3c21-49bb-81df-eac64ff3347a,USER_004,20/11/2023 18:27,Petrol,Shell Malaysia,77.89,Successful,MERCH_PTR_2078,payment
c184ed33-5048-4f29-9484-d7d9c32d70b3,USER_004,21/11/2023 8:28,Parking,Secure Parking,9.07,Successful,MERCH_PRK_7421,payment
af887117-31ce-430e-b469-009a4c7e3298,USER_004,21/11/2023 19:43,Insurance,Great Eastern,135.54,Successful,MERCH_INS_9112,payment
2b80f9f8-3eca-48a7-9c40-1aa31df35e31,USER_004,22/11/2023 17:23,Food Delivery,Shopeefood,69.24,Successful,MERCH_FDL_5718,payment
21892518-d1ea-414c-8063-7f8ce6de0e6e,USER_004,24/11/2023 14:59,Petrol,Petron Malaysia,96.52,Successful,MERCH_PTR_8811,payment
4942128f-64f9-4012-a294-4d1e40336355,USER_004,25/11/2023 16:07,Taxi / Ride-hailing,inDrive Malaysia,43.44,Successful,MERCH_RDH_6162,payment
25990079-5484-4044-9718-2e560e2db762,USER_004,26/11/2023 21:27,Mobile Recharge,U Mobile Reload,48.49,Successful,MERCH_MBL_3323,payment
67724216-f875-4f92-aaca-d362ea4c23d2,USER_004,27/11/2023 22:22,Online Shopping,Shopee,487.7,Successful,MERCH_OSP_3908,payment
3b5fc5ee-6a04-41e6-b9a8-ea208193f459,USER_004,29/11/2023 7:32,Food & Beverage,McDonald's Malaysia,77.72,Successful,MERCH_FNB_6769,payment
70015deb-516f-4df3-b336-7ac630d6a438,USER_004,1/12/23 9:51,Wallet Top-up,Debit Card Reload,184.79,Successful,TOPUP,topup
450a2b1d-9877-4c14-bc87-ba2b8bbe9449,USER_004,1/12/23 10:26,Food & Beverage,Secret Recipe,27.58,Successful,MERCH_FNB_4268,payment
aadc3ab1-e0ea-43a1-8fb8-633d4be1c7bd,USER_004,1/12/23 13:36,Petrol,Caltex Malaysia,46.5,Successful,MERCH_PTR_9942,payment
50adef40-771e-42bc-aef8-2ebd800db138,USER_004,1/12/23 17:19,Insurance,AIA Malaysia,222.17,Successful,MERCH_INS_3270,payment
d9294236-8b16-4840-acb0-9a309d7affd2,USER_004,1/12/23 20:02,Petrol,BHP Petrol,61.88,Successful,MERCH_PTR_8673,payment
2315bef2-6dc9-4872-95c0-24b79a0cfa69,USER_004,1/12/23 21:59,Wallet Top-up,Public Bank Top-up,156.92,Successful,TOPUP,topup
bdc5c2e1-991c-4a49-b6d5-47f60e28b8dc,USER_004,2/12/23 6:36,Wallet Top-up,Public Bank Top-up,172.11,Successful,TOPUP,topup
fa944516-127e-40d4-b2f3-4402e0e0ca55,USER_004,2/12/23 21:59,Parking,Wilson Parking MY,8.72,Successful,MERCH_PRK_9391,payment
34a5d6d4-c569-4988-9806-055d9aa4498f,USER_004,4/12/23 15:51,Parking,JPA Parking,15.6,Successful,MERCH_PRK_1877,payment
e50fc495-2e5e-450e-9065-492ca06e2b9f,USER_004,4/12/23 19:50,Online Shopping,Shopee,407.59,Successful,MERCH_OSP_8582,payment
5511962c-5a46-4e33-9c02-b45ada7b8fe5,USER_004,5/12/23 17:56,Petrol,Petronas Station,34.92,Successful,MERCH_PTR_2387,payment
aab7aeba-491f-4df5-af9a-81ac56104522,USER_004,5/12/23 20:43,Streaming Service,Astro On-The-Go,47.5,Successful,MERCH_STR_2595,payment
686787ef-fb51-4a10-81c8-f2f80b78a7b8,USER_004,6/12/23 10:49,Taxi / Ride-hailing,Grab Car,46.5,Successful,MERCH_RDH_2989,payment
e5056c57-5913-4061-b28a-6c2871802bc9,USER_004,6/12/23 19:43,Taxi / Ride-hailing,Grab Car,34.85,Successful,MERCH_RDH_4359,payment
1025efba-e3f0-42d9-97c5-6a7822c838bb,USER_004,7/12/23 7:37,Wallet Top-up,CIMB Clicks Top-up,205.89,Successful,TOPUP,topup
ec32a87e-609c-4634-a67e-e557e758bd47,USER_004,8/12/23 10:22,Education,SkillUp,187.93,Successful,MERCH_EDU_6093,payment
31a4984d-986b-47ef-982d-6cada613b26e,USER_004,8/12/23 18:27,Insurance,Takaful Malaysia,110.97,Successful,MERCH_INS_4288,payment
ed0fe5c7-bcdd-45a2-9054-9c4dd99e764c,USER_004,9/12/23 10:46,Water Bill,SYABAS,14.84,Successful,MERCH_WTR_9516,payment
df7f4c10-420a-49d1-917c-ddb18df90b17,USER_004,10/12/23 6:27,Petrol,Petron Malaysia,65.16,Successful,MERCH_PTR_8271,payment
5ad6c9a6-10e5-4fd5-957e-08f5b3c782cf,USER_004,10/12/23 8:51,Grocery Shopping,Cold Storage,207.76,Successful,MERCH_GRC_4015,payment
de9652bb-5d61-42f3-bf62-a8c534c01a52,USER_004,10/12/23 9:03,Petrol,Petron Malaysia,107.34,Successful,MERCH_PTR_8194,payment
3523eae1-6cad-45d5-9e4d-f55b05e0a626,USER_004,10/12/23 13:33,Online Shopping,Shopee,88.01,Successful,MERCH_OSP_4027,payment
8ca878bb-ad33-4277-aa5d-1e938529c5ec,USER_004,11/12/23 20:31,Food & Beverage,Tealive,41.03,Successful,MERCH_FNB_8801,payment
94aa98e5-bf22-48fe-b06b-dfa3c40dfaf8,USER_004,11/12/23 22:49,Highway Toll,NKVE Toll,6.64,Successful,MERCH_TOLL_9076,payment
4dfba346-2bcf-43d1-bc4f-cbc6683c0dd6,USER_004,12/12/23 23:16,Food Delivery,Grab Food,44.52,Successful,MERCH_FDL_8601,payment
abde3af9-4e73-4a22-9787-93afa0a011bc,USER_004,13/12/2023 19:17,Highway Toll,KESAS Highway,9.4,Successful,MERCH_TOLL_2968,payment
25bc33d6-3d3c-494c-83c5-8a2ce24f4368,USER_004,14/12/2023 8:18,Mobile Recharge,Yes 4G Reload,11.71,Successful,MERCH_MBL_8282,payment
ec14b3e6-1d95-426a-8b0b-8d10429e1ee0,USER_004,15/12/2023 22:11,Wallet Top-up,Public Bank Top-up,370.61,Successful,TOPUP,topup
d9cc492e-1a5a-472c-b553-ded2b5f5f225,USER_004,16/12/2023 14:23,Highway Toll,LDP Toll,8.51,Successful,MERCH_TOLL_6861,payment
997d88f1-de43-438f-bbba-48248d4af185,USER_004,17/12/2023 15:39,Food & Beverage,Secret Recipe,9.71,Successful,MERCH_FNB_9405,payment
34044441-1ee1-4593-a519-83d67d82e1a0,USER_004,18/12/2023 10:05,Food Delivery,Beep Delivery,47.84,Successful,MERCH_FDL_6558,payment
cbb9221f-7a78-413b-a91d-8e9708aaa02c,USER_004,19/12/2023 17:18,Public Transport,Go KL City Bus,9.31,Successful,MERCH_TRNS_5963,payment
e594d168-fd31-49b7-abb0-4e545a0a6037,USER_004,22/12/2023 6:03,Insurance,Allianz Malaysia,339.89,Successful,MERCH_INS_7168,payment
1d2caf55-ff5f-45dc-9466-aa330325bd7a,USER_004,22/12/2023 11:19,Food & Beverage,Gong Cha Malaysia,57.33,Successful,MERCH_FNB_3120,payment
200dac74-cfbc-4b00-9ea6-46cebbe5447f,USER_004,22/12/2023 22:46,Electricity Bill,Tenaga Nasional (TNB),70.78,Successful,MERCH_UTL_2107,payment
deb2bdcf-95b5-44c4-b43f-45c1cea6cfde,USER_004,22/12/2023 23:57,Public Transport,RapidKL LRT,5.49,Successful,MERCH_TRNS_2740,payment
f098425e-0ea7-4f85-9ab5-f4257d2f4ca5,USER_004,23/12/2023 16:53,Mobile Recharge,Celcom Top-up,14.22,Successful,MERCH_MBL_4876,payment
a2b38fa8-781b-4263-a9b1-cc46d741d641,USER_004,23/12/2023 19:23,Taxi / Ride-hailing,AirAsia Ride,55.96,Successful,MERCH_RDH_7882,payment
9ce7425d-04b2-431e-9b5e-5b5fbe76fe56,USER_004,24/12/2023 8:12,Food & Beverage,McDonald's Malaysia,38.11,Successful,MERCH_FNB_2194,payment
a3e4ce9d-e1b1-49bb-a1dd-538d8434dc88,USER_004,26/12/2023 22:42,Streaming Service,Netflix Malaysia,26.42,Successful,MERCH_STR_3851,payment
c3e1dbc2-879b-4916-b9ba-9d63d58081d8,USER_004,28/12/2023 13:30,Food Delivery,Beep Delivery,27.27,Successful,MERCH_FDL_4272,payment
b4f0a4ab-5da1-4303-b613-9981e2f4f04d,USER_004,28/12/2023 21:07,Taxi / Ride-hailing,inDrive Malaysia,46.59,Successful,MERCH_RDH_4296,payment
13646f64-43ce-4e02-8da3-00cfad6d9c14,USER_004,30/12/2023 15:38,Petrol,Shell Malaysia,82.39,Successful,MERCH_PTR_2409,payment
34d61ff0-b62b-4ccd-97ee-9b26a45b2a27,USER_004,30/12/2023 17:56,Taxi / Ride-hailing,inDrive Malaysia,50.12,Successful,MERCH_RDH_1544,payment
edc44fb5-d468-42c5-b81a-28374f761490,USER_004,31/12/2023 9:57,Food Delivery,AirAsia Food,79.43,Successful,MERCH_FDL_9955,payment
48150e52-a044-4120-84a8-734baeb58e6f,USER_004,31/12/2023 14:56,Taxi / Ride-hailing,Maxim Malaysia,17.89,Successful,MERCH_RDH_9129,payment
c87e0eb7-cbad-49b5-afe6-5dbb712634fe,USER_004,31/12/2023 18:40,Insurance,Takaful Malaysia,176.25,Successful,MERCH_INS_6768,payment
f2bb23b7-aba4-4dd2-871f-c1e1cc60b598,USER_004,1/1/24 8:52,Wallet Top-up,Maybank2u Top-up,169.15,Successful,TOPUP,topup
e02f630e-828b-47ee-a548-5418ae664522,USER_004,1/1/24 13:26,Food & Beverage,McDonald's Malaysia,31.23,Successful,MERCH_FNB_6146,payment
2a436072-9466-4c8c-bb4e-9657519a0d05,USER_004,2/1/24 6:49,Food & Beverage,Gong Cha Malaysia,50.46,Successful,MERCH_FNB_3125,payment
0bfa8d46-4845-4384-b71d-80f972923964,USER_004,2/1/24 9:02,Public Transport,RapidKL LRT,3.25,Successful,MERCH_TRNS_2251,payment
67f2bff6-8ee5-48cc-a333-8fc1c6d466d2,USER_004,2/1/24 10:13,Petrol,BHP Petrol,69.92,Successful,MERCH_PTR_4609,payment
c1716efb-fce2-434b-a133-ad8206ad9740,USER_004,2/1/24 16:26,Food Delivery,Beep Delivery,79.78,Successful,MERCH_FDL_5795,payment
a47c7217-6a4c-4636-aeb7-4a90c0ef32dd,USER_004,2/1/24 18:49,Parking,JPA Parking,11.06,Successful,MERCH_PRK_9870,payment
5b88be09-773c-4162-83c1-33dca3535f82,USER_004,3/1/24 7:22,Parking,DBKL Parking,7.04,Successful,MERCH_PRK_8966,payment
597ff869-5f67-4b76-82b5-738c3618927a,USER_004,3/1/24 11:18,Public Transport,RapidKL Bus,3.74,Successful,MERCH_TRNS_4777,payment
06869c8d-3ea7-43f2-8aaf-fe092875fca3,USER_004,7/1/24 16:56,Public Transport,Go KL City Bus,1.32,Successful,MERCH_TRNS_3325,payment
ad7238e5-0f7d-46f7-b51d-448446cddd5c,USER_004,8/1/24 13:05,Online Shopping,Amazon.com.my,30.22,Successful,MERCH_OSP_2871,payment
8bcfac64-968c-4557-80e4-030e16762aad,USER_004,9/1/24 18:45,Grocery Shopping,Tesco Malaysia,209.39,Successful,MERCH_GRC_5921,payment
eb099dcf-2926-4067-92f8-fd18308c95ea,USER_004,11/1/24 19:58,Grocery Shopping,Tesco Malaysia,19.43,Successful,MERCH_GRC_9115,payment
50d5b77b-3d8c-4427-aa38-480b2b358c5a,USER_004,14/1/2024 21:19,Online Shopping,Lazada,202.08,Successful,MERCH_OSP_4370,payment
6acadc61-a8f5-4a89-8e45-9ca3912cdd3a,USER_004,14/1/2024 23:08,Petrol,BHP Petrol,78.74,Successful,MERCH_PTR_1512,payment
4eea40e3-eaf2-47d3-b6fb-84372fb09e1b,USER_004,15/1/2024 9:57,Highway Toll,NKVE Toll,14.42,Successful,MERCH_TOLL_6508,payment
8fdaf814-55fe-4309-814d-f8a3ec27b36b,USER_004,16/1/2024 10:17,Insurance,Takaful Malaysia,284.46,Successful,MERCH_INS_4547,payment
6a11dab3-ba6a-492c-8128-2f4bdcd1d018,USER_004,16/1/2024 13:03,Insurance,Allianz Malaysia,291.31,Successful,MERCH_INS_8004,payment
e15e636d-d545-4dab-a387-5ef66e6f730b,USER_004,17/1/2024 13:41,Taxi / Ride-hailing,Grab Car,57.53,Successful,MERCH_RDH_7358,payment
129272d4-3d92-4f11-b1df-48e157c2484f,USER_004,17/1/2024 15:06,Grocery Shopping,Cold Storage,149.56,Successful,MERCH_GRC_7944,payment
c128802d-56e3-4097-a711-e108a5d4294e,USER_004,18/1/2024 13:54,Petrol,Shell Malaysia,72.06,Pending,MERCH_PTR_7247,payment
58474c19-c089-4afd-b9c4-d213574f11b0,USER_004,18/1/2024 16:01,Food & Beverage,McDonald's Malaysia,64.97,Failed,MERCH_FNB_5598,payment
494b0a09-3eaa-4806-911f-d44d3ee96f13,USER_004,19/1/2024 8:08,Highway Toll,LDP Toll,5.64,Successful,MERCH_TOLL_9893,payment
683c2265-5167-4619-8016-b37f73b4feb5,USER_004,20/1/2024 7:34,Highway Toll,SPRINT Highway,5.26,Successful,MERCH_TOLL_6926,payment
849e0f21-8f92-4e09-b8ac-0765a4c31b41,USER_004,20/1/2024 8:56,Streaming Service,iQIYI Malaysia,18.13,Successful,MERCH_STR_1202,payment
140fb14c-3e99-423c-801d-5b0ac04699c6,USER_004,21/1/2024 18:55,Mobile Recharge,Digi Prepaid,27.75,Successful,MERCH_MBL_3929,payment
cadbbf3d-2989-4f85-97fc-0dd766f060ea,USER_004,22/1/2024 7:15,Highway Toll,PLUS Highway,8.22,Successful,MERCH_TOLL_6877,payment
93531726-d90c-4d9f-af44-5592ac37d340,USER_004,23/1/2024 10:27,Food & Beverage,McDonald's Malaysia,25.73,Successful,MERCH_FNB_2303,payment
09186879-552f-4a43-99ed-ae8632418b7d,USER_004,24/1/2024 6:35,Mobile Recharge,Maxis Reload,17.19,Successful,MERCH_MBL_8216,payment
8101a621-b2a5-47d6-834f-fcf2fa87c704,USER_004,25/1/2024 23:36,Grocery Shopping,Cold Storage,68.44,Successful,MERCH_GRC_3084,payment
4dbb8dda-f103-4994-a16b-ba8afe76abf0,USER_004,26/1/2024 6:55,Parking,APCOA Parking,4.06,Successful,MERCH_PRK_4812,payment
d180b3b4-b4e3-49da-89a6-c98a1b701ccb,USER_004,26/1/2024 8:28,Taxi / Ride-hailing,AirAsia Ride,10.18,Successful,MERCH_RDH_6199,payment
247b2196-18ba-4570-933d-a2d4aa203cd4,USER_004,26/1/2024 12:34,Highway Toll,MEX Highway,15.15,Successful,MERCH_TOLL_5244,payment
d8666364-66ea-47d5-8bca-d7a85faa22d3,USER_004,27/1/2024 15:59,Education,SkillUp,187.75,Successful,MERCH_EDU_9854,payment
d0ada276-7763-4251-85de-1756bbd13d44,USER_004,27/1/2024 16:59,Food Delivery,Grab Food,46.62,Successful,MERCH_FDL_9305,payment
bae04eac-a8ad-439b-87bd-6d53866c4f46,USER_004,28/1/2024 13:01,Food & Beverage,PappaRich,67.19,Successful,MERCH_FNB_7084,payment
b4d09898-6cae-4b96-a721-055b7fd08dac,USER_004,28/1/2024 18:43,Highway Toll,KESAS Highway,3.5,Successful,MERCH_TOLL_5638,payment
1ef5b3e6-452f-4d14-a38a-3f2aee5871f5,USER_004,29/1/2024 9:37,Gaming Credits,Free Fire Diamonds,90.25,Successful,MERCH_GAM_7686,payment
f75fbdf0-8fe3-42ce-a830-dfe099f0751a,USER_004,29/1/2024 17:22,Wallet Top-up,RHB Online Top-up,305.48,Successful,TOPUP,topup
b663100d-f6b1-49fc-95ae-cc31102aa7a7,USER_004,30/1/2024 14:41,Highway Toll,LDP Toll,2.99,Successful,MERCH_TOLL_1418,payment
a6b00818-d925-404f-b1c8-792938821004,USER_004,30/1/2024 22:19,Mobile Recharge,Yes 4G Reload,47.6,Successful,MERCH_MBL_6636,payment
7dec50e3-36bf-4061-8c5e-e3e790309b61,USER_004,31/1/2024 19:38,Electricity Bill,Tenaga Nasional (TNB),243.03,Successful,MERCH_UTL_7243,payment
91ddc0ac-1928-4630-b269-40989cc4eecd,USER_004,1/2/24 8:19,Wallet Top-up,Public Bank Top-up,235.28,Successful,TOPUP,topup
d3ee105d-3dac-49a7-9d17-f51f5e914496,USER_004,1/2/24 11:04,Parking,DBKL Parking,17.19,Successful,MERCH_PRK_9326,payment
9ce31550-c9f4-4c83-8dd5-c8158456ec70,USER_004,3/2/24 17:28,Mobile Recharge,Digi Prepaid,48.14,Successful,MERCH_MBL_3923,payment
12c27cc9-a53e-45d9-8d7f-2570ea77f729,USER_004,4/2/24 8:26,Wallet Top-up,Bank Transfer Top-up,202.67,Successful,TOPUP,topup
b4a1b8a9-8f04-409d-aced-6977c3169536,USER_004,4/2/24 19:16,Petrol,Petron Malaysia,38.95,Successful,MERCH_PTR_6150,payment
47dbd8ec-f70b-4cc0-b8c1-7fa4ffdc9b7e,USER_004,4/2/24 22:51,Highway Toll,SPRINT Highway,7.64,Successful,MERCH_TOLL_8973,payment
19e447df-3b5e-4d88-a37c-5c9298e4119d,USER_004,5/2/24 7:53,Grocery Shopping,Jaya Grocer,232.26,Successful,MERCH_GRC_2738,payment
08e08602-9fb3-47be-864d-480f15428ce7,USER_004,7/2/24 15:58,Public Transport,MRT Putrajaya Line,7.79,Successful,MERCH_TRNS_9334,payment
72dcd0a5-1302-429c-8015-42dcf69e6226,USER_004,8/2/24 19:43,Parking,DBKL Parking,16.38,Successful,MERCH_PRK_9813,payment
f9aa0ff4-dca4-451e-b535-7396f5ac4576,USER_004,8/2/24 22:36,Insurance,AIA Malaysia,134.85,Successful,MERCH_INS_7054,payment
7d61de10-fcad-449f-82be-0a19520b1e89,USER_004,10/2/24 9:21,Petrol,Caltex Malaysia,41.36,Successful,MERCH_PTR_9534,payment
79cf9caf-de8a-4038-a794-4dc24870c0b5,USER_004,11/2/24 13:51,Parking,APCOA Parking,18,Successful,MERCH_PRK_8281,payment
b107f3a7-cd2e-4e68-819c-2423f47d791f,USER_004,12/2/24 13:29,Highway Toll,LDP Toll,11.74,Successful,MERCH_TOLL_5562,payment
729cd45a-66f3-4473-9318-c00da44a0ee7,USER_004,12/2/24 20:24,Food Delivery,Grab Food,68.73,Successful,MERCH_FDL_4644,payment
92dcf36d-43cb-4007-a4e2-a84d1e99b04c,USER_004,12/2/24 21:38,Petrol,BHP Petrol,86.76,Successful,MERCH_PTR_8429,payment
03cbdf86-549f-4428-8a1b-b6a30e992198,USER_004,12/2/24 23:32,Movie Ticket,MBO Cinemas,25.27,Successful,MERCH_MOV_1628,payment
6cbfbf93-3132-4ae7-abb4-d9ad7f64c7fa,USER_004,13/2/2024 23:15,Gaming Credits,Free Fire Diamonds,84.94,Successful,MERCH_GAM_4119,payment
2cee4a8d-fddb-46c8-9482-bb9f77f011a1,USER_004,14/2/2024 15:48,Parking,APCOA Parking,6.43,Successful,MERCH_PRK_1130,payment
45d5f581-b0e4-47f5-8f2b-a05aff9a4f14,USER_004,14/2/2024 20:47,Parking,Wilson Parking MY,6.78,Successful,MERCH_PRK_4205,payment
f1dbb4d3-f697-4ed8-92a6-3f57ad1e91ec,USER_004,15/2/2024 11:32,Insurance,Allianz Malaysia,115.58,Successful,MERCH_INS_5630,payment
3c3b8b1f-399f-4f07-a9f2-475d319fb54d,USER_004,15/2/2024 19:14,Highway Toll,NKVE Toll,1.54,Successful,MERCH_TOLL_4509,payment
17bc4372-2976-4ed1-9fec-9ab1fa38536b,USER_004,15/2/2024 19:23,Petrol,Shell Malaysia,33.49,Successful,MERCH_PTR_3918,payment
29a770d0-a95c-4ca2-9523-6eaece5503fd,USER_004,17/2/2024 10:36,Internet Bill,Digi Home,159.15,Successful,MERCH_INT_4845,payment
afba4d8f-2ea4-4ab9-a5a3-48c855012595,USER_004,17/2/2024 20:20,Streaming Service,Disney+ Hotstar,48.29,Successful,MERCH_STR_5916,payment
41b7f9a7-8c54-4640-89c0-fe6f0adfea6d,USER_004,17/2/2024 22:58,Taxi / Ride-hailing,AirAsia Ride,39.09,Successful,MERCH_RDH_7425,payment
13218cc9-55b5-4d4d-9185-aca3c5c37bdb,USER_004,18/2/2024 19:34,Grocery Shopping,Giant Hypermarket,241.29,Successful,MERCH_GRC_2841,payment
443670ad-8c8d-44c5-81ae-c5e3e49885ca,USER_004,18/2/2024 21:47,Movie Ticket,Lotus's Cinema,22.46,Successful,MERCH_MOV_8326,payment
c12821e4-9b01-467a-bad6-96b7eff7c8cc,USER_004,19/2/2024 14:49,Highway Toll,KESAS Highway,10.75,Successful,MERCH_TOLL_6224,payment
38a56e94-ad7c-4e2a-8baa-6254ec4ba4cb,USER_004,20/2/2024 9:46,Food Delivery,Foodpanda,77.53,Successful,MERCH_FDL_8925,payment
253a3dd6-e4b7-49fd-917f-eae01e3f2b55,USER_004,20/2/2024 21:42,Water Bill,Air Selangor,24.55,Successful,MERCH_WTR_1474,payment
860ac663-b15a-4c2e-88e2-f1a0b858bbc0,USER_004,21/2/2024 12:57,Parking,Secure Parking,12.12,Successful,MERCH_PRK_1996,payment
612c54e7-af68-424b-940c-ca75ad43c3f5,USER_004,22/2/2024 10:38,Taxi / Ride-hailing,AirAsia Ride,50.07,Successful,MERCH_RDH_7412,payment
4356998b-1f8c-4774-8247-5a7f297421c5,USER_004,23/2/2024 10:46,Grocery Shopping,99 Speedmart,129.09,Successful,MERCH_GRC_5396,payment
18375e5a-861f-48ff-8871-53fb32d18a00,USER_004,24/2/2024 9:44,Streaming Service,Netflix Malaysia,31.75,Successful,MERCH_STR_6054,payment
c8af1def-1ad7-45fb-a128-3c6d9ac43326,USER_004,24/2/2024 22:05,Parking,DBKL Parking,16.03,Successful,MERCH_PRK_4378,payment
9fee2b5c-c601-4f4b-8021-8b1b082bf76b,USER_004,26/2/2024 15:21,Wallet Top-up,Debit Card Reload,232.42,Successful,TOPUP,topup
bd286640-4f60-4d8c-83c0-dec52f6bdb22,USER_004,27/2/2024 10:59,Highway Toll,MEX Highway,12.73,Successful,MERCH_TOLL_1345,payment
802d23c7-abeb-43bf-8004-70b3b7ff4836,USER_004,27/2/2024 16:37,Taxi / Ride-hailing,MyCar Ride,42.06,Successful,MERCH_RDH_2039,payment
4ab72f56-c8e7-40fb-ae94-a701cb6512d2,USER_004,29/2/2024 6:37,Food Delivery,Foodpanda,77.38,Successful,MERCH_FDL_3572,payment
52267ad5-0be1-4bcd-b728-d482b4e1f6b7,USER_004,29/2/2024 19:22,Taxi / Ride-hailing,MyCar Ride,55.35,Successful,MERCH_RDH_3644,payment
5cadd6d3-4adc-4412-9ddc-ac18b2e99c4f,USER_004,29/2/2024 20:00,Food & Beverage,Tealive,7.71,Successful,MERCH_FNB_1223,payment
3cde887d-ace3-4ee9-a2be-11949f23e555,USER_004,1/3/24 10:55,Wallet Top-up,Debit Card Reload,254.54,Successful,TOPUP,topup
aaf194ad-fbce-41c7-888c-cfe7c70e7508,USER_004,2/3/24 16:44,Highway Toll,SPRINT Highway,8.81,Successful,MERCH_TOLL_5441,payment
0676c54b-75d6-49d2-a6f9-22ca9b07b233,USER_004,3/3/24 8:32,Food Delivery,Foodpanda,34.64,Successful,MERCH_FDL_3318,payment
fdf02c13-dc16-4ac6-8e33-4d1d194d3f6a,USER_004,3/3/24 9:35,Insurance,Great Eastern,243.22,Successful,MERCH_INS_9509,payment
001908f8-b77c-4904-af0b-f2ff21044f66,USER_004,3/3/24 10:25,Food & Beverage,PappaRich,17.32,Successful,MERCH_FNB_3217,payment
46c1db7e-2337-4175-9f98-b4c24be171ed,USER_004,3/3/24 13:26,Petrol,BHP Petrol,46.13,Successful,MERCH_PTR_7820,payment
8aed584e-5e95-4d37-b554-d4ad688b5540,USER_004,4/3/24 14:41,Wallet Top-up,Maybank2u Top-up,227.96,Successful,TOPUP,topup
cc08bdfc-857b-43a9-9b85-015be5b4fc67,USER_004,4/3/24 22:25,Taxi / Ride-hailing,Maxim Malaysia,25.21,Successful,MERCH_RDH_8513,payment
307c3d39-b8cc-4052-931c-a6c7adf79232,USER_004,5/3/24 9:47,Petrol,Shell Malaysia,61.54,Successful,MERCH_PTR_2093,payment
c22f2817-42df-40fe-af8a-e31b3379fafc,USER_004,7/3/24 21:37,Food & Beverage,McDonald's Malaysia,25.59,Successful,MERCH_FNB_4156,payment
1e366b55-e6e9-4f28-8b10-719cf59709ce,USER_004,8/3/24 20:23,Parking,DBKL Parking,8.61,Successful,MERCH_PRK_6009,payment
30f33e08-42a3-4b9e-8e03-9960c9e850c6,USER_004,9/3/24 12:48,Parking,DBKL Parking,13.55,Successful,MERCH_PRK_9864,payment
95255235-6da3-43b0-b565-ce30faf84c44,USER_004,9/3/24 21:18,Electricity Bill,Tenaga Nasional (TNB),127.2,Successful,MERCH_UTL_4546,payment
7de16487-2b81-4375-8ced-399331ef29b2,USER_004,10/3/24 6:14,Highway Toll,NKVE Toll,6.12,Successful,MERCH_TOLL_7274,payment
73aefe33-3a57-4f82-8257-beaca774b686,USER_004,10/3/24 14:29,Electricity Bill,Tenaga Nasional (TNB),110.23,Successful,MERCH_UTL_8756,payment
922dbae0-556d-47df-85a9-5e618589e54a,USER_004,11/3/24 10:51,Food & Beverage,Tealive,74.72,Successful,MERCH_FNB_2496,payment
f48cf052-e769-4cb9-a9a4-6cc831199b72,USER_004,11/3/24 13:20,Public Transport,Rapid Penang Bus,3.91,Successful,MERCH_TRNS_1004,payment
36fe7872-5386-4943-a807-b68b01f65bd0,USER_004,13/3/2024 6:31,Highway Toll,NKVE Toll,7.46,Successful,MERCH_TOLL_8203,payment
3e090af3-ecd6-47ef-a163-1a6acd3afc79,USER_004,13/3/2024 17:48,Mobile Recharge,Maxis Reload,32.41,Successful,MERCH_MBL_4944,payment
901206f0-c6f7-4690-a14d-59ddab6229cc,USER_004,13/3/2024 18:08,Food Delivery,AirAsia Food,36.32,Successful,MERCH_FDL_6816,payment
cb5dca06-0adb-4fc9-a791-35996896de0e,USER_004,14/3/2024 8:24,Petrol,Petron Malaysia,115.98,Successful,MERCH_PTR_4504,payment
4805aace-71b6-4a86-a02b-9406befd906f,USER_004,14/3/2024 21:10,Insurance,Prudential Malaysia,231.33,Successful,MERCH_INS_8163,payment
7bb78274-a6b7-4f87-aa06-262a22a6f838,USER_004,14/3/2024 22:47,Gaming Credits,Mobile Legends Diamonds,66.95,Successful,MERCH_GAM_8133,payment
a6281c47-1f59-47d4-8df1-e5c404068bfa,USER_004,15/3/2024 9:02,Parking,Secure Parking,15.11,Successful,MERCH_PRK_6668,payment
23dc6bd0-ce9c-47bb-9583-ffb5a10d9365,USER_004,16/3/2024 7:10,Petrol,Shell Malaysia,63.68,Successful,MERCH_PTR_7266,payment
1859197f-aa3a-4386-ad85-032b49ea7a24,USER_004,16/3/2024 14:26,Wallet Top-up,CIMB Clicks Top-up,260.52,Successful,TOPUP,topup
7b396502-a3db-4749-ba58-6b07696aa3e7,USER_004,16/3/2024 18:18,Highway Toll,SPRINT Highway,2.82,Successful,MERCH_TOLL_6381,payment
995e88cc-65c3-4b0e-a3f8-88858d9b2aab,USER_004,19/3/2024 6:25,Food & Beverage,McDonald's Malaysia,7.51,Successful,MERCH_FNB_5473,payment
4a69b9ba-67d6-4781-a459-b2e82f9f320e,USER_004,19/3/2024 9:41,Petrol,Petronas Station,54.68,Successful,MERCH_PTR_5145,payment
12bf873b-63c5-405c-a911-ba3d9279ea08,USER_004,20/3/2024 15:50,Petrol,Petronas Station,119.75,Successful,MERCH_PTR_8713,payment
e990cf91-bb25-4e44-90e2-95ae2b680259,USER_004,20/3/2024 19:55,Petrol,Caltex Malaysia,102.67,Successful,MERCH_PTR_9938,payment
a37e0607-253b-46ca-acea-2746745e352f,USER_004,23/3/2024 9:28,Highway Toll,MEX Highway,11.38,Successful,MERCH_TOLL_3509,payment
07672ef3-b3c9-4cf4-92ee-6a529000c09a,USER_004,23/3/2024 19:01,Education,Coursera,213.33,Successful,MERCH_EDU_7874,payment
bce8a1d8-aac5-40d5-b655-3401215f7f08,USER_004,23/3/2024 21:32,Online Shopping,Shopee,66.79,Successful,MERCH_OSP_6148,payment
718840c9-71eb-49fc-8ddf-09764b51602f,USER_004,23/3/2024 23:32,Wallet Top-up,CIMB Clicks Top-up,313.78,Successful,TOPUP,topup
03d51e80-f47d-4d73-a32d-5e16d188fd81,USER_004,24/3/2024 9:10,Mobile Recharge,Digi Prepaid,46.23,Successful,MERCH_MBL_3772,payment
25efe2c8-6f85-4126-a4b4-8d32bbc271b9,USER_004,24/3/2024 9:52,Wallet Top-up,Debit Card Reload,153.54,Successful,TOPUP,topup
02e3d19b-e3d1-4d57-9ec5-bb868f5c9f8b,USER_004,24/3/2024 14:55,Online Shopping,Shopee,112.61,Successful,MERCH_OSP_2064,payment
bf5bbaef-51a7-4523-9fdd-7b1b8619a295,USER_004,24/3/2024 16:53,Public Transport,KTM Komuter,2.55,Successful,MERCH_TRNS_2375,payment
1caec818-21b8-4d1f-a4c6-aa903af2d827,USER_004,24/3/2024 23:38,Water Bill,SAMB Sabah,18.65,Successful,MERCH_WTR_7705,payment
b3d28e97-2f3b-4177-a96c-ed3ec865cf16,USER_004,25/3/2024 6:10,Insurance,AIA Malaysia,153.92,Successful,MERCH_INS_6098,payment
fdc6d246-2e96-42a8-9293-a42126411a12,USER_004,25/3/2024 13:02,Food Delivery,Beep Delivery,56.16,Successful,MERCH_FDL_2410,payment
7ad3264f-2c57-447c-ac96-a623a5da4a4a,USER_004,26/3/2024 18:12,Highway Toll,PLUS Highway,11.71,Successful,MERCH_TOLL_3990,payment
698cb11a-87e2-48f6-8455-990232658d85,USER_004,26/3/2024 21:34,Electricity Bill,Tenaga Nasional (TNB),249.3,Successful,MERCH_UTL_3774,payment
06e88c58-0685-4498-ba09-d8416beca649,USER_004,26/3/2024 22:31,Food Delivery,Grab Food,36.01,Successful,MERCH_FDL_5042,payment
8edb4573-c76d-4acd-ace7-1466f5c5f619,USER_004,27/3/2024 13:03,Wallet Top-up,CIMB Clicks Top-up,336.85,Successful,TOPUP,topup
d0228acc-3eeb-4bf7-a688-311f059d65c8,USER_004,27/3/2024 21:33,Mobile Recharge,U Mobile Reload,17.12,Successful,MERCH_MBL_5703,payment
30b708e8-d8f2-42f2-bd45-ba9326476586,USER_004,28/3/2024 8:58,Mobile Recharge,Celcom Top-up,20.91,Successful,MERCH_MBL_4084,payment
2c1bfb89-c3c0-41d8-a2d3-bfb9761b253e,USER_004,1/4/24 10:25,Wallet Top-up,Bank Transfer Top-up,203.12,Successful,TOPUP,topup
9876928f-7038-4362-8c21-7ce21fec7413,USER_004,1/4/24 10:12,Food Delivery,AirAsia Food,71.52,Successful,MERCH_FDL_4977,payment
66dbddc6-9c89-4a65-a05e-cbfbb733a45a,USER_004,1/4/24 11:26,Public Transport,MRT Putrajaya Line,7.96,Successful,MERCH_TRNS_7551,payment
0c3ed3c0-7d40-48ef-97da-3a29452df4a3,USER_004,4/4/24 11:58,Insurance,Allianz Malaysia,224.21,Successful,MERCH_INS_7452,payment
43fbe127-9546-46ed-9481-7c820f15f08e,USER_004,4/4/24 17:55,Taxi / Ride-hailing,Maxim Malaysia,19.53,Successful,MERCH_RDH_1440,payment
fc3be026-7b4b-4101-b926-8264a9a9dcff,USER_004,4/4/24 22:42,Movie Ticket,MBO Cinemas,22.84,Successful,MERCH_MOV_6935,payment
e2ea76ac-ac49-4db6-a61a-0f524752e959,USER_004,5/4/24 23:54,Internet Bill,Celcom Home,160.01,Successful,MERCH_INT_2265,payment
6e7db048-b465-42f6-9cb9-669f5fdbb9a5,USER_004,6/4/24 6:28,Food & Beverage,Tealive,37.66,Successful,MERCH_FNB_5946,payment
5d0e6af9-62de-43da-8a49-5a04994e847d,USER_004,6/4/24 13:54,Streaming Service,viu,24.9,Successful,MERCH_STR_3469,payment
cd549a01-56f5-4002-b25f-46a90ae3d691,USER_004,6/4/24 15:19,Insurance,AIA Malaysia,338.8,Successful,MERCH_INS_5276,payment
ee6e071f-3faa-44f7-8452-1dd32daf1a54,USER_004,6/4/24 15:56,Food & Beverage,KFC Malaysia,65.47,Successful,MERCH_FNB_8617,payment
29cc1f26-cca6-4fe3-9b4a-0388bd66dccf,USER_004,6/4/24 21:08,Taxi / Ride-hailing,AirAsia Ride,16.37,Successful,MERCH_RDH_1200,payment
b1e13d53-8e87-4113-ba71-003654b0ab1a,USER_004,9/4/24 20:16,Petrol,Caltex Malaysia,73.75,Successful,MERCH_PTR_1189,payment
b7bbcd25-e738-4c64-9af6-0b4b52898fda,USER_004,10/4/24 11:29,Online Shopping,Shopee,223.99,Successful,MERCH_OSP_5963,payment
927b76eb-6f01-4f53-bcc6-de6826b77d3a,USER_004,11/4/24 7:05,Highway Toll,KESAS Highway,6.72,Successful,MERCH_TOLL_9225,payment
5a0b8bea-813e-4593-9bc7-8a440505e7a6,USER_004,11/4/24 16:41,Mobile Recharge,Yes 4G Reload,14.47,Successful,MERCH_MBL_6977,payment
fae8d475-d6df-4ae3-9574-db1d70e815b9,USER_004,12/4/24 6:30,Online Shopping,Amazon.com.my,92.19,Successful,MERCH_OSP_2310,payment
0d86b63b-46fb-47fb-96ef-728afc24b97c,USER_004,12/4/24 9:30,Parking,DBKL Parking,5.56,Successful,MERCH_PRK_5224,payment
15173011-ec23-44b9-86ee-e98a57e02436,USER_004,12/4/24 15:13,Taxi / Ride-hailing,AirAsia Ride,10.52,Successful,MERCH_RDH_8125,payment
1cdded0c-6b8f-4fc5-b73c-adf461e7b462,USER_004,12/4/24 16:30,Public Transport,Rapid Penang Bus,4.3,Successful,MERCH_TRNS_8540,payment
aa0311f0-fd89-4503-aa77-59958df23b44,USER_004,12/4/24 22:28,Taxi / Ride-hailing,MyCar Ride,25.55,Successful,MERCH_RDH_7974,payment
8e5c949a-5fbc-4644-8fe6-f40174ecf5c9,USER_004,13/4/2024 7:20,Insurance,Takaful Malaysia,128.26,Successful,MERCH_INS_5378,payment
5fbf9e9f-613b-49bb-b5f8-c77509abee7f,USER_004,13/4/2024 15:02,Highway Toll,SPRINT Highway,10.4,Successful,MERCH_TOLL_5877,payment
7f9098bd-b0fb-42e1-92b7-339ed759f2b0,USER_004,14/4/2024 8:46,Food Delivery,Grab Food,69.62,Successful,MERCH_FDL_9704,payment
906e1c08-b28a-4674-b3d5-5c6ba607c622,USER_004,14/4/2024 14:36,Highway Toll,PLUS Highway,11.68,Successful,MERCH_TOLL_3065,payment
60fbfcc0-e400-4431-96b0-eab6bf7878b0,USER_004,15/4/2024 14:02,Online Shopping,Zalora Malaysia,486.49,Successful,MERCH_OSP_6658,payment
60c25828-25d3-470f-bab2-7f251eab87b3,USER_004,15/4/2024 18:10,Food & Beverage,Old Town White Coffee,10.74,Successful,MERCH_FNB_1665,payment
d4a00cfd-c047-4924-9da9-587f9b18d5a9,USER_004,16/4/2024 13:16,Public Transport,Go KL City Bus,4.44,Failed,MERCH_TRNS_2656,payment
a61ba4ba-2730-4e45-814f-3f1e825c9b6b,USER_004,16/4/2024 17:37,Highway Toll,MEX Highway,7.42,Successful,MERCH_TOLL_5947,payment
faa10eea-124d-46a4-9f70-bec52d581e8f,USER_004,19/4/2024 6:10,Wallet Top-up,RHB Online Top-up,330.4,Successful,TOPUP,topup
ff4ab0d3-0d83-42d0-b646-6baac6bb733e,USER_004,19/4/2024 12:44,Highway Toll,KESAS Highway,12.61,Successful,MERCH_TOLL_2907,payment
f07ec8b1-68af-4675-a979-70b090f89f95,USER_004,19/4/2024 16:23,Wallet Top-up,Debit Card Reload,278.51,Successful,TOPUP,topup
1c4ee39e-c52a-4da8-a0d8-be1b844bd203,USER_004,19/4/2024 18:09,Food & Beverage,McDonald's Malaysia,48,Successful,MERCH_FNB_7131,payment
7e802831-2c76-418f-a330-34cb46d94728,USER_004,20/4/2024 20:37,Parking,JPA Parking,6.98,Successful,MERCH_PRK_4042,payment
c0695afe-ca87-45b1-ac56-26dde3959284,USER_004,21/4/2024 11:02,Water Bill,Air Selangor,23.63,Successful,MERCH_WTR_5668,payment
91f69a8d-c746-4d83-af05-732f3bbeb080,USER_004,23/4/2024 19:46,Highway Toll,KESAS Highway,5.35,Successful,MERCH_TOLL_3126,payment
5e306a53-a561-4fc9-bf20-9da19b2a6bae,USER_004,23/4/2024 22:12,Gaming Credits,Free Fire Diamonds,26.03,Successful,MERCH_GAM_2591,payment
4b39cef6-2cdb-4a6d-b9bf-6d3147ee69b5,USER_004,23/4/2024 22:35,Mobile Recharge,Maxis Reload,39.13,Successful,MERCH_MBL_5715,payment
377073c3-c65f-44b9-89d4-efb8fe99a5c8,USER_004,24/4/2024 14:05,Petrol,Caltex Malaysia,78.73,Successful,MERCH_PTR_6386,payment
d4f36756-e5a2-4094-8d66-a41cb03c7d07,USER_004,25/4/2024 10:08,Petrol,BHP Petrol,58.77,Successful,MERCH_PTR_6580,payment
7d935859-cb90-46b8-8b9b-7f31ea859df5,USER_004,25/4/2024 12:16,Public Transport,Go KL City Bus,2.9,Successful,MERCH_TRNS_9175,payment
f2c0fc4d-ab19-49a4-b5ef-2197a8d98727,USER_004,26/4/2024 10:51,Taxi / Ride-hailing,MyCar Ride,9.68,Successful,MERCH_RDH_7601,payment
66c9d9be-7a43-4fe5-9992-4ce91b63c3f3,USER_004,29/4/2024 13:48,Wallet Top-up,Bank Transfer Top-up,271.63,Pending,TOPUP,topup
628a7212-3c9a-4263-90a1-07d971ead075,USER_004,29/4/2024 22:06,Highway Toll,MEX Highway,6.67,Successful,MERCH_TOLL_9676,payment
a35fb2d0-02dd-486a-b220-c3d1698164dd,USER_005,1/8/23 10:41,Wallet Top-up,Debit Card Reload,165.77,Successful,TOPUP,topup
7514aa16-5a53-4534-93e9-d7030f102c32,USER_005,1/8/23 15:35,Gaming Credits,Mobile Legends Diamonds,82.11,Successful,MERCH_GAM_5799,payment
a1dc7d8f-faf9-4ee5-8c48-1938504d012c,USER_005,1/8/23 23:53,Internet Bill,Unifi TM,132.94,Successful,MERCH_INT_6953,payment
04c2d446-0920-4fdb-a61c-95e744852ae0,USER_005,2/8/23 19:55,Petrol,Caltex Malaysia,100.87,Successful,MERCH_PTR_8021,payment
8c11dec4-53f3-4501-b781-8e7b1c71dc2a,USER_005,4/8/23 16:55,Gaming Credits,Steam Wallet,73.59,Successful,MERCH_GAM_2831,payment
218780e2-385a-47d1-b405-12360169ec01,USER_005,5/8/23 22:05,Electricity Bill,Tenaga Nasional (TNB),250.93,Successful,MERCH_UTL_4982,payment
1de9dcee-0930-4614-ad70-c11c50f6fb64,USER_005,6/8/23 20:23,Public Transport,Go KL City Bus,5.12,Successful,MERCH_TRNS_2213,payment
7be261fe-a595-4065-9f03-8689f9474c8f,USER_005,6/8/23 20:32,Taxi / Ride-hailing,MyCar Ride,23.36,Successful,MERCH_RDH_6610,payment
6c02783c-dc06-4628-bd81-27f90d9294cd,USER_005,7/8/23 6:39,Taxi / Ride-hailing,MyCar Ride,38.91,Successful,MERCH_RDH_5510,payment
7b6a16da-3b83-4464-824b-ec5e1c17edaf,USER_005,7/8/23 12:07,Public Transport,KTM Komuter,2.99,Successful,MERCH_TRNS_1425,payment
df4fbfc9-e1a5-4a30-a82c-f0474cbefe82,USER_005,7/8/23 20:29,Grocery Shopping,Jaya Grocer,237.03,Successful,MERCH_GRC_6024,payment
c47368bb-6605-4d1f-a0f0-f0519c0504c2,USER_005,10/8/23 8:57,Petrol,Caltex Malaysia,90.6,Successful,MERCH_PTR_8206,payment
c22512cc-eb74-412d-b4ed-1aefd906b143,USER_005,10/8/23 11:55,Movie Ticket,TGV Cinemas,29.79,Successful,MERCH_MOV_3400,payment
3115e30b-f9cd-4b7f-8515-2691d2c42745,USER_005,10/8/23 20:10,Food & Beverage,Tealive,68.82,Successful,MERCH_FNB_1458,payment
5e302d25-24fb-49c9-8e99-02267ae38b96,USER_005,12/8/23 9:42,Public Transport,RapidKL LRT,4.28,Successful,MERCH_TRNS_5250,payment
4577572c-7faf-4152-b996-f3c9c1663485,USER_005,12/8/23 12:26,Insurance,Takaful Malaysia,208.78,Successful,MERCH_INS_7649,payment
e7b9cdce-4e07-466a-9512-8e6e6607da23,USER_005,13/8/2023 21:48,Wallet Top-up,Bank Transfer Top-up,98.71,Successful,TOPUP,topup
7dd89483-863a-4dbe-aef3-4029207e1a29,USER_005,14/8/2023 14:56,Grocery Shopping,Village Grocer,218.37,Successful,MERCH_GRC_7192,payment
75d89357-26fc-40c4-8292-5ab0eee75f52,USER_005,15/8/2023 20:01,Food & Beverage,Old Town White Coffee,41.3,Successful,MERCH_FNB_3873,payment
d2a855d7-5585-47a3-908f-16501525aa13,USER_005,16/8/2023 13:24,Electricity Bill,Tenaga Nasional (TNB),113.96,Successful,MERCH_UTL_6609,payment
5162f4f3-70ee-4a8b-9600-564e2c8bd92b,USER_005,16/8/2023 18:04,Public Transport,RapidKL Bus,6.85,Successful,MERCH_TRNS_2959,payment
48fc42a1-963b-42d5-8f14-8734ba454621,USER_005,18/8/2023 9:45,Mobile Recharge,Maxis Reload,45.93,Successful,MERCH_MBL_9587,payment
589482bf-b8c4-4cdf-ae8f-e49dccc8961b,USER_005,18/8/2023 10:24,Grocery Shopping,99 Speedmart,162.2,Failed,MERCH_GRC_7528,payment
a8e19d44-72e2-40d2-981d-51e907911e04,USER_005,18/8/2023 18:14,Online Shopping,Zalora Malaysia,426.37,Successful,MERCH_OSP_9761,payment
421027a3-55f8-4018-9510-1753277bca96,USER_005,19/8/2023 19:01,Public Transport,RapidKL LRT,6.1,Successful,MERCH_TRNS_8317,payment
08bead80-50f0-488a-9a17-9185769ce628,USER_005,19/8/2023 19:26,Food & Beverage,Marrybrown,22.13,Successful,MERCH_FNB_5015,payment
be149665-225f-4073-9e40-f446ef844012,USER_005,20/8/2023 11:39,Food & Beverage,Gong Cha Malaysia,11.85,Successful,MERCH_FNB_5546,payment
8de1475f-2bc4-4038-923e-ad757918f987,USER_005,20/8/2023 13:10,Gaming Credits,Mobile Legends Diamonds,54.64,Successful,MERCH_GAM_3171,payment
65cd547f-dd41-4263-bf4b-265831e98e58,USER_005,20/8/2023 14:20,Food & Beverage,Old Town White Coffee,12.37,Successful,MERCH_FNB_8606,payment
e34143f8-befc-4856-a210-16407533310f,USER_005,20/8/2023 18:35,Highway Toll,MEX Highway,4.25,Successful,MERCH_TOLL_2196,payment
417f78cb-d93a-41bb-a219-7a85866b5638,USER_005,21/8/2023 19:26,Public Transport,MRT Putrajaya Line,5.88,Successful,MERCH_TRNS_2636,payment
b7691de2-106d-4a28-b6f8-4f1c1cf6076e,USER_005,21/8/2023 21:43,Food Delivery,Beep Delivery,57.37,Successful,MERCH_FDL_1157,payment
cfe45c5d-da57-49bb-92e2-0ca6acb8e21b,USER_005,22/8/2023 9:24,Public Transport,Rapid Penang Bus,6.3,Successful,MERCH_TRNS_4191,payment
ce8bc3f9-485e-403c-a60d-6e26fb0b8c6c,USER_005,22/8/2023 16:32,Taxi / Ride-hailing,Grab Car,47.24,Successful,MERCH_RDH_5124,payment
33b771f9-fa80-4749-8ffd-9afa7e070a1d,USER_005,22/8/2023 20:15,Food Delivery,Foodpanda,51.57,Successful,MERCH_FDL_6384,payment
e194fcc7-c708-4581-aa91-ec876fadec00,USER_005,24/8/2023 8:00,Wallet Top-up,RHB Online Top-up,111.7,Successful,TOPUP,topup
5940e360-05d7-4269-b2a2-47322c3c2c0d,USER_005,25/8/2023 18:35,Grocery Shopping,Jaya Grocer,41.2,Successful,MERCH_GRC_8209,payment
448fb8f5-84ab-4b5d-842e-ee22acf10054,USER_005,25/8/2023 20:41,Food & Beverage,McDonald's Malaysia,72,Successful,MERCH_FNB_6229,payment
6325c888-3cc9-4bcc-8eba-1d92c208637d,USER_005,28/8/2023 11:25,Food Delivery,Foodpanda,71.31,Successful,MERCH_FDL_2074,payment
482231df-038a-4b58-9742-852432b8164d,USER_005,28/8/2023 12:54,Public Transport,Rapid Penang Bus,6.74,Successful,MERCH_TRNS_6610,payment
626c8a16-55c9-4d4e-9e0f-07ea9bfbb356,USER_005,28/8/2023 13:11,Food & Beverage,KFC Malaysia,20.99,Successful,MERCH_FNB_4797,payment
eea1a88a-71e0-4d44-a49e-61409bdb2f2a,USER_005,30/8/2023 11:15,Grocery Shopping,Cold Storage,175.92,Successful,MERCH_GRC_2686,payment
39a8c3a4-a4b0-48bf-8cda-98ef88a5c52c,USER_005,30/8/2023 12:20,Food & Beverage,Marrybrown,16.73,Successful,MERCH_FNB_6304,payment
7a2e3297-dc90-4c39-a4c8-1ab1a14b67a5,USER_005,31/8/2023 9:06,Taxi / Ride-hailing,inDrive Malaysia,24.94,Successful,MERCH_RDH_3574,payment
138eb7ce-b916-4154-ad33-fe0dc43d1ab8,USER_005,31/8/2023 17:01,Food Delivery,Beep Delivery,72.82,Successful,MERCH_FDL_7830,payment
9aadde6e-1468-407a-bf71-8c5011f958c3,USER_005,1/9/23 10:04,Wallet Top-up,Bank Transfer Top-up,89.07,Successful,TOPUP,topup
a94c4751-4ea4-476b-b356-748acb40af64,USER_005,1/9/23 16:27,Petrol,Petronas Station,44.24,Successful,MERCH_PTR_9712,payment
9d61d0c0-7c18-4fcd-8e47-9f14442a577e,USER_005,1/9/23 18:03,Gaming Credits,Steam Wallet,62.95,Pending,MERCH_GAM_8675,payment
7c61424f-d347-426c-8c54-2d4280fc06c7,USER_005,2/9/23 16:17,Taxi / Ride-hailing,AirAsia Ride,32.22,Successful,MERCH_RDH_5536,payment
97e1fbe3-0f8a-4b0f-8ba4-389a203a5289,USER_005,4/9/23 21:08,Wallet Top-up,CIMB Clicks Top-up,158.05,Successful,TOPUP,topup
9ead2fcd-663b-47c9-8438-3bbf4ee041c8,USER_005,5/9/23 8:55,Electricity Bill,Tenaga Nasional (TNB),186.65,Successful,MERCH_UTL_8439,payment
baf65d36-f49a-4c3d-96b2-bb41a284d557,USER_005,6/9/23 16:46,Gaming Credits,Garena Shell,43.14,Successful,MERCH_GAM_1351,payment
70906009-6cd7-415f-817e-c6ade2dc4c0e,USER_005,7/9/23 11:20,Petrol,Caltex Malaysia,30.77,Successful,MERCH_PTR_1309,payment
1952d835-6249-4581-9a78-cbe7ae2dc480,USER_005,7/9/23 12:42,Public Transport,MRT Putrajaya Line,5.79,Successful,MERCH_TRNS_6351,payment
ca9c3cab-5452-4e08-9a46-291d84c3255f,USER_005,7/9/23 14:16,Food & Beverage,PappaRich,19.16,Successful,MERCH_FNB_3500,payment
6166d1b0-3102-455c-96eb-0d013d6bb6ea,USER_005,8/9/23 20:23,Grocery Shopping,Mydin,140.35,Successful,MERCH_GRC_1429,payment
c64f52a7-d758-40ab-ab93-8271c6410a73,USER_005,9/9/23 6:52,Highway Toll,LDP Toll,6.38,Successful,MERCH_TOLL_9848,payment
93dd36a8-2ab5-49f7-bf64-4da201ff2009,USER_005,9/9/23 9:04,Insurance,Prudential Malaysia,134.46,Successful,MERCH_INS_4421,payment
3043def7-d038-4938-a7be-95f814546265,USER_005,9/9/23 15:53,Wallet Top-up,CIMB Clicks Top-up,192.36,Successful,TOPUP,topup
b116b8c9-ef9c-4bd2-b19c-03198bc3e4e4,USER_005,10/9/23 16:46,Grocery Shopping,Aeon,43.93,Successful,MERCH_GRC_8203,payment
b7fe184d-7a98-4119-a562-abed9a139ee5,USER_005,12/9/23 10:29,Highway Toll,MEX Highway,6.83,Successful,MERCH_TOLL_4417,payment
84fb1b6a-6d1d-4faa-b78f-eb1ed4b77cec,USER_005,12/9/23 20:59,Grocery Shopping,Giant Hypermarket,153.7,Successful,MERCH_GRC_7234,payment
5db389c1-b5e1-47cb-bacd-07047477eeaf,USER_005,13/9/2023 16:35,Wallet Top-up,Debit Card Reload,189.59,Successful,TOPUP,topup
bff674d4-e422-4fb0-81f2-6d1abf8e6353,USER_005,14/9/2023 7:32,Public Transport,MRT Putrajaya Line,9.47,Successful,MERCH_TRNS_2971,payment
b36b440e-f02a-468c-be4f-aa8923fbaaba,USER_005,14/9/2023 18:48,Grocery Shopping,Village Grocer,59.88,Pending,MERCH_GRC_7801,payment
89a953d6-9efd-4dab-9b69-82f7a20a2347,USER_005,15/9/2023 13:20,Movie Ticket,MBO Cinemas,20.64,Successful,MERCH_MOV_8831,payment
71d696a1-9e3c-4429-a8f7-e727898d1b88,USER_005,16/9/2023 15:23,Mobile Recharge,Maxis Reload,42.14,Successful,MERCH_MBL_7226,payment
0a7d6d23-ba45-4689-b6e3-a6e5a6c00924,USER_005,16/9/2023 15:36,Insurance,Great Eastern,335.35,Successful,MERCH_INS_6904,payment
044b4477-fd44-4440-a20e-8f2f6c42a051,USER_005,17/9/2023 17:01,Mobile Recharge,Digi Prepaid,49.99,Successful,MERCH_MBL_4757,payment
999b450b-1f90-4714-98db-b8a066d8e9c9,USER_005,18/9/2023 14:35,Electricity Bill,Tenaga Nasional (TNB),63.8,Failed,MERCH_UTL_8722,payment
a036b22b-b8d0-49c0-9e79-115ad7d6e980,USER_005,19/9/2023 12:35,Streaming Service,Astro On-The-Go,18.82,Successful,MERCH_STR_1743,payment
c5475709-d11d-42ff-ae96-ee9eeae336fa,USER_005,20/9/2023 18:03,Petrol,Shell Malaysia,44.02,Successful,MERCH_PTR_9497,payment
ee79c72e-3726-4049-9a3e-abe3b2112a3f,USER_005,20/9/2023 22:28,Taxi / Ride-hailing,Grab Car,53.05,Successful,MERCH_RDH_4437,payment
3bdc2704-60b0-464f-9dbc-39e0a49d085e,USER_005,21/9/2023 19:27,Grocery Shopping,Tesco Malaysia,113.52,Successful,MERCH_GRC_3580,payment
d4863223-6969-4aaa-9242-c6303899e963,USER_005,22/9/2023 18:44,Online Shopping,Lazada,195.23,Failed,MERCH_OSP_3975,payment
e8b0e224-13a4-4d32-befb-b6b32f0869b2,USER_005,23/9/2023 16:54,Taxi / Ride-hailing,Grab Car,18.61,Successful,MERCH_RDH_9151,payment
6aa0ed92-07bc-4326-b6e9-a10ba218a651,USER_005,23/9/2023 21:15,Grocery Shopping,Jaya Grocer,21.69,Successful,MERCH_GRC_6260,payment
3f65c9ac-ecf2-497a-a7af-a902ea7f2c02,USER_005,24/9/2023 6:08,Highway Toll,KESAS Highway,11.79,Successful,MERCH_TOLL_1560,payment
2e0e5523-3497-4f42-868e-b912f8590360,USER_005,24/9/2023 8:20,Mobile Recharge,Yes 4G Reload,40.5,Successful,MERCH_MBL_7177,payment
b886210d-b90c-4109-a574-52ac82f12a1a,USER_005,24/9/2023 12:51,Food & Beverage,KFC Malaysia,31.15,Successful,MERCH_FNB_1244,payment
653d4660-c523-47fc-9298-4c911ce88920,USER_005,24/9/2023 19:52,Mobile Recharge,Maxis Reload,48.75,Successful,MERCH_MBL_2841,payment
ea9e0a70-202d-48e0-8231-090e265427fc,USER_005,24/9/2023 21:02,Mobile Recharge,Yes 4G Reload,15.38,Successful,MERCH_MBL_8215,payment
cc8dec46-1047-411b-bf49-59166714138c,USER_005,26/9/2023 16:50,Petrol,BHP Petrol,72.25,Successful,MERCH_PTR_8802,payment
b5dd570c-f728-4fe1-8b16-ac4ebb31be60,USER_005,26/9/2023 21:51,Public Transport,Go KL City Bus,4.29,Successful,MERCH_TRNS_9847,payment
fbac237b-c2f2-4320-ae3b-12b605a858f4,USER_005,27/9/2023 15:44,Internet Bill,Celcom Home,171.36,Successful,MERCH_INT_9074,payment
b3baab5c-c9ee-40f0-93c2-f4d66368ae08,USER_005,27/9/2023 16:28,Food & Beverage,Tealive,14.74,Failed,MERCH_FNB_9433,payment
a0023e23-c158-413a-bf0c-d7ffc02115dc,USER_005,27/9/2023 22:03,Food & Beverage,KFC Malaysia,58.8,Successful,MERCH_FNB_2553,payment
a09f6755-3344-4b0a-a4d1-1691c942c4f5,USER_005,28/9/2023 10:37,Petrol,Shell Malaysia,52.56,Successful,MERCH_PTR_4706,payment
b15bfbe8-0035-4bc0-8c95-a34d66da764a,USER_005,29/9/2023 20:47,Grocery Shopping,Cold Storage,136.47,Pending,MERCH_GRC_9518,payment
0a2b75ee-95ce-42b6-966b-655be82c6500,USER_005,1/10/23 8:25,Wallet Top-up,CIMB Clicks Top-up,157.53,Successful,TOPUP,topup
1235e9dd-e8b2-46c1-af3e-42310bacda97,USER_005,1/10/23 21:30,Food & Beverage,PappaRich,21.97,Failed,MERCH_FNB_2155,payment
88194754-5e2c-4212-94ef-e3f7e859f468,USER_005,1/10/23 23:08,Public Transport,Rapid Penang Bus,7.53,Successful,MERCH_TRNS_3022,payment
318a51e3-d1bd-4fe7-88a4-223f58d78d06,USER_005,4/10/23 14:41,Electricity Bill,Tenaga Nasional (TNB),94.18,Successful,MERCH_UTL_8264,payment
fc8c341a-9142-4b3a-949d-dc83e8af6355,USER_005,4/10/23 23:45,Grocery Shopping,Mydin,88.12,Successful,MERCH_GRC_9529,payment
34ae4eda-25cb-4c6a-9097-2cce3ad224e9,USER_005,5/10/23 7:53,Petrol,Caltex Malaysia,89.44,Successful,MERCH_PTR_4804,payment
90bf3352-0414-4c75-bc0b-2191bbf1ddc1,USER_005,5/10/23 17:19,Public Transport,Go KL City Bus,2.38,Successful,MERCH_TRNS_8444,payment
005bcbc5-da92-40db-9dee-bdc40e85a26d,USER_005,6/10/23 9:43,Taxi / Ride-hailing,MyCar Ride,57.37,Successful,MERCH_RDH_5458,payment
96a1b757-44d1-4493-a9c4-4e6f6c291c04,USER_005,6/10/23 14:21,Gaming Credits,Free Fire Diamonds,64.56,Successful,MERCH_GAM_2848,payment
e89b7c7b-f84d-4990-83a1-20b931e0208a,USER_005,7/10/23 8:03,Food & Beverage,Old Town White Coffee,21.85,Successful,MERCH_FNB_5769,payment
2cf5d8a8-46fb-4a9c-9a05-c1fd8a8c6e95,USER_005,7/10/23 17:33,Wallet Top-up,Debit Card Reload,195.17,Successful,TOPUP,topup
683cf796-e812-4e08-9bc0-18ef685347a4,USER_005,8/10/23 11:25,Food & Beverage,Old Town White Coffee,36.63,Successful,MERCH_FNB_8085,payment
01a44a64-efcb-41a8-8282-2651c73d5de4,USER_005,8/10/23 20:53,Insurance,Great Eastern,324.28,Successful,MERCH_INS_5519,payment
c1dae8b4-6390-42e0-bf28-a6d308b2bf87,USER_005,9/10/23 23:42,Grocery Shopping,Jaya Grocer,34.53,Successful,MERCH_GRC_6843,payment
cad638da-e94b-41a2-83b8-90e40c61586d,USER_005,11/10/23 22:16,Movie Ticket,TGV Cinemas,19.76,Successful,MERCH_MOV_9109,payment
98f48856-dc12-4fa7-b89f-731a963ae6a0,USER_005,12/10/23 10:37,Food & Beverage,Old Town White Coffee,50.5,Successful,MERCH_FNB_7157,payment
111b2549-af54-4db6-8793-c83b1b57f68a,USER_005,12/10/23 12:40,Electricity Bill,Tenaga Nasional (TNB),201.68,Successful,MERCH_UTL_2766,payment
10e2086a-6ded-4750-8adc-0fc63f77837c,USER_005,14/10/2023 10:09,Wallet Top-up,Debit Card Reload,91.39,Failed,TOPUP,topup
9b6e3243-e091-434e-8abe-5b42bc9b1dc6,USER_005,14/10/2023 12:17,Food & Beverage,Secret Recipe,58.87,Successful,MERCH_FNB_7451,payment
8594cfeb-f343-4e4c-98a6-ef8ebf2429f0,USER_005,14/10/2023 23:05,Electricity Bill,Tenaga Nasional (TNB),197.6,Successful,MERCH_UTL_8548,payment
55b42b3c-4ccb-4ab8-a277-a1e9a61fa9f6,USER_005,15/10/2023 9:42,Wallet Top-up,Bank Transfer Top-up,169.33,Successful,TOPUP,topup
3331924b-c77f-4db8-8ffd-477575a99729,USER_005,15/10/2023 14:34,Parking,Wilson Parking MY,2.43,Successful,MERCH_PRK_3961,payment
dbf57954-976b-4543-a0fe-2f062465e52c,USER_005,16/10/2023 20:20,Public Transport,Rapid Penang Bus,7.56,Successful,MERCH_TRNS_1464,payment
0964f74a-a104-41ac-bb3e-4bf644493923,USER_005,17/10/2023 11:25,Food & Beverage,PappaRich,78.02,Successful,MERCH_FNB_6773,payment
5f8a8990-58fc-435c-a126-b6b865f3d678,USER_005,17/10/2023 16:21,Mobile Recharge,Maxis Reload,28.33,Pending,MERCH_MBL_6316,payment
2aa6c54b-0bba-4217-8bcd-c8563d190d3f,USER_005,17/10/2023 22:03,Food & Beverage,Marrybrown,46.89,Successful,MERCH_FNB_4430,payment
f627edef-124b-4a08-a142-80789890c266,USER_005,18/10/2023 17:34,Electricity Bill,Tenaga Nasional (TNB),247.43,Successful,MERCH_UTL_6710,payment
078af8d7-7a5b-462c-b115-17723e6d9610,USER_005,21/10/2023 13:53,Food Delivery,Grab Food,39.44,Successful,MERCH_FDL_6468,payment
a9a5faea-023f-4d91-83ae-c87c38822969,USER_005,23/10/2023 22:10,Movie Ticket,TGV Cinemas,35.55,Successful,MERCH_MOV_6186,payment
fe43ff65-501e-40c5-a4b7-fb58f7f1170b,USER_005,24/10/2023 15:00,Internet Bill,Celcom Home,157.4,Successful,MERCH_INT_6126,payment
06cd6223-1dd7-4e89-be76-06d51f859f01,USER_005,25/10/2023 10:20,Taxi / Ride-hailing,inDrive Malaysia,52.51,Successful,MERCH_RDH_5336,payment
b865dad0-2215-446d-9df2-689bc2e61fd5,USER_005,25/10/2023 10:34,Grocery Shopping,Cold Storage,192.37,Failed,MERCH_GRC_6922,payment
e1f0cba8-cd4a-41f3-8e90-f7e256bf0b5b,USER_005,25/10/2023 10:36,Grocery Shopping,Mydin,151.73,Successful,MERCH_GRC_4109,payment
9e024f45-3acc-43f2-b988-2cab965b916b,USER_005,26/10/2023 12:11,Water Bill,SAMB Sabah,47.84,Successful,MERCH_WTR_5853,payment
151f5d05-f271-4c5c-9008-3690cef78db3,USER_005,26/10/2023 17:27,Grocery Shopping,Mydin,36.94,Successful,MERCH_GRC_4254,payment
5b275b5b-aed9-4568-9d6b-aba6b6a5705f,USER_005,26/10/2023 18:40,Parking,Secure Parking,4.62,Successful,MERCH_PRK_5315,payment
fb819939-c258-4998-ad15-28752d92bd2b,USER_005,27/10/2023 11:48,Grocery Shopping,Aeon,39.35,Failed,MERCH_GRC_7311,payment
42b8b2f6-d2b9-496c-a349-420fffbd327b,USER_005,27/10/2023 13:49,Gaming Credits,Free Fire Diamonds,35.76,Successful,MERCH_GAM_2346,payment
90513364-eb48-4dfd-ba6f-b6387c67ec16,USER_005,27/10/2023 18:28,Gaming Credits,PUBG Mobile UC,19.73,Pending,MERCH_GAM_9978,payment
5795ca2d-05ab-4d19-8499-f0ed6c0a2dbd,USER_005,28/10/2023 21:49,Highway Toll,LDP Toll,4.93,Successful,MERCH_TOLL_4587,payment
a8c22b07-8005-4bb7-b563-36ea8d510732,USER_005,29/10/2023 22:26,Electricity Bill,Tenaga Nasional (TNB),62.98,Successful,MERCH_UTL_3381,payment
86117c40-4cc9-44bc-b69b-a6d02b5ae44b,USER_005,30/10/2023 7:47,Highway Toll,NKVE Toll,13.23,Successful,MERCH_TOLL_8917,payment
ed4c9502-c097-468d-bed9-d4c39a539af4,USER_005,31/10/2023 18:18,Online Shopping,PG Mall,217.92,Successful,MERCH_OSP_4149,payment
3810dab2-f648-44f6-baf0-a3c039137051,USER_005,31/10/2023 22:12,Petrol,Petron Malaysia,97.21,Successful,MERCH_PTR_7342,payment
3fd75d9f-bade-4f66-86ce-3a0b738d8404,USER_005,1/11/23 10:36,Wallet Top-up,RHB Online Top-up,183.12,Failed,TOPUP,topup
3fa29429-eb9f-42e0-be17-6467e1dde153,USER_005,1/11/23 21:27,Food & Beverage,Old Town White Coffee,45.14,Failed,MERCH_FNB_3978,payment
a3070e7e-8a82-44c2-98bd-cb69a9c008d1,USER_005,1/11/23 21:46,Public Transport,Go KL City Bus,6.4,Successful,MERCH_TRNS_3534,payment
2d6286da-54e8-4cb2-a40e-adf2866da518,USER_005,1/11/23 22:00,Parking,Wilson Parking MY,4.68,Successful,MERCH_PRK_9312,payment
b6e6369a-8508-4713-8105-f3c5c2dcfe5d,USER_005,1/11/23 23:28,Highway Toll,PLUS Highway,13.94,Successful,MERCH_TOLL_9807,payment
72037e7f-5755-42be-82c0-e486f894b1e8,USER_005,2/11/23 20:39,Public Transport,KTM Komuter,1.97,Successful,MERCH_TRNS_5774,payment
e63f4d9e-e1a5-49e3-bfd4-3f48ca363e5f,USER_005,3/11/23 16:28,Petrol,Shell Malaysia,74.79,Successful,MERCH_PTR_2633,payment
96f56e21-0cde-4f11-8b39-d9931c6cb320,USER_005,4/11/23 22:16,Wallet Top-up,RHB Online Top-up,192.54,Failed,TOPUP,topup
19dbdc29-6cb0-4c2d-9fc5-bf842882b1f3,USER_005,6/11/23 14:25,Online Shopping,Amazon.com.my,473.13,Successful,MERCH_OSP_8338,payment
8aa4fd08-8d62-4d05-8e75-b95263d02a90,USER_005,8/11/23 17:41,Public Transport,MRT Putrajaya Line,2.27,Successful,MERCH_TRNS_6991,payment
da718591-6210-47fc-9e10-eaa10388326e,USER_005,11/11/23 6:39,Food Delivery,AirAsia Food,39.95,Successful,MERCH_FDL_1681,payment
34e2cdaf-6ca6-4c7a-ab35-e0d584dbf257,USER_005,11/11/23 8:06,Wallet Top-up,Bank Transfer Top-up,164.92,Successful,TOPUP,topup
d4de41f9-2f71-4f82-a463-6b45ec4e9880,USER_005,11/11/23 11:06,Public Transport,RapidKL Bus,6.97,Successful,MERCH_TRNS_2490,payment
2f6e1900-805b-4b84-9d52-45768c62d54b,USER_005,11/11/23 13:50,Online Shopping,PG Mall,270.4,Successful,MERCH_OSP_9715,payment
c24da4a4-8360-4ea0-8402-a8b7f2ad40a1,USER_005,11/11/23 18:19,Electricity Bill,Tenaga Nasional (TNB),92.51,Successful,MERCH_UTL_6248,payment
97ad28ff-29ba-49d7-80ad-bf73eb706abc,USER_005,12/11/23 8:44,Food & Beverage,Secret Recipe,37.64,Successful,MERCH_FNB_7623,payment
5fbf856c-2272-494d-9e20-e32679058fb8,USER_005,12/11/23 8:46,Highway Toll,PLUS Highway,9.36,Successful,MERCH_TOLL_6267,payment
a8851af1-7916-456c-9372-9a41f824becb,USER_005,12/11/23 11:45,Grocery Shopping,Jaya Grocer,138.97,Successful,MERCH_GRC_1903,payment
8d168a50-7b4d-49aa-97e5-90a2d8f38520,USER_005,12/11/23 13:20,Wallet Top-up,RHB Online Top-up,187.05,Successful,TOPUP,topup
4b81546b-4d18-40b2-94fe-0138a0cd3e93,USER_005,13/11/2023 21:08,Petrol,Shell Malaysia,96.53,Successful,MERCH_PTR_6138,payment
974779b1-131c-4fcd-8042-8043bf1f9ebb,USER_005,15/11/2023 14:36,Highway Toll,SPRINT Highway,4.14,Successful,MERCH_TOLL_7306,payment
da29bf79-c0ae-4ad8-9ac0-c74a6482f313,USER_005,16/11/2023 10:04,Highway Toll,MEX Highway,11.84,Successful,MERCH_TOLL_8107,payment
c51928f2-3d6b-4eb4-accc-f86b11c00af3,USER_005,16/11/2023 19:04,Food & Beverage,PappaRich,73.3,Successful,MERCH_FNB_1732,payment
4773a0db-88d1-4935-a428-c49111606208,USER_005,17/11/2023 19:46,Wallet Top-up,CIMB Clicks Top-up,165.49,Successful,TOPUP,topup
afaba717-1270-4afa-b9e0-ca12d540e59a,USER_005,18/11/2023 16:06,Food & Beverage,Tealive,8.39,Successful,MERCH_FNB_1255,payment
daf1e299-3308-4327-b221-b9e07222fd9a,USER_005,19/11/2023 10:06,Parking,APCOA Parking,2.09,Successful,MERCH_PRK_5758,payment
2b8067a6-fa13-4794-a19a-2e4610caf0d3,USER_005,19/11/2023 14:57,Gaming Credits,Free Fire Diamonds,98.77,Successful,MERCH_GAM_3900,payment
73740ef4-5cee-49c9-b811-931dedfeb42b,USER_005,19/11/2023 18:51,Grocery Shopping,Tesco Malaysia,51.64,Successful,MERCH_GRC_1733,payment
4ab15c9d-8093-4534-a623-6b3e915059ea,USER_005,19/11/2023 22:26,Petrol,BHP Petrol,91.24,Successful,MERCH_PTR_7927,payment
1531c48a-060e-4659-aabf-b3c84c3b88ad,USER_005,21/11/2023 7:57,Parking,JPA Parking,18.92,Successful,MERCH_PRK_4356,payment
f07f083e-1550-415d-bbec-2fe0f2cf2dd9,USER_005,22/11/2023 17:06,Parking,Secure Parking,9.49,Successful,MERCH_PRK_1167,payment
69175490-3833-4da2-8079-2975de6f4de2,USER_005,22/11/2023 20:19,Food & Beverage,Tealive,24.01,Successful,MERCH_FNB_8998,payment
4b4b23f1-fb73-4916-a2fc-efb15b079b23,USER_005,23/11/2023 15:21,Water Bill,SYABAS,16.44,Successful,MERCH_WTR_8358,payment
0f8efba6-4bd5-4ef1-b23d-45081d5f2faf,USER_005,23/11/2023 17:37,Public Transport,RapidKL LRT,2.43,Successful,MERCH_TRNS_2888,payment
9811a3c1-1680-4d33-90da-be066287f5e5,USER_005,23/11/2023 23:52,Public Transport,RapidKL Bus,2.51,Successful,MERCH_TRNS_6363,payment
f1ae2f07-4780-4fd0-8c8d-f9ec289c3982,USER_005,24/11/2023 12:15,Wallet Top-up,Bank Transfer Top-up,191.67,Successful,TOPUP,topup
0ae2032a-0965-4a96-8423-caa082488bc4,USER_005,25/11/2023 8:39,Online Shopping,Zalora Malaysia,72.08,Successful,MERCH_OSP_5284,payment
015283c5-80c2-4315-b7cb-560e98d4cb60,USER_005,25/11/2023 10:25,Gaming Credits,PUBG Mobile UC,57.7,Successful,MERCH_GAM_2417,payment
1c26eb08-384c-410d-861a-55f3eaf88412,USER_005,25/11/2023 11:53,Public Transport,RapidKL LRT,5.31,Successful,MERCH_TRNS_8683,payment
66eaab3a-b92e-403b-b727-703c6c317d02,USER_005,25/11/2023 23:43,Highway Toll,KESAS Highway,2.67,Successful,MERCH_TOLL_4022,payment
d5b01525-fc7c-4ce5-be93-65667f611d14,USER_005,26/11/2023 14:27,Public Transport,Rapid Penang Bus,4.94,Successful,MERCH_TRNS_7076,payment
74c01ede-23b3-44fd-9756-b163dd694377,USER_005,26/11/2023 22:45,Petrol,Petronas Station,99.01,Successful,MERCH_PTR_9251,payment
c0b706ed-38bf-41da-a512-bc13e1369189,USER_005,27/11/2023 13:46,Food & Beverage,PappaRich,47.66,Failed,MERCH_FNB_1716,payment
2c674870-a6c4-4166-9458-bafa24b5489e,USER_005,29/11/2023 7:35,Grocery Shopping,Jaya Grocer,97.28,Successful,MERCH_GRC_3875,payment
75b7d8e8-edb3-47c3-95c8-1e732536611f,USER_005,29/11/2023 14:31,Electricity Bill,Tenaga Nasional (TNB),96.74,Successful,MERCH_UTL_7226,payment
d7762ea9-84aa-4caa-81d3-3d32804f4641,USER_005,1/12/23 10:26,Wallet Top-up,Maybank2u Top-up,103.93,Successful,TOPUP,topup
e807dee3-0d50-40e7-9f0a-89dd1f7ca4bf,USER_005,1/12/23 18:00,Parking,Secure Parking,9.77,Successful,MERCH_PRK_9478,payment
b9224719-43bf-4dd2-b203-7ecb1193b205,USER_005,1/12/23 19:51,Highway Toll,LDP Toll,9.44,Successful,MERCH_TOLL_7323,payment
4a2abe74-c8fa-44d6-acfa-47979c0a236f,USER_005,2/12/23 9:43,Wallet Top-up,Bank Transfer Top-up,147.6,Successful,TOPUP,topup
0e156f89-4a82-4ad5-b9fe-6dfb5901ef05,USER_005,2/12/23 18:49,Mobile Recharge,Celcom Top-up,26.45,Successful,MERCH_MBL_3468,payment
66eb9ae3-3c5d-4f6a-b1c2-f60e5ab9c607,USER_005,2/12/23 23:04,Insurance,Prudential Malaysia,165.38,Successful,MERCH_INS_8973,payment
a7766aa4-7de5-4ce9-bed8-b756ead68c25,USER_005,4/12/23 13:48,Petrol,Petronas Station,100.83,Successful,MERCH_PTR_2590,payment
f0ddbac0-a3fb-48ed-9c24-34a92901f866,USER_005,5/12/23 7:29,Highway Toll,PLUS Highway,13.44,Successful,MERCH_TOLL_6431,payment
b7ff0507-6e20-48a5-ba4e-8a0b1c6260ca,USER_005,5/12/23 20:34,Parking,Wilson Parking MY,19.24,Successful,MERCH_PRK_3467,payment
1be093d9-3ab9-478c-b40a-a8e49f86b2b6,USER_005,6/12/23 10:35,Public Transport,RapidKL Bus,6.25,Successful,MERCH_TRNS_6169,payment
020bc748-acfb-42fc-9522-54d819ae8513,USER_005,7/12/23 12:55,Food Delivery,Foodpanda,35.65,Successful,MERCH_FDL_5747,payment
629e06e2-4c4e-472d-ae68-9d703fca3b92,USER_005,7/12/23 13:13,Public Transport,MRT Putrajaya Line,4.74,Successful,MERCH_TRNS_3674,payment
336fc891-3fc7-4f69-bdcc-322d00aae849,USER_005,8/12/23 11:40,Petrol,Shell Malaysia,92.99,Successful,MERCH_PTR_8693,payment
b137b32b-9443-418e-bfdb-e35595c19d67,USER_005,10/12/23 12:25,Gaming Credits,PUBG Mobile UC,68.07,Successful,MERCH_GAM_2857,payment
cdd9b43c-4aa0-4f44-bd20-a783d22719b3,USER_005,11/12/23 17:02,Mobile Recharge,Maxis Reload,45.21,Successful,MERCH_MBL_3221,payment
6849e040-7f40-4462-bdce-a715cc68db36,USER_005,11/12/23 20:01,Food Delivery,Grab Food,84.61,Successful,MERCH_FDL_6937,payment
dcc5d7f0-c8a5-4bf4-abb4-66d193a36572,USER_005,12/12/23 12:25,Food & Beverage,McDonald's Malaysia,76,Successful,MERCH_FNB_9057,payment
c1e4fae9-d1d5-48e4-bd6a-d5024eadcab9,USER_005,12/12/23 13:09,Parking,APCOA Parking,3.24,Successful,MERCH_PRK_7061,payment
4fdd9b79-a9cb-444e-9a5d-4c9e69984bed,USER_005,12/12/23 16:20,Grocery Shopping,Tesco Malaysia,41.08,Successful,MERCH_GRC_3449,payment
b2462ae6-9336-403e-8beb-aca7b95555ba,USER_005,13/12/2023 10:46,Wallet Top-up,CIMB Clicks Top-up,195.39,Successful,TOPUP,topup
ce6f3f64-db12-4939-b784-678d147dd909,USER_005,13/12/2023 10:53,Internet Bill,Unifi TM,155.31,Successful,MERCH_INT_6811,payment
8c8c3eea-a298-479c-b703-938d0aa8c915,USER_005,14/12/2023 22:34,Highway Toll,NKVE Toll,15.38,Successful,MERCH_TOLL_7844,payment
e55a69b6-b988-4373-8628-751b87d5af83,USER_005,15/12/2023 8:53,Food & Beverage,Gong Cha Malaysia,72.82,Successful,MERCH_FNB_9526,payment
8071fce1-566c-4b66-9233-43fddf3b38fd,USER_005,15/12/2023 15:57,Grocery Shopping,Aeon,167.61,Successful,MERCH_GRC_1852,payment
041c6a6b-dc24-4dda-80d2-e0b2a9174c7f,USER_005,15/12/2023 20:24,Food & Beverage,Secret Recipe,8.03,Successful,MERCH_FNB_6529,payment
b57c629c-2a11-41c8-a0a3-6617925c31fd,USER_005,15/12/2023 21:58,Taxi / Ride-hailing,AirAsia Ride,25.31,Successful,MERCH_RDH_2314,payment
fa6b2df9-57e5-4f0d-9b64-27d408ba7729,USER_005,16/12/2023 9:34,Insurance,Takaful Malaysia,278.35,Successful,MERCH_INS_1174,payment
285d6a57-5271-4841-a79d-32c5c403bf04,USER_005,18/12/2023 19:23,Grocery Shopping,Cold Storage,106.27,Successful,MERCH_GRC_7226,payment
849d2c4a-9e8e-49d9-ab61-fb941e6642a1,USER_005,20/12/2023 11:46,Food & Beverage,Secret Recipe,32.51,Successful,MERCH_FNB_6499,payment
42c4f0a7-5810-4b5a-a41d-b251e2401e2a,USER_005,20/12/2023 14:22,Wallet Top-up,Public Bank Top-up,128.86,Successful,TOPUP,topup
5e7f2845-f7bc-483e-8502-b7308f0c90d8,USER_005,20/12/2023 18:28,Wallet Top-up,Bank Transfer Top-up,111.39,Successful,TOPUP,topup
7e8f32d5-bd1e-4cd3-bf9a-d205e0b16f89,USER_005,20/12/2023 22:18,Food & Beverage,KFC Malaysia,73.91,Successful,MERCH_FNB_8370,payment
e4b8f62a-1faa-40fb-ba0d-d4530b41e357,USER_005,21/12/2023 11:24,Electricity Bill,Tenaga Nasional (TNB),275,Successful,MERCH_UTL_9336,payment
ec684862-94b5-4616-a7e9-a399eafd0b1d,USER_005,21/12/2023 18:18,Public Transport,RapidKL LRT,1.67,Successful,MERCH_TRNS_4980,payment
53d50711-9a4d-4dcd-8e52-ca2d8dfab4b8,USER_005,21/12/2023 21:59,Public Transport,MRT Putrajaya Line,8.77,Successful,MERCH_TRNS_2431,payment
3271fbbc-8270-4a15-a5c6-c15007d985f9,USER_005,22/12/2023 17:57,Highway Toll,SPRINT Highway,3.69,Successful,MERCH_TOLL_2153,payment
6820ce3b-d969-4467-a566-1ad6a32220f4,USER_005,23/12/2023 23:54,Insurance,Allianz Malaysia,292.26,Successful,MERCH_INS_6421,payment
50a70b2b-4093-4626-9b56-b3aabcc5f193,USER_005,24/12/2023 13:43,Public Transport,Go KL City Bus,2.8,Successful,MERCH_TRNS_3272,payment
81f5b35f-1b7e-4e43-b45d-bf4262397f29,USER_005,29/12/2023 9:43,Public Transport,RapidKL LRT,1.03,Successful,MERCH_TRNS_2500,payment
943ffae6-d79d-411b-80f5-b75c285c83bf,USER_005,29/12/2023 11:23,Food & Beverage,McDonald's Malaysia,34.02,Successful,MERCH_FNB_2301,payment
06dee481-e9e0-4e60-87e0-d28c5cbfa242,USER_005,29/12/2023 19:29,Food & Beverage,Tealive,50.41,Successful,MERCH_FNB_9115,payment
232c8966-2349-4e34-90ec-fd645473dcf4,USER_005,1/1/24 8:26,Wallet Top-up,Public Bank Top-up,81.56,Successful,TOPUP,topup
52c055ab-648e-4102-8207-a94354976e08,USER_005,1/1/24 18:30,Public Transport,Go KL City Bus,7.16,Successful,MERCH_TRNS_6089,payment
e686346f-3bb1-4fe6-8f98-396850f79e9d,USER_005,1/1/24 19:50,Public Transport,MRT Putrajaya Line,3.54,Successful,MERCH_TRNS_9677,payment
91999d80-985a-4c49-bc71-c682a139738c,USER_005,2/1/24 19:05,Movie Ticket,TGV Cinemas,28.7,Successful,MERCH_MOV_7054,payment
6ce73255-72ce-4eff-bafc-66d4e12048df,USER_005,5/1/24 13:33,Highway Toll,SPRINT Highway,4.95,Successful,MERCH_TOLL_7832,payment
00bbf12b-dc80-46b0-84c4-408630a9eab9,USER_005,5/1/24 18:26,Water Bill,SATU Sdn Bhd,49.34,Successful,MERCH_WTR_8801,payment
56e2ab62-f3a6-4297-91fa-7fc0f43917e8,USER_005,6/1/24 7:44,Petrol,BHP Petrol,111.17,Failed,MERCH_PTR_4184,payment
f2308210-f499-4d40-99da-ce7a46813cb7,USER_005,6/1/24 8:03,Taxi / Ride-hailing,Maxim Malaysia,44.82,Successful,MERCH_RDH_4750,payment
de2c5b6f-d710-4739-9f94-58ab2f584017,USER_005,6/1/24 18:40,Gaming Credits,PUBG Mobile UC,58.51,Successful,MERCH_GAM_9005,payment
37ef3ff2-acee-4925-8e70-237f584aa280,USER_005,6/1/24 21:42,Grocery Shopping,Mydin,191.3,Successful,MERCH_GRC_7293,payment
e4175540-26a3-462a-a452-1d5d42fb11aa,USER_005,7/1/24 14:09,Public Transport,Rapid Penang Bus,6.42,Successful,MERCH_TRNS_8580,payment
5ed09a95-bc7b-4740-9544-f78d49c37afb,USER_005,7/1/24 21:38,Wallet Top-up,RHB Online Top-up,88.03,Successful,TOPUP,topup
2c0bfea8-dffb-4a46-b55d-65119c1b615e,USER_005,9/1/24 16:12,Food & Beverage,Gong Cha Malaysia,32.28,Successful,MERCH_FNB_3344,payment
ce3a7195-dcd4-4c2c-82e3-53d68bf36413,USER_005,9/1/24 17:47,Food Delivery,Foodpanda,37.52,Successful,MERCH_FDL_1050,payment
34276b3b-043e-46da-9e17-1a5a0bc0be86,USER_005,10/1/24 21:20,Food Delivery,Foodpanda,86.62,Successful,MERCH_FDL_5468,payment
4fc88469-66e8-47ca-897b-fc7eaa440ed3,USER_005,11/1/24 18:29,Grocery Shopping,Giant Hypermarket,240.07,Successful,MERCH_GRC_4083,payment
1edcdc59-5e24-43be-a552-1f8dd07de8b3,USER_005,12/1/24 9:04,Public Transport,Go KL City Bus,7.62,Successful,MERCH_TRNS_1992,payment
89d89187-b395-495b-881f-15d258f8092a,USER_005,13/1/2024 10:25,Movie Ticket,MBO Cinemas,34.56,Successful,MERCH_MOV_5066,payment
b868eda6-f07d-435c-aa28-2734d35052b3,USER_005,14/1/2024 20:56,Gaming Credits,Mobile Legends Diamonds,29.79,Successful,MERCH_GAM_5885,payment
32ab65d5-751b-4587-a704-2d786d87a9f1,USER_005,16/1/2024 17:57,Highway Toll,MEX Highway,2.6,Successful,MERCH_TOLL_7904,payment
42f065ce-7a36-491a-b506-f5d43f337103,USER_005,16/1/2024 18:10,Parking,Wilson Parking MY,13.27,Successful,MERCH_PRK_8318,payment
45152619-c955-4e84-9224-211df21349a9,USER_005,16/1/2024 19:27,Petrol,BHP Petrol,114.32,Successful,MERCH_PTR_2765,payment
815ab381-6383-48c7-9e5c-3e677f65fe58,USER_005,17/1/2024 6:05,Food & Beverage,Old Town White Coffee,17.22,Successful,MERCH_FNB_5665,payment
4e241802-866b-4670-8d09-f5610f26279e,USER_005,17/1/2024 6:41,Wallet Top-up,Maybank2u Top-up,86.29,Successful,TOPUP,topup
ff58121f-3f49-48ae-b289-2a1c650fb37d,USER_005,17/1/2024 15:13,Food Delivery,Foodpanda,76.88,Successful,MERCH_FDL_6165,payment
65747796-a7ed-409a-aba3-bb54592514ad,USER_005,18/1/2024 12:44,Highway Toll,KESAS Highway,7.04,Successful,MERCH_TOLL_6306,payment
fe4aa6e1-4d31-4cf5-a079-1b3b22561996,USER_005,19/1/2024 15:38,Gaming Credits,Mobile Legends Diamonds,35.78,Successful,MERCH_GAM_5635,payment
d7c11146-3198-4c24-9db2-bd90ebe58330,USER_005,20/1/2024 8:36,Highway Toll,NKVE Toll,11.62,Successful,MERCH_TOLL_1915,payment
39b6b195-0d09-4122-9f0f-3e7176d92b4a,USER_005,22/1/2024 8:20,Food Delivery,Grab Food,23.82,Successful,MERCH_FDL_3292,payment
91dda7b8-cc45-492c-bd5a-8a5d9d7eb232,USER_005,22/1/2024 11:09,Wallet Top-up,CIMB Clicks Top-up,91.02,Successful,TOPUP,topup
a2541937-2962-4aba-8751-2b4aec4bedd2,USER_005,23/1/2024 8:12,Grocery Shopping,Mydin,95.74,Successful,MERCH_GRC_7760,payment
9aca27f0-755f-412e-a6be-0e92caf2861b,USER_005,23/1/2024 21:38,Mobile Recharge,Maxis Reload,26.65,Successful,MERCH_MBL_9596,payment
fbb823ec-b25b-4bde-87ef-d580f7f92194,USER_005,24/1/2024 7:28,Water Bill,SAMB Sabah,50.72,Successful,MERCH_WTR_2465,payment
424336cf-e45a-451e-b880-7981fe70849f,USER_005,24/1/2024 12:14,Public Transport,KTM Komuter,3.15,Successful,MERCH_TRNS_4725,payment
6e685c46-800b-4a31-8780-a8330b7e257a,USER_005,24/1/2024 16:28,Online Shopping,Shopee,249.77,Successful,MERCH_OSP_4694,payment
2f25fc64-26a8-4806-865a-126434efa76e,USER_005,24/1/2024 21:23,Taxi / Ride-hailing,inDrive Malaysia,34.03,Successful,MERCH_RDH_3255,payment
09b01e4d-216e-4c5c-a3e9-9cefdc7d0a7a,USER_005,25/1/2024 17:44,Taxi / Ride-hailing,AirAsia Ride,34.53,Successful,MERCH_RDH_1315,payment
9ce1bee9-2c53-4c19-827b-5906a8b27b88,USER_005,25/1/2024 20:00,Highway Toll,MEX Highway,9.2,Successful,MERCH_TOLL_7798,payment
8bcf4255-0ded-4369-9499-101871069777,USER_005,27/1/2024 23:17,Petrol,Shell Malaysia,82.45,Successful,MERCH_PTR_4760,payment
d1cc9d3a-e290-4fd7-9c32-6f553fa04cca,USER_005,28/1/2024 10:50,Water Bill,SAMB Sabah,35.46,Successful,MERCH_WTR_7031,payment
02137249-7ad5-4514-8e8b-c8439ffcd3d7,USER_005,28/1/2024 16:48,Grocery Shopping,Aeon,16.73,Successful,MERCH_GRC_9785,payment
43157aee-8e56-42bb-bedb-23d9d40f7ccd,USER_005,29/1/2024 20:28,Petrol,BHP Petrol,75.98,Successful,MERCH_PTR_7132,payment
ff5e3d80-9fbd-4235-950b-b586b21f617b,USER_005,31/1/2024 11:13,Food & Beverage,Gong Cha Malaysia,19.68,Successful,MERCH_FNB_6480,payment
5aec1d40-7f7b-4412-8494-fe0fdb040467,USER_005,31/1/2024 14:18,Grocery Shopping,Jaya Grocer,21.77,Successful,MERCH_GRC_8399,payment
eccf6771-710d-4e52-bed5-8a6ec52bdd17,USER_005,1/2/24 10:25,Wallet Top-up,RHB Online Top-up,136.1,Successful,TOPUP,topup
2d73c4f8-8225-41a8-bf45-bba05ff25115,USER_005,1/2/24 15:00,Food & Beverage,Old Town White Coffee,35.59,Failed,MERCH_FNB_9884,payment
d9527d2c-e377-4e6f-953d-20e7aa8c7bc6,USER_005,1/2/24 21:04,Public Transport,KTM Komuter,4,Successful,MERCH_TRNS_3255,payment
d37c3a59-e908-4eeb-9460-380a10775044,USER_005,2/2/24 9:19,Food Delivery,Beep Delivery,81.4,Successful,MERCH_FDL_3691,payment
05de71eb-69ec-4fac-8de2-5a937090041f,USER_005,2/2/24 13:36,Wallet Top-up,Bank Transfer Top-up,97.41,Successful,TOPUP,topup
f00d828e-591a-497b-b9dc-11c6b37979dd,USER_005,3/2/24 13:29,Petrol,Shell Malaysia,117.95,Successful,MERCH_PTR_3285,payment
eff02e83-7b47-4f51-a6c7-9bd147384762,USER_005,3/2/24 17:29,Gaming Credits,Garena Shell,83.23,Successful,MERCH_GAM_2339,payment
1dd538ef-8a6f-48e4-ba3c-5f40df4d3635,USER_005,4/2/24 6:54,Wallet Top-up,Debit Card Reload,85.04,Successful,TOPUP,topup
da3ad431-ac26-4313-bc4f-41b298ddf65a,USER_005,7/2/24 11:07,Highway Toll,NKVE Toll,11.86,Successful,MERCH_TOLL_3698,payment
604d2bf5-f611-4914-b733-b921d8bcf032,USER_005,7/2/24 21:46,Taxi / Ride-hailing,AirAsia Ride,24.93,Successful,MERCH_RDH_2915,payment
cccf655e-72fb-4dd6-9d6c-62b5edd950b3,USER_005,9/2/24 6:19,Grocery Shopping,Tesco Malaysia,169.37,Successful,MERCH_GRC_9570,payment
3efaf137-c325-4f40-898e-8fb29422618f,USER_005,9/2/24 6:42,Petrol,Caltex Malaysia,50.32,Successful,MERCH_PTR_2743,payment
251e8061-e8da-4cbb-a524-bdb9c225410b,USER_005,9/2/24 20:59,Public Transport,Go KL City Bus,7.45,Successful,MERCH_TRNS_4085,payment
3feb6ebe-1b9c-4a68-b37d-d1940db55aee,USER_005,12/2/24 12:41,Wallet Top-up,Maybank2u Top-up,139.42,Successful,TOPUP,topup
aaf198c7-fdd8-4a16-9c4d-b394daa1b131,USER_005,13/2/2024 9:47,Water Bill,SATU Sdn Bhd,47.79,Successful,MERCH_WTR_4962,payment
17b377cf-ea1d-489d-ba58-5f3cdc90947c,USER_005,13/2/2024 11:06,Food & Beverage,KFC Malaysia,6.76,Successful,MERCH_FNB_4129,payment
cfd22ad6-84ce-4897-b690-272294c9206e,USER_005,13/2/2024 18:01,Public Transport,MRT Putrajaya Line,1.6,Successful,MERCH_TRNS_2168,payment
4734710f-3035-487c-9c19-cd5540800ae3,USER_005,14/2/2024 6:19,Public Transport,KTM Komuter,1.1,Successful,MERCH_TRNS_7602,payment
f7ca4699-36e9-492b-82e0-200157dbfb24,USER_005,14/2/2024 11:00,Grocery Shopping,Village Grocer,86.39,Successful,MERCH_GRC_4415,payment
78d65240-6a8a-4363-84f6-067dc2bca25c,USER_005,14/2/2024 17:04,Wallet Top-up,Bank Transfer Top-up,153.78,Successful,TOPUP,topup
557e39a9-6b35-48d0-9d44-796422edb7b4,USER_005,15/2/2024 6:41,Food Delivery,Grab Food,36.93,Successful,MERCH_FDL_9191,payment
5fc64683-93c7-442b-ba1e-55117b43c845,USER_005,16/2/2024 11:00,Water Bill,PBAPP Penang,48.49,Successful,MERCH_WTR_9831,payment
c4c09cd6-b73f-471a-92e6-8b66589b627e,USER_005,16/2/2024 13:45,Petrol,BHP Petrol,119.52,Successful,MERCH_PTR_9033,payment
9777e828-6da7-4df1-8482-43c49c931c28,USER_005,16/2/2024 19:53,Wallet Top-up,Maybank2u Top-up,136.98,Successful,TOPUP,topup
b83a3f62-a7b6-4804-ad24-8d73eb40addf,USER_005,16/2/2024 23:10,Public Transport,Go KL City Bus,5.09,Successful,MERCH_TRNS_2540,payment
354f50d5-dd9d-4f8c-8e90-8d269f183597,USER_005,16/2/2024 23:38,Food & Beverage,Old Town White Coffee,29.22,Successful,MERCH_FNB_1562,payment
758cae37-bd07-4262-8d60-172b2ca65da6,USER_005,18/2/2024 10:20,Water Bill,PBAPP Penang,40.69,Successful,MERCH_WTR_4548,payment
cf158bb8-f33a-4531-a65e-98e115cab7b5,USER_005,19/2/2024 15:53,Water Bill,SAMB Sabah,56.78,Successful,MERCH_WTR_1462,payment
e0b99252-1bf5-412e-8ef5-4c97289e39cc,USER_005,20/2/2024 7:54,Food Delivery,AirAsia Food,66.38,Successful,MERCH_FDL_5501,payment
2a9f812d-edd6-45c8-adb4-d39aa31a9221,USER_005,20/2/2024 11:58,Wallet Top-up,Bank Transfer Top-up,166.92,Successful,TOPUP,topup
8df31047-cd60-49bb-ad15-239b72f3dfda,USER_005,21/2/2024 6:56,Public Transport,RapidKL Bus,2.57,Successful,MERCH_TRNS_9046,payment
587a3e57-c1f3-4129-8898-754ac3073252,USER_005,21/2/2024 17:26,Insurance,AIA Malaysia,242.3,Successful,MERCH_INS_5756,payment
2a1feb8c-7a1c-48b3-8702-78d0ba621b88,USER_005,22/2/2024 12:56,Water Bill,SYABAS,34.11,Successful,MERCH_WTR_4262,payment
056f0936-18fd-48b6-88cd-ab870cd5098e,USER_005,22/2/2024 17:46,Grocery Shopping,Aeon,25.31,Successful,MERCH_GRC_7172,payment
dc04ebb6-573b-4eac-ab3d-2cbfa5386fcb,USER_005,22/2/2024 22:49,Grocery Shopping,Cold Storage,182.75,Successful,MERCH_GRC_4747,payment
0a0c1bab-2375-4a22-8ed1-748e57300a6d,USER_005,23/2/2024 10:13,Wallet Top-up,Maybank2u Top-up,92.18,Successful,TOPUP,topup
3b6ac1d2-1a3a-47cc-a454-b5924bed48b3,USER_005,24/2/2024 7:18,Streaming Service,iQIYI Malaysia,31.34,Successful,MERCH_STR_1387,payment
c09f5e86-a24f-4009-818d-d1dd9c768309,USER_005,24/2/2024 16:29,Water Bill,SYABAS,54.88,Successful,MERCH_WTR_9604,payment
f186dd4a-5a63-4bf7-8c41-fdd3eaea7c49,USER_005,24/2/2024 21:12,Online Shopping,Amazon.com.my,36.1,Successful,MERCH_OSP_8760,payment
1112e990-76fe-4ab6-8566-564f0cd3f824,USER_005,25/2/2024 14:45,Water Bill,SYABAS,14.36,Successful,MERCH_WTR_2067,payment
d6dafa19-9ba1-4b12-b91d-eca350d3ab72,USER_005,26/2/2024 13:04,Electricity Bill,Tenaga Nasional (TNB),181.71,Successful,MERCH_UTL_7575,payment
ec0f97ef-b35f-4993-937b-59cae28873a3,USER_005,27/2/2024 11:55,Wallet Top-up,CIMB Clicks Top-up,94.52,Successful,TOPUP,topup
fd49de54-1c3c-4a04-a898-dcbb0a641a70,USER_005,27/2/2024 15:23,Petrol,Shell Malaysia,89.39,Successful,MERCH_PTR_8308,payment
c31fe7f3-e044-49ad-8c9e-4136d8d13d90,USER_005,28/2/2024 12:12,Online Shopping,Amazon.com.my,486.02,Successful,MERCH_OSP_2094,payment
e5beebac-5cbd-44c0-ab98-1b8ca4d3a0d9,USER_005,28/2/2024 12:15,Petrol,Petronas Station,50.9,Successful,MERCH_PTR_1651,payment
52ba51b5-53a3-45c3-8ad1-55ea602e4c30,USER_005,28/2/2024 19:35,Public Transport,Go KL City Bus,1.1,Successful,MERCH_TRNS_7401,payment
178e4b88-0658-4562-a485-2a9f1872cd69,USER_005,29/2/2024 7:42,Taxi / Ride-hailing,Grab Car,42.63,Successful,MERCH_RDH_9594,payment
0a888054-8d6d-4aa8-a69f-73b3dd9caa42,USER_005,29/2/2024 12:07,Highway Toll,LDP Toll,14.39,Successful,MERCH_TOLL_6235,payment
64984de5-9317-4031-bf39-309ff8ca48f1,USER_005,29/2/2024 14:13,Movie Ticket,TGV Cinemas,26.44,Successful,MERCH_MOV_8778,payment
0d282036-712a-4175-b07d-bc568aebf0d0,USER_005,29/2/2024 23:17,Food & Beverage,KFC Malaysia,55.03,Successful,MERCH_FNB_3393,payment
b8f99040-82e1-4c1b-a95a-d76ee8e51b70,USER_005,1/3/24 10:29,Wallet Top-up,Debit Card Reload,120.97,Successful,TOPUP,topup
d15694ee-9ba1-4474-9a85-d9605483ca22,USER_005,1/3/24 12:42,Public Transport,RapidKL LRT,8.32,Failed,MERCH_TRNS_7169,payment
5974e24b-a966-42b0-adf9-57df166b7aab,USER_005,2/3/24 16:49,Highway Toll,LDP Toll,14.49,Successful,MERCH_TOLL_5174,payment
3b36f4d8-10a7-4258-a1c0-94875d3eaa70,USER_005,2/3/24 17:17,Wallet Top-up,Debit Card Reload,178.54,Successful,TOPUP,topup
ca9b808a-dc02-450d-a192-90ed908a161c,USER_005,3/3/24 11:15,Mobile Recharge,Digi Prepaid,49.26,Successful,MERCH_MBL_1835,payment
7f7e3791-c8df-4d33-bbce-eee01f8ff0bb,USER_005,3/3/24 19:38,Food Delivery,Grab Food,46.1,Successful,MERCH_FDL_8804,payment
52806595-3eda-45ee-87f2-7d75ee920221,USER_005,3/3/24 21:21,Public Transport,RapidKL LRT,7.84,Pending,MERCH_TRNS_6920,payment
23f70344-40b1-4b47-830b-806a20dde739,USER_005,5/3/24 21:39,Highway Toll,PLUS Highway,3,Successful,MERCH_TOLL_5544,payment
8c249410-5c66-48b6-ae88-0974864022be,USER_005,7/3/24 16:11,Public Transport,RapidKL LRT,2.84,Successful,MERCH_TRNS_7934,payment
3a3696be-443f-434c-9106-bdcfa9bbc36b,USER_005,7/3/24 16:33,Petrol,Petronas Station,60.38,Successful,MERCH_PTR_2825,payment
d930a652-48a7-4220-a9c1-370f39a9b759,USER_005,9/3/24 14:55,Food & Beverage,Secret Recipe,22.29,Successful,MERCH_FNB_4943,payment
ccf431c3-f3bc-4a30-87b6-bfd0f23207fb,USER_005,9/3/24 20:41,Petrol,BHP Petrol,105.67,Successful,MERCH_PTR_6792,payment
21c069cd-9f27-4e69-bab0-1cc1f3fd4ed7,USER_005,12/3/24 13:52,Online Shopping,Zalora Malaysia,102.48,Failed,MERCH_OSP_4602,payment
9524cd2f-8437-45ea-9647-fc38f2ded421,USER_005,13/3/2024 21:45,Grocery Shopping,99 Speedmart,36.43,Successful,MERCH_GRC_3627,payment
e7cf1532-3e0e-476f-b878-5ba7513a9e03,USER_005,13/3/2024 23:59,Wallet Top-up,RHB Online Top-up,177.15,Successful,TOPUP,topup
38f101fe-9999-4f1e-93e0-252d7ae4fed9,USER_005,14/3/2024 7:48,Food & Beverage,Secret Recipe,23.15,Successful,MERCH_FNB_4620,payment
3e3c2bde-37fe-4d80-b5a2-79450d85a384,USER_005,14/3/2024 8:35,Parking,Wilson Parking MY,3.93,Successful,MERCH_PRK_5578,payment
d95fb102-acb4-4187-841c-c565d93b1603,USER_005,14/3/2024 12:49,Grocery Shopping,Tesco Malaysia,65.15,Successful,MERCH_GRC_8309,payment
54aa3302-140c-4333-9296-f6e44f59e70f,USER_005,14/3/2024 14:16,Public Transport,Go KL City Bus,4.98,Successful,MERCH_TRNS_8276,payment
1f81c2fc-d5ff-4b19-895f-02fbd3517bdb,USER_005,15/3/2024 22:11,Grocery Shopping,Tesco Malaysia,142.2,Successful,MERCH_GRC_1377,payment
eb2c7759-28f3-4019-9333-743486e2cfa9,USER_005,17/3/2024 8:16,Education,iLearn,203.5,Successful,MERCH_EDU_8154,payment
72d29e3f-882e-4c16-a188-92a5a6d300ef,USER_005,17/3/2024 15:31,Grocery Shopping,Cold Storage,159.67,Successful,MERCH_GRC_9315,payment
58840aaf-85c1-461c-95c9-d02be2a9c9cb,USER_005,17/3/2024 19:41,Petrol,BHP Petrol,93.31,Successful,MERCH_PTR_3367,payment
4b932745-7d24-4ce5-be8e-ad86f2aaf0d7,USER_005,18/3/2024 16:13,Water Bill,PBAPP Penang,49.4,Successful,MERCH_WTR_3758,payment
6dd67f80-a405-487b-9991-30730f2666f2,USER_005,18/3/2024 16:58,Grocery Shopping,Tesco Malaysia,73.46,Successful,MERCH_GRC_5491,payment
b9dcf7ac-29a7-49af-bd4d-1a5af67e5e15,USER_005,19/3/2024 12:22,Food & Beverage,Old Town White Coffee,56.49,Successful,MERCH_FNB_1397,payment
89119c94-f3ec-4389-b66c-734b80c7028c,USER_005,20/3/2024 10:30,Electricity Bill,Tenaga Nasional (TNB),231.14,Successful,MERCH_UTL_8409,payment
e98e26bf-2bbe-4de5-a41e-cdf8922d8190,USER_005,20/3/2024 13:47,Petrol,BHP Petrol,31.84,Successful,MERCH_PTR_7241,payment
6bc4cf20-ecf6-42f5-9baf-61408e6588ed,USER_005,20/3/2024 22:14,Mobile Recharge,U Mobile Reload,27.49,Successful,MERCH_MBL_2465,payment
265889df-bf81-4030-96e5-ab8121b08141,USER_005,21/3/2024 21:23,Food & Beverage,Gong Cha Malaysia,16.86,Successful,MERCH_FNB_8840,payment
141eb2ff-c31d-4de6-b3e6-d8fef6f73146,USER_005,22/3/2024 17:45,Petrol,Petron Malaysia,102.91,Successful,MERCH_PTR_9698,payment
3edf34cb-716f-4943-b0c7-f120ae7704e3,USER_005,23/3/2024 10:49,Wallet Top-up,RHB Online Top-up,85.76,Successful,TOPUP,topup
32bcd3b6-726e-4734-a63f-88961e542333,USER_005,23/3/2024 15:12,Internet Bill,Maxis Home Fibre,156.7,Successful,MERCH_INT_2513,payment
959e32c1-ad8f-4af6-ad33-c3741d45ad78,USER_005,24/3/2024 15:40,Food & Beverage,Gong Cha Malaysia,16.18,Successful,MERCH_FNB_8423,payment
fab948b7-9f6d-416e-9d84-ab46ceac1845,USER_005,25/3/2024 11:15,Mobile Recharge,Celcom Top-up,26.38,Successful,MERCH_MBL_4753,payment
5a2115fe-77a1-4972-b4ae-8a2f50299fb6,USER_005,25/3/2024 19:53,Public Transport,RapidKL LRT,6.15,Successful,MERCH_TRNS_1854,payment
817c4e9f-6dac-4c94-a4a0-3dada3053c05,USER_005,28/3/2024 8:30,Insurance,Prudential Malaysia,227.94,Successful,MERCH_INS_5722,payment
d46d0b02-a951-4dd5-b733-05d750a417cc,USER_005,28/3/2024 21:32,Parking,Wilson Parking MY,16.54,Successful,MERCH_PRK_1281,payment
5db93889-be0d-4857-85e6-840b39cbc504,USER_005,29/3/2024 10:51,Internet Bill,Unifi TM,118.59,Successful,MERCH_INT_2663,payment
3a2d1e06-cfb8-443e-bded-71a679e88894,USER_005,30/3/2024 16:19,Online Shopping,Amazon.com.my,367.14,Successful,MERCH_OSP_7044,payment
038b6fe7-3789-402a-98b7-23e7964cbe64,USER_005,30/3/2024 16:58,Wallet Top-up,CIMB Clicks Top-up,174.43,Successful,TOPUP,topup
69ca14f3-e7fc-426b-b874-a2bb02cd2c29,USER_005,30/3/2024 17:25,Food & Beverage,Gong Cha Malaysia,66,Successful,MERCH_FNB_9409,payment
8607415b-4917-4750-9956-bbd52cc62366,USER_005,1/4/24 9:21,Wallet Top-up,Debit Card Reload,135.23,Successful,TOPUP,topup
ffe4b1d8-5246-49d2-9824-16756e1c0b08,USER_005,1/4/24 13:57,Food & Beverage,McDonald's Malaysia,48.92,Successful,MERCH_FNB_9470,payment
dda4756f-6c1a-47a7-8699-249f0e973501,USER_005,1/4/24 22:13,Taxi / Ride-hailing,AirAsia Ride,9.88,Successful,MERCH_RDH_9420,payment
5022879f-085c-4042-8897-95867cd16f92,USER_005,2/4/24 12:04,Streaming Service,iQIYI Malaysia,15.73,Failed,MERCH_STR_9289,payment
7f23ab8f-ec4d-4eee-8a09-51c92c79e6e4,USER_005,2/4/24 13:09,Wallet Top-up,Public Bank Top-up,119.62,Successful,TOPUP,topup
4df68be7-f91e-4305-b290-c676de2d468b,USER_005,2/4/24 17:29,Streaming Service,Astro On-The-Go,18.89,Successful,MERCH_STR_3358,payment
d834d188-770e-41a9-8a27-58ca12047446,USER_005,5/4/24 6:18,Public Transport,Rapid Penang Bus,4.55,Successful,MERCH_TRNS_5518,payment
e3ddf2dd-372a-4f92-a718-5ec04bcc76b5,USER_005,5/4/24 23:17,Grocery Shopping,Aeon,113.32,Successful,MERCH_GRC_4186,payment
963e575f-ef4d-4059-8003-9851f517db7d,USER_005,6/4/24 7:04,Movie Ticket,TGV Cinemas,28.22,Successful,MERCH_MOV_7994,payment
eb34fe7b-748c-4662-acca-27bb9651dcd0,USER_005,6/4/24 9:45,Wallet Top-up,Maybank2u Top-up,198.92,Successful,TOPUP,topup
58036aae-b97d-4ca4-837f-5b2a48e6d32a,USER_005,7/4/24 19:49,Highway Toll,MEX Highway,12.52,Successful,MERCH_TOLL_8907,payment
627e2dd2-7fff-438c-8fea-868ec50f817b,USER_005,7/4/24 20:08,Parking,Wilson Parking MY,4.06,Successful,MERCH_PRK_9085,payment
68dfa656-5aeb-4e1b-95ca-c3155b66b66e,USER_005,8/4/24 17:36,Gaming Credits,Free Fire Diamonds,85.81,Failed,MERCH_GAM_7096,payment
9cb33a1d-98b5-4356-aad2-32714bf311ef,USER_005,9/4/24 20:15,Food & Beverage,PappaRich,44.5,Successful,MERCH_FNB_6349,payment
492419cb-e813-40c3-bfce-751c433c6415,USER_005,9/4/24 21:25,Gaming Credits,Steam Wallet,69.85,Successful,MERCH_GAM_9520,payment
346941f9-2e4f-4e5f-bead-2d6ba6d0e005,USER_005,10/4/24 17:01,Taxi / Ride-hailing,inDrive Malaysia,50.38,Successful,MERCH_RDH_4706,payment
a3d37773-1a79-47ac-b0e1-eff341341b61,USER_005,10/4/24 17:52,Food & Beverage,Gong Cha Malaysia,77.96,Pending,MERCH_FNB_9173,payment
212290c7-0072-4ac6-ad63-7275654d9caa,USER_005,10/4/24 18:15,Highway Toll,NKVE Toll,12.72,Successful,MERCH_TOLL_5920,payment
4f419bf6-45b6-4151-867c-44b475e38ae9,USER_005,11/4/24 12:19,Gaming Credits,Steam Wallet,85.23,Successful,MERCH_GAM_4663,payment
f7ca6438-a53d-4604-a01f-12e34d6b9534,USER_005,12/4/24 15:07,Wallet Top-up,Public Bank Top-up,188.62,Failed,TOPUP,topup
8ef99e69-78f7-4aa0-b0d2-88685f999e26,USER_005,13/4/2024 10:10,Water Bill,SAMB Sabah,30.63,Successful,MERCH_WTR_6947,payment
bd89e0af-9efa-4b1b-854f-3bd0a2698a5c,USER_005,13/4/2024 19:04,Petrol,BHP Petrol,51.82,Successful,MERCH_PTR_2329,payment
2dd43a64-abdf-445d-a069-a0a63aecc16c,USER_005,13/4/2024 22:29,Wallet Top-up,Bank Transfer Top-up,87.96,Successful,TOPUP,topup
37a2922b-c4a8-4c92-aae0-e0446232cd17,USER_005,13/4/2024 23:34,Parking,Secure Parking,16.67,Successful,MERCH_PRK_7650,payment
8cd44b82-960a-452a-a421-b55c9e3cba5a,USER_005,16/4/2024 10:54,Food Delivery,Grab Food,85.13,Successful,MERCH_FDL_6468,payment
72990552-befd-4421-94df-a212f4fdff16,USER_005,16/4/2024 12:48,Food & Beverage,Old Town White Coffee,49.13,Successful,MERCH_FNB_7493,payment
6cbf16ac-7d52-4e48-85a9-abd04b42c1e2,USER_005,17/4/2024 11:00,Gaming Credits,Free Fire Diamonds,63,Successful,MERCH_GAM_4985,payment
74b17ecb-306f-4172-ad09-ef30d7b8dcb1,USER_005,17/4/2024 17:01,Public Transport,KTM Komuter,8.68,Successful,MERCH_TRNS_7174,payment
226aad1b-5ef6-4871-af71-9fc21a9cd11e,USER_005,17/4/2024 17:50,Public Transport,Go KL City Bus,2.35,Successful,MERCH_TRNS_1139,payment
01ffd3ae-635c-4621-882b-6763e25e9b45,USER_005,17/4/2024 19:10,Parking,Wilson Parking MY,2.04,Successful,MERCH_PRK_1841,payment
db5a58e4-a7fd-4d3f-93ef-e6e5dcc13b42,USER_005,17/4/2024 21:43,Public Transport,KTM Komuter,6.99,Successful,MERCH_TRNS_6853,payment
69ac57d7-2e6c-4ef2-b267-6240672a5ea4,USER_005,18/4/2024 21:02,Public Transport,KTM Komuter,1.9,Pending,MERCH_TRNS_6409,payment
5a26ac8e-b5a3-4ee9-a97f-715cbac115d2,USER_005,19/4/2024 10:41,Public Transport,RapidKL LRT,8.39,Successful,MERCH_TRNS_1003,payment
0b775e40-cb82-4ce7-b42b-40152d6af86e,USER_005,19/4/2024 18:48,Food & Beverage,Secret Recipe,13.07,Successful,MERCH_FNB_9034,payment
2da57007-4570-4224-b11c-a63bb6a68744,USER_005,21/4/2024 9:18,Petrol,Petron Malaysia,104.86,Successful,MERCH_PTR_2174,payment
59d80c94-5376-49d2-aa0b-09ea1bf7229d,USER_005,23/4/2024 20:23,Public Transport,RapidKL Bus,2.42,Successful,MERCH_TRNS_5259,payment
11adca1b-c84a-45cc-afdb-13c3cd98a849,USER_005,25/4/2024 10:28,Online Shopping,Amazon.com.my,350.74,Successful,MERCH_OSP_4666,payment
b876b6f7-7cd5-4792-8b85-fd050d07d287,USER_005,28/4/2024 21:04,Gaming Credits,PUBG Mobile UC,81.98,Successful,MERCH_GAM_8744,payment
6950744c-447b-4db2-9611-6fac0a74033a,USER_005,28/4/2024 21:08,Online Shopping,Zalora Malaysia,220.63,Failed,MERCH_OSP_7571,payment
00b06237-36f8-4a20-8a68-1d9283b3aa18,USER_005,29/4/2024 19:24,Movie Ticket,MBO Cinemas,19.47,Successful,MERCH_MOV_6351,payment
8aab21d9-9e8b-449b-89ee-0e73e07428cc,USER_006,1/8/23 11:18,Wallet Top-up,Maybank2u Top-up,37.26,Successful,TOPUP,topup
3fa50f19-18ec-42a3-b1b2-7d2d3102d475,USER_006,1/8/23 21:11,Wallet Top-up,BSN Online Top-up,24.25,Successful,TOPUP,topup
cd6098e4-c698-4a65-ada7-10ed4dd4bd23,USER_006,2/8/23 21:09,Highway Toll,PLUS Highway,5.07,Successful,MERCH_TOLL_2790,payment
c362b6e3-6793-400e-9bf8-76351b92d08a,USER_006,2/8/23 21:40,Agriculture Supply,Agro Mart Sabak Bernam,114.89,Successful,MERCH_AGR_2777,payment
f5c64e48-1a14-4bcd-8c97-02c056158807,USER_006,4/8/23 8:35,Grocery Shopping,Pasar Mini Setia,58.67,Successful,MERCH_GRC_9724,payment
d744092f-3c67-436a-9a1d-dac85d3df826,USER_006,4/8/23 14:32,Public Transport,Rural Transit Bus,2.13,Successful,MERCH_TRNS_5112,payment
029f8a64-7f96-45d9-95ac-445efb407283,USER_006,5/8/23 6:03,Wallet Top-up,Maybank2u Top-up,38.9,Successful,TOPUP,topup
511e86f5-9a91-48bb-8fb5-3e039c9044c7,USER_006,5/8/23 13:16,Food & Beverage,Restoran Bismillah,19.75,Successful,MERCH_FNB_8832,payment
62624743-64b8-4d71-8672-e217be9afd10,USER_006,7/8/23 8:05,Petrol,BHP Petrol,41.38,Failed,MERCH_PTR_9262,payment
da30bfe5-c4c2-4ee9-a9ed-0a90806b37d7,USER_006,7/8/23 20:38,Food & Beverage,Kedai Runcit Ah Seng,18.72,Successful,MERCH_FNB_6065,payment
620e706d-af42-4b1d-8510-edaabf2cbb24,USER_006,8/8/23 8:42,Wallet Top-up,Bank Transfer Top-up,41.57,Successful,TOPUP,topup
908ca249-6b01-417b-afde-54bd85e74c5e,USER_006,8/8/23 18:36,Wallet Top-up,Debit Card Reload,51.66,Successful,TOPUP,topup
2f7bf7e3-4f3f-4c36-9e37-7c807181e4a8,USER_006,9/8/23 9:30,Islamic/Religious,Kaunter Zakat Negeri,9.59,Successful,MERCH_REL_3094,payment
c534efe8-b145-45aa-ba7a-d2b34f8bb8ab,USER_006,9/8/23 21:13,Islamic/Religious,Kaunter Zakat Negeri,22.51,Successful,MERCH_REL_9448,payment
2d2d9e4d-6dd1-4191-915e-dd98e4d4ee79,USER_006,11/8/23 12:15,Food & Beverage,Restoran Bismillah,9.11,Successful,MERCH_FNB_2291,payment
28862790-7102-4c4c-85b8-401439559e02,USER_006,13/8/2023 11:21,Agriculture Supply,Kedai Baja & Racun Padi,62.23,Successful,MERCH_AGR_1772,payment
f4bfcf4f-0964-4bd1-afef-751b36d5e98e,USER_006,15/8/2023 8:58,Grocery Shopping,Kedai Runcit Am,40.09,Successful,MERCH_GRC_2256,payment
f140f119-147d-46b0-83e0-80451ea8c5f7,USER_006,15/8/2023 9:55,Food & Beverage,Warung Nasi Lemak,18.65,Successful,MERCH_FNB_1628,payment
f80c1909-9895-46be-909d-ed2ac55684dd,USER_006,16/8/2023 9:09,Food & Beverage,Kedai Runcit Ah Seng,13.76,Successful,MERCH_FNB_5179,payment
cda61e6f-4dda-4d22-8e5f-5c5d451bfa29,USER_006,16/8/2023 9:56,Mobile Recharge,Celcom Top-up,5.68,Pending,MERCH_MBL_2142,payment
fd1c20c1-8923-419d-b6bc-4985bc08a718,USER_006,16/8/2023 17:59,Agriculture Supply,BioAgrotek Supply,33.73,Successful,MERCH_AGR_2172,payment
80a5c1c9-65dc-4e38-ab50-886ff802e9fb,USER_006,16/8/2023 18:47,Mobile Recharge,U Mobile Reload,12.03,Successful,MERCH_MBL_6319,payment
24fbb788-4985-4615-b33e-1d2b54b0ac3a,USER_006,17/8/2023 7:53,Mobile Recharge,Maxis Reload,11.03,Successful,MERCH_MBL_4205,payment
13ffda7e-2bb9-4fe4-becd-f1551d7b50bb,USER_006,17/8/2023 8:01,Government Services,MyEG Services,18.3,Successful,MERCH_GOV_6418,payment
b12a8206-fccc-46b7-b9b7-ba6dbb591769,USER_006,18/8/2023 8:06,Public Transport,Transnasional Bus,2.02,Successful,MERCH_TRNS_4492,payment
6b09b3ca-160d-46b9-93d3-d630a4302136,USER_006,19/8/2023 21:03,Medical / Clinic,Farmasi Rakyat,25.11,Successful,MERCH_MED_3384,payment
8c306827-9a44-4abd-bac5-8c15ccfdcb53,USER_006,21/8/2023 6:54,Grocery Shopping,Econsave,26.75,Failed,MERCH_GRC_9070,payment
9cb6d734-8b1a-4abe-b75e-78824d3ec3bb,USER_006,21/8/2023 9:22,Grocery Shopping,99 Speedmart,30.25,Failed,MERCH_GRC_5572,payment
653430e3-6f4f-4ad9-932d-a92103837d1b,USER_006,24/8/2023 17:48,Medical / Clinic,Mediviron Clinic,13.53,Successful,MERCH_MED_7865,payment
6bddfceb-f862-48ee-948c-e0697c20a28d,USER_006,24/8/2023 19:31,Grocery Shopping,Pasar Mini Setia,58.09,Successful,MERCH_GRC_2674,payment
40f85e56-6ca0-43bc-8a3f-c1bc3653c9d1,USER_006,25/8/2023 8:10,Mobile Recharge,Maxis Reload,18.73,Successful,MERCH_MBL_9030,payment
50f4387d-7033-4e88-b82f-7864d887834b,USER_006,25/8/2023 18:00,Food & Beverage,Kedai Runcit Ah Seng,13.4,Successful,MERCH_FNB_8038,payment
fe919bd0-8c4b-4ddf-b1b8-afb57a185e57,USER_006,25/8/2023 18:48,Islamic/Religious,Masjid e-Derma,14.28,Successful,MERCH_REL_5656,payment
85d3c7e2-99b5-4ec8-b65a-d1122c8372fb,USER_006,25/8/2023 19:36,Electricity Bill,Tenaga Nasional (TNB),43.3,Successful,MERCH_UTL_2253,payment
befb9e3a-b3d6-4215-9d2e-401b5c1c2181,USER_006,26/8/2023 9:17,Food & Beverage,Restoran Bismillah,8.95,Successful,MERCH_FNB_2802,payment
41ccc9c6-99c5-4280-b57c-a66ac7af1788,USER_006,26/8/2023 12:47,Grocery Shopping,Billion Superstore,13.35,Successful,MERCH_GRC_3711,payment
29ac4244-3461-4e65-8d67-2c4cfbb31fb0,USER_006,27/8/2023 6:44,Food & Beverage,Kedai Makan Pak Ali,16.14,Successful,MERCH_FNB_5193,payment
079316eb-34ec-4db2-bdde-0ef30523b78c,USER_006,27/8/2023 9:18,Food & Beverage,Kedai Makan Pak Ali,13,Successful,MERCH_FNB_8752,payment
97c90923-ad42-44d8-a80d-c4a410c3f1e7,USER_006,27/8/2023 12:32,Grocery Shopping,Billion Superstore,75.71,Successful,MERCH_GRC_1583,payment
9b77cb90-53c4-4555-bfd9-0c514786eb6d,USER_006,28/8/2023 8:06,Highway Toll,KESAS Highway,2.14,Successful,MERCH_TOLL_1357,payment
96c1216d-003a-4896-a2a7-3314e3573dae,USER_006,31/8/2023 13:09,Food & Beverage,Gerai Makan Mak Teh,9.9,Successful,MERCH_FNB_5552,payment
32f87bd7-fdd1-40ad-ad4e-f8bc98b3d559,USER_006,31/8/2023 13:14,Public Transport,Transnasional Bus,1.92,Successful,MERCH_TRNS_9492,payment
c033bf67-3be8-4162-89ce-cbbcfa16cc04,USER_006,1/9/23 10:51,Wallet Top-up,Debit Card Reload,70.05,Failed,TOPUP,topup
cd1670a5-8996-4cc2-bd85-8fafddf5073a,USER_006,1/9/23 7:01,Public Transport,Rural Transit Bus,3.17,Successful,MERCH_TRNS_5045,payment
953ff5c5-bcaa-4307-bbb0-6b2f30fac25c,USER_006,1/9/23 7:03,Highway Toll,LDP Toll,2.32,Successful,MERCH_TOLL_1423,payment
ce8224ca-cb68-486f-81c0-c42bcc0adae9,USER_006,1/9/23 17:51,Highway Toll,KESAS Highway,4.65,Successful,MERCH_TOLL_2797,payment
6c5f7b02-cb78-4394-964b-ad3840afe863,USER_006,1/9/23 19:41,Public Transport,Causeway Link Bus,4.24,Successful,MERCH_TRNS_9117,payment
b15779a2-0f40-45f6-9abe-24cf05651b48,USER_006,3/9/23 12:46,Mobile Recharge,Digi Prepaid,10.98,Successful,MERCH_MBL_8074,payment
8df75956-d5b9-4629-840b-31847a1a9d5f,USER_006,4/9/23 11:59,Islamic/Religious,Tabung Haji,3.04,Successful,MERCH_REL_4425,payment
dd842fc9-fd9d-45bf-ac91-e8b98395aa57,USER_006,4/9/23 17:10,Online Shopping,Shopee,46.22,Successful,MERCH_OSP_2565,payment
524fcb39-8f0f-4f52-a861-60cf48761f9c,USER_006,6/9/23 6:35,Mobile Recharge,U Mobile Reload,13.57,Successful,MERCH_MBL_9265,payment
c661474e-a655-4891-9cf1-7c50f7b460de,USER_006,6/9/23 7:50,Highway Toll,KESAS Highway,6.38,Successful,MERCH_TOLL_8422,payment
8dedfb4a-cad8-4c08-9bd4-3a1d886da95c,USER_006,7/9/23 18:08,Mobile Recharge,Celcom Top-up,11.23,Successful,MERCH_MBL_1016,payment
28e45bb1-0997-4772-afda-5782783758a8,USER_006,8/9/23 6:27,Medical / Clinic,Klinik 1Malaysia,5.23,Successful,MERCH_MED_5833,payment
2685f430-a79c-43c4-a11c-3099e2539dfc,USER_006,8/9/23 9:41,Agriculture Supply,Koperasi Peladang,57.98,Successful,MERCH_AGR_1264,payment
4b347e90-4bc0-4ca3-978a-c547431f4532,USER_006,9/9/23 20:32,Grocery Shopping,Econsave,79.54,Successful,MERCH_GRC_1663,payment
d7520fa4-04a6-4a6a-9c0f-52c5fbfee1ce,USER_006,10/9/23 7:47,Food & Beverage,Kedai Runcit Ah Seng,19.87,Successful,MERCH_FNB_2591,payment
41677498-4d25-4bd4-8d93-45d4bf2ed74f,USER_006,10/9/23 14:28,Wallet Top-up,BSN Online Top-up,33.07,Successful,TOPUP,topup
17744a25-9320-4b26-af4d-5b37bf557a49,USER_006,11/9/23 13:57,Wallet Top-up,Debit Card Reload,37.03,Successful,TOPUP,topup
f52ce3b3-c668-462f-b226-723782b9e62a,USER_006,11/9/23 21:23,Electricity Bill,Tenaga Nasional (TNB),38.29,Successful,MERCH_UTL_1470,payment
e9a53144-e804-41f8-9f50-5c6e43abd5df,USER_006,12/9/23 20:45,Food & Beverage,Warung Nasi Lemak,11.46,Successful,MERCH_FNB_1316,payment
5b212312-03be-45d9-b644-3167ced8a6bc,USER_006,12/9/23 20:55,Electricity Bill,Tenaga Nasional (TNB),76.09,Successful,MERCH_UTL_7311,payment
950dc681-22e8-4101-8636-90ae156a8975,USER_006,14/9/2023 14:46,Wallet Top-up,BSN Online Top-up,70.1,Successful,TOPUP,topup
f0520918-c908-49c5-9e60-2576a15ccba2,USER_006,15/9/2023 7:08,Petrol,Shell Malaysia,43.23,Successful,MERCH_PTR_3631,payment
f1dc3013-6bec-477c-a403-136f5e551c87,USER_006,16/9/2023 13:07,Online Shopping,Lazada,37.36,Successful,MERCH_OSP_1556,payment
ee83284d-06db-4a54-80f1-39fcb75a1028,USER_006,16/9/2023 13:19,Medical / Clinic,Farmasi Rakyat,3.39,Pending,MERCH_MED_5963,payment
eb59e74e-fb90-4bf4-9a65-13f294e49752,USER_006,16/9/2023 19:09,Mobile Recharge,Digi Prepaid,12.63,Successful,MERCH_MBL_7268,payment
cd4ff79e-3ce5-4f8e-878d-b0665ba83d4e,USER_006,16/9/2023 20:46,Wallet Top-up,BSN Online Top-up,42.19,Successful,TOPUP,topup
4eab6729-3e76-4284-b7a4-ec57de9f88d4,USER_006,16/9/2023 21:11,Food Delivery,Grab Food,25.19,Successful,MERCH_FDL_7567,payment
582741db-5fb6-4370-bebf-6c435bd06264,USER_006,18/9/2023 8:33,Mobile Recharge,Maxis Reload,11.55,Successful,MERCH_MBL_7935,payment
5a885503-ce14-485c-a3c5-7d24f5e935b9,USER_006,18/9/2023 12:17,Online Shopping,Shopee,11.98,Successful,MERCH_OSP_2764,payment
ecf78183-f91b-4053-9f5a-7c54d7863bd2,USER_006,21/9/2023 21:14,Public Transport,Transnasional Bus,1.88,Successful,MERCH_TRNS_5474,payment
5537315c-34a5-451b-ab37-cfc2e083925e,USER_006,22/9/2023 11:11,Public Transport,Causeway Link Bus,2.41,Successful,MERCH_TRNS_7054,payment
d9a68196-8da5-4a49-a4a7-fbef7c3e36c4,USER_006,22/9/2023 19:14,Wallet Top-up,BSN Online Top-up,28,Successful,TOPUP,topup
fb3f43de-c9d9-4954-aa28-24eef526a21a,USER_006,24/9/2023 19:37,Grocery Shopping,99 Speedmart,68.08,Successful,MERCH_GRC_2606,payment
04672f2a-b30f-4a24-bbb7-5fcd52a6427d,USER_006,26/9/2023 16:47,Grocery Shopping,Pasar Mini Setia,65.11,Successful,MERCH_GRC_3212,payment
2020c8c8-09d7-467a-ae06-2e058752aa7c,USER_006,27/9/2023 14:00,Mobile Recharge,Digi Prepaid,19.21,Successful,MERCH_MBL_3120,payment
b4d6e669-b7d9-4053-9e73-79959dfce366,USER_006,27/9/2023 14:27,Petrol,Shell Malaysia,47.58,Successful,MERCH_PTR_1276,payment
5339caa6-1873-469f-a7dc-ea9ff73f37a1,USER_006,28/9/2023 9:39,Agriculture Supply,Koperasi Peladang,82.4,Failed,MERCH_AGR_1334,payment
ffbe2044-1149-4605-83ee-1c9830c3d4f3,USER_006,29/9/2023 21:54,Petrol,Shell Malaysia,54.9,Successful,MERCH_PTR_9016,payment
f4823ac5-f19b-4fda-9e50-cc00486bb9d9,USER_006,30/9/2023 9:44,Grocery Shopping,99 Speedmart,49.79,Successful,MERCH_GRC_1631,payment
1ad249bb-49e5-4ed0-9ba2-d97b036ef0b5,USER_006,30/9/2023 14:48,Food & Beverage,Kedai Makan Pak Ali,15.56,Successful,MERCH_FNB_2607,payment
c8332a81-e63c-4141-8b77-75434aee4867,USER_006,1/10/23 9:27,Wallet Top-up,BSN Online Top-up,56.83,Failed,TOPUP,topup
41a407a6-4021-4968-9055-7e0f840aa0f4,USER_006,2/10/23 18:23,Petrol,Shell Malaysia,32.93,Successful,MERCH_PTR_8755,payment
4415d8ed-140f-486c-9c1a-30d11318b9ce,USER_006,4/10/23 10:53,Grocery Shopping,Pasar Mini Setia,32.2,Successful,MERCH_GRC_9592,payment
87c0207c-bbaa-4616-9cd7-1f05a84dc78f,USER_006,5/10/23 11:11,Wallet Top-up,Maybank2u Top-up,51.37,Successful,TOPUP,topup
2bf762b3-695a-413d-8ef6-7f110a85f8f1,USER_006,7/10/23 8:10,Public Transport,Rural Transit Bus,3.47,Successful,MERCH_TRNS_9584,payment
867e3e62-2714-4550-89bb-f30a17a71470,USER_006,8/10/23 10:04,Wallet Top-up,Bank Transfer Top-up,21.15,Successful,TOPUP,topup
07a3da8a-191b-4058-9357-dc479b948ba0,USER_006,8/10/23 15:43,Food & Beverage,Gerai Makan Mak Teh,9.59,Successful,MERCH_FNB_7959,payment
6d399829-6814-4e1c-8a48-1fab253704fd,USER_006,9/10/23 14:26,Food & Beverage,Kedai Runcit Ah Seng,10.69,Successful,MERCH_FNB_3413,payment
3faeeeff-0bef-44bf-9d48-a65a1da3fbb9,USER_006,9/10/23 21:41,Grocery Shopping,Kedai Runcit Am,10.93,Successful,MERCH_GRC_6513,payment
c3ed97a3-fa21-459e-8719-8608e1d2a8ce,USER_006,10/10/23 9:00,Government Services,Kaunter Zakat,37.44,Successful,MERCH_GOV_9996,payment
b99d3039-e1a9-47f5-96b7-8984f789e32b,USER_006,11/10/23 7:02,Agriculture Supply,BioAgrotek Supply,39.65,Successful,MERCH_AGR_6879,payment
28f05558-23be-47d5-b9c6-fdc1c21f8aef,USER_006,11/10/23 15:44,Food Delivery,Foodpanda,26.11,Successful,MERCH_FDL_4292,payment
be26577f-a26e-4303-9185-d7189d5fd2a2,USER_006,11/10/23 20:26,Public Transport,RapidKL Bus,2.71,Successful,MERCH_TRNS_9318,payment
75f4d163-af83-4173-9748-395d2c54f0af,USER_006,12/10/23 10:38,Public Transport,RapidKL Bus,2.82,Successful,MERCH_TRNS_5598,payment
e19b00bc-7447-4058-923b-98f48e8e5fc0,USER_006,12/10/23 12:11,Mobile Recharge,Maxis Reload,7.75,Successful,MERCH_MBL_1158,payment
ff637297-c196-4b0b-bddb-26b6415ac222,USER_006,12/10/23 19:50,Food & Beverage,Restoran Bismillah,8.53,Successful,MERCH_FNB_3005,payment
368f29bd-d789-44ac-9ba0-7c4faa915703,USER_006,13/10/2023 21:33,Online Shopping,Lazada,15.62,Failed,MERCH_OSP_9564,payment
d4b8efaa-c122-420e-8601-9af054ec628c,USER_006,15/10/2023 11:56,Food & Beverage,Restoran Bismillah,10.42,Successful,MERCH_FNB_1376,payment
c02eaa23-4576-4316-b060-b869510392fc,USER_006,16/10/2023 8:58,Grocery Shopping,Econsave,15.85,Successful,MERCH_GRC_7861,payment
a16d3ae6-7ef3-4e84-9e4f-e5bf5a95962d,USER_006,16/10/2023 17:37,Government Services,LHDN e-filing,28.51,Successful,MERCH_GOV_5608,payment
a595e61e-afb3-4f4c-87ba-887ee64fe66d,USER_006,17/10/2023 7:47,Medical / Clinic,Farmasi Rakyat,28.06,Successful,MERCH_MED_2690,payment
b136a60b-131d-4ba8-901a-f5b28c557053,USER_006,17/10/2023 19:20,Highway Toll,PLUS Highway,4.48,Successful,MERCH_TOLL_9058,payment
df640942-0a2b-47ff-8d4a-b662958b9124,USER_006,18/10/2023 17:02,Online Shopping,Lazada,34.12,Successful,MERCH_OSP_8523,payment
4c2dd4f4-f0d1-407e-af4f-6f553cd05ee9,USER_006,18/10/2023 20:15,Grocery Shopping,Kedai Runcit Am,30.13,Successful,MERCH_GRC_4711,payment
ee072594-083f-45ba-a47a-b5c54fec5f31,USER_006,18/10/2023 21:33,Petrol,Petronas Station,44.96,Successful,MERCH_PTR_3420,payment
b888a881-ba5b-4da2-b28a-6eedb3cda311,USER_006,21/10/2023 7:59,Food & Beverage,Gerai Makan Mak Teh,12.13,Successful,MERCH_FNB_4677,payment
df9e067a-2028-42a6-851e-3d266df0e40f,USER_006,21/10/2023 15:41,Highway Toll,LDP Toll,5.71,Successful,MERCH_TOLL_5849,payment
6a2ebf1f-d146-4d65-bdc6-c1d5ee29dfe3,USER_006,22/10/2023 20:28,Food & Beverage,Kedai Runcit Ah Seng,14.18,Successful,MERCH_FNB_1472,payment
806e3ba5-1903-4bb5-b9d3-775007c28e95,USER_006,24/10/2023 9:58,Wallet Top-up,BSN Online Top-up,32.1,Successful,TOPUP,topup
d1290abb-e31f-43d1-aa15-693201acc536,USER_006,24/10/2023 21:04,Wallet Top-up,Bank Transfer Top-up,72.64,Successful,TOPUP,topup
b79d9f1c-a280-4c20-a3dd-b5cf32856fe3,USER_006,25/10/2023 6:02,Water Bill,SATU Sdn Bhd,22.11,Successful,MERCH_WTR_6238,payment
efcd13be-1a08-410f-9aeb-40f0c0dcaa3c,USER_006,26/10/2023 10:43,Public Transport,RapidKL Bus,1.98,Successful,MERCH_TRNS_4014,payment
fa8fab4c-36a7-4d37-90e3-50b60a958c27,USER_006,26/10/2023 16:04,Food & Beverage,Warung Nasi Lemak,19.5,Successful,MERCH_FNB_9510,payment
91b5336b-62e1-4c49-816e-9e1f73bb9b30,USER_006,28/10/2023 20:24,Public Transport,Causeway Link Bus,1.52,Successful,MERCH_TRNS_4950,payment
e6efea1d-646a-49ea-a560-f93bec562c50,USER_006,28/10/2023 21:10,Highway Toll,KESAS Highway,5.36,Successful,MERCH_TOLL_4159,payment
eeefc851-b7ba-4ed4-97c2-1dbde9e97a3b,USER_006,29/10/2023 11:06,Food & Beverage,Kedai Makan Pak Ali,7.96,Successful,MERCH_FNB_8596,payment
4ece06da-0c08-44f7-84db-8b0a9cd0daa5,USER_006,29/10/2023 15:03,Wallet Top-up,Debit Card Reload,37.76,Pending,TOPUP,topup
5cce09db-d6b5-48e6-bf77-ea5367940549,USER_006,30/10/2023 6:33,Medical / Clinic,Farmasi Rakyat,24.78,Successful,MERCH_MED_4189,payment
1e130c1a-b3eb-4efd-914e-fa14104dc7dd,USER_006,30/10/2023 13:49,Medical / Clinic,Klinik 1Malaysia,2.25,Successful,MERCH_MED_7662,payment
df3825ff-1378-4e73-bbe8-ab966ba9081a,USER_006,30/10/2023 16:34,Medical / Clinic,Mediviron Clinic,22.61,Successful,MERCH_MED_1149,payment
f99519b0-9b05-4b37-b2e4-d104e351a167,USER_006,31/10/2023 8:45,Grocery Shopping,99 Speedmart,64.31,Successful,MERCH_GRC_1515,payment
275e1929-41f0-4ec5-b403-e5edf017457c,USER_006,31/10/2023 9:23,Grocery Shopping,99 Speedmart,75.05,Successful,MERCH_GRC_3583,payment
15abaa34-9041-4511-a72f-a845f6ad72cd,USER_006,31/10/2023 11:06,Public Transport,Transnasional Bus,2.03,Successful,MERCH_TRNS_4276,payment
8683e677-c5c3-495c-8c10-23f3d9998e25,USER_006,1/11/23 8:39,Wallet Top-up,BSN Online Top-up,61.81,Failed,TOPUP,topup
f2787618-7632-4679-b4cd-89b543a2c02f,USER_006,1/11/23 8:37,Electricity Bill,Tenaga Nasional (TNB),51.11,Successful,MERCH_UTL_2433,payment
c85b1db5-6853-4b94-9d44-2a184f1af608,USER_006,1/11/23 9:34,Food & Beverage,Kedai Runcit Ah Seng,17.52,Successful,MERCH_FNB_9174,payment
b4b28463-de7a-40e0-8f04-8adfeffe6e6e,USER_006,1/11/23 10:36,Agriculture Supply,Kedai Baja & Racun Padi,69.49,Successful,MERCH_AGR_7016,payment
23b25dcf-579f-46be-8221-e03fb28a25f7,USER_006,1/11/23 15:45,Grocery Shopping,99 Speedmart,58.39,Successful,MERCH_GRC_3546,payment
37a0272a-8aa5-4a08-adde-66b8ca1e78a9,USER_006,1/11/23 18:37,Highway Toll,PLUS Highway,2.7,Successful,MERCH_TOLL_7760,payment
cf1e9331-28eb-4390-9355-7222c30baaf6,USER_006,2/11/23 7:32,Public Transport,Rural Transit Bus,1.83,Successful,MERCH_TRNS_4607,payment
da6af622-50c1-4b94-92cc-916992a10d46,USER_006,3/11/23 10:04,Food & Beverage,Restoran Bismillah,11.57,Successful,MERCH_FNB_6570,payment
363040ed-d15c-46a7-9cac-11da97737d38,USER_006,3/11/23 10:48,Food & Beverage,Gerai Makan Mak Teh,7.75,Successful,MERCH_FNB_5264,payment
9462db10-ff1f-4182-b6f6-b2f6519a4d2b,USER_006,3/11/23 14:23,Medical / Clinic,Klinik Kesihatan Kampung,16.2,Successful,MERCH_MED_9857,payment
de98b32e-a714-446d-8da0-30dccba3ea5e,USER_006,4/11/23 9:55,Online Shopping,Lazada,40.57,Successful,MERCH_OSP_9430,payment
bd0ce2a6-42c6-4e6d-9dcc-a068140459f3,USER_006,5/11/23 20:38,Highway Toll,PLUS Highway,4.95,Successful,MERCH_TOLL_6248,payment
a5121170-f57a-4b2c-a5e9-24f6f1913b50,USER_006,9/11/23 15:02,Wallet Top-up,BSN Online Top-up,30.83,Successful,TOPUP,topup
c9ca5bcd-2b2d-4289-8b2e-0c104bc81dbc,USER_006,9/11/23 15:23,Petrol,BHP Petrol,27.8,Pending,MERCH_PTR_9888,payment
8f784793-8019-44e8-92c1-5fd2f12101f7,USER_006,9/11/23 18:47,Government Services,Kaunter Zakat,32.8,Successful,MERCH_GOV_4935,payment
b494cace-ebc5-4f18-9c19-7ba88c95c3dd,USER_006,10/11/23 14:23,Water Bill,Lembaga Air Perak,23.34,Successful,MERCH_WTR_6341,payment
8bca728f-6e31-471a-9f55-29f7448979b3,USER_006,11/11/23 16:41,Mobile Recharge,U Mobile Reload,16.4,Successful,MERCH_MBL_7844,payment
66999734-f5c5-4233-96be-f1b4d9beba11,USER_006,11/11/23 20:26,Mobile Recharge,Digi Prepaid,10.81,Successful,MERCH_MBL_2976,payment
2082e98e-027e-489b-80d3-da85af9101a1,USER_006,12/11/23 7:53,Islamic/Religious,Masjid e-Derma,9.76,Successful,MERCH_REL_2300,payment
94df7f71-695e-433b-8986-e4e22bbd29a0,USER_006,12/11/23 11:01,Mobile Recharge,Celcom Top-up,5.18,Successful,MERCH_MBL_6212,payment
f8b875cc-1eff-48d2-86e8-ff491807d3c2,USER_006,13/11/2023 9:08,Islamic/Religious,Tabung Haji,26.4,Successful,MERCH_REL_8331,payment
b8a9f5a9-197b-4886-b56f-8e9619e9c72f,USER_006,13/11/2023 18:51,Government Services,LHDN e-filing,4.19,Successful,MERCH_GOV_1763,payment
e11fa940-f73c-4215-b2e2-dcd9110ff932,USER_006,14/11/2023 11:52,Food & Beverage,Restoran Bismillah,3.88,Successful,MERCH_FNB_8576,payment
68ec98e5-90df-4f02-b68b-5b951fa32da8,USER_006,14/11/2023 14:23,Public Transport,Transnasional Bus,2.7,Successful,MERCH_TRNS_3883,payment
676d8ae1-75c0-47ca-a565-ef88c4570520,USER_006,14/11/2023 17:51,Agriculture Supply,Felda Agrotek Store,40.88,Failed,MERCH_AGR_5129,payment
43e4375e-65ba-4524-bb3b-9f77b3473d75,USER_006,17/11/2023 14:17,Petrol,Petronas Station,22.9,Successful,MERCH_PTR_7009,payment
0ba84ee4-dd83-41ae-a9f6-d1c695916628,USER_006,19/11/2023 8:23,Petrol,Petronas Station,54.2,Successful,MERCH_PTR_4268,payment
c9ccf22a-5f76-49de-ab1f-4cf1a9aaaad6,USER_006,20/11/2023 7:52,Mobile Recharge,Maxis Reload,10.06,Successful,MERCH_MBL_6733,payment
fa38706a-ad57-4927-977f-77895a58a4e0,USER_006,20/11/2023 9:02,Online Shopping,Lazada,72.95,Successful,MERCH_OSP_9882,payment
ce66fe91-f470-41f4-bcfc-8bf75eecd4d3,USER_006,20/11/2023 9:22,Public Transport,Rural Transit Bus,3.93,Successful,MERCH_TRNS_2099,payment
8398781a-1f54-40c1-a7b1-5daae626969a,USER_006,21/11/2023 6:11,Water Bill,Air Kelantan,14.24,Successful,MERCH_WTR_4077,payment
e1bd1e92-7dbc-419a-ae7a-5d094c6bf0ab,USER_006,21/11/2023 16:56,Food & Beverage,Warung Nasi Lemak,10.91,Successful,MERCH_FNB_9420,payment
b490a172-a3b7-48fc-bd16-a46fc5a342b6,USER_006,22/11/2023 13:10,Mobile Recharge,U Mobile Reload,10.55,Successful,MERCH_MBL_2948,payment
f59cd3a2-d7e6-4517-8c36-a4929dd3358b,USER_006,22/11/2023 14:58,Food & Beverage,Kedai Runcit Ah Seng,8.04,Successful,MERCH_FNB_6463,payment
169c5119-59d5-491f-aa4a-83ddb51cd200,USER_006,23/11/2023 6:05,Government Services,Kaunter Zakat,19.84,Successful,MERCH_GOV_2955,payment
2a128b3a-1e52-47b0-b20d-196bae89a2e7,USER_006,24/11/2023 21:07,Food & Beverage,Warung Nasi Lemak,8.93,Successful,MERCH_FNB_1604,payment
57044ee5-bc9a-42cc-a5f3-1d50504c15d2,USER_006,29/11/2023 10:38,Medical / Clinic,Klinik Desa Felda,10.44,Successful,MERCH_MED_1324,payment
3abacc1c-edea-46c4-890c-987ee1fa044c,USER_006,29/11/2023 14:49,Mobile Recharge,Maxis Reload,15.8,Failed,MERCH_MBL_7373,payment
1a0c2d9b-3ff6-4739-bb2f-6cf685ac4945,USER_006,29/11/2023 17:16,Food & Beverage,Kedai Runcit Ah Seng,10.94,Successful,MERCH_FNB_2682,payment
70558d98-2449-416e-a453-d37c64aa6b74,USER_006,30/11/2023 13:25,Grocery Shopping,99 Speedmart,74.8,Successful,MERCH_GRC_9039,payment
120aa9b8-1157-4577-b3a2-b00282cc0df4,USER_006,30/11/2023 14:29,Wallet Top-up,BSN Online Top-up,64.15,Successful,TOPUP,topup
19b8a69f-c76a-4fc6-9531-042c75a8a1de,USER_006,30/11/2023 15:22,Highway Toll,PLUS Highway,2.72,Successful,MERCH_TOLL_3663,payment
6ce2d670-51a6-4e4a-bfe7-3ed2f2ace333,USER_006,30/11/2023 16:37,Highway Toll,KESAS Highway,4.5,Successful,MERCH_TOLL_3573,payment
c735ff80-d35f-4006-939e-c857e0a95460,USER_006,1/12/23 9:10,Wallet Top-up,Debit Card Reload,63.94,Successful,TOPUP,topup
cc94a60e-4b35-431f-8123-ab503e895fd1,USER_006,1/12/23 9:31,Food & Beverage,Gerai Makan Mak Teh,5.8,Successful,MERCH_FNB_6692,payment
4b54199a-caee-4b86-8542-17d43a181c91,USER_006,2/12/23 9:45,Grocery Shopping,Kedai Runcit Am,28.27,Successful,MERCH_GRC_7064,payment
822e1fd0-1c82-499b-863f-aad40fb28e2d,USER_006,2/12/23 12:41,Wallet Top-up,Bank Transfer Top-up,30.83,Successful,TOPUP,topup
36280486-b543-48b1-bb64-db9e7450dd41,USER_006,2/12/23 14:54,Public Transport,Rural Transit Bus,3.25,Successful,MERCH_TRNS_9314,payment
8c795195-52c1-470d-adfc-b20dc78615e0,USER_006,2/12/23 17:14,Grocery Shopping,Econsave,72.03,Successful,MERCH_GRC_6090,payment
1aa88063-d14d-4a47-bc2b-9840c0b8fde9,USER_006,6/12/23 12:10,Mobile Recharge,Maxis Reload,16.34,Successful,MERCH_MBL_8882,payment
fbcb25e8-28c7-4257-ba93-175f2477ba37,USER_006,6/12/23 21:58,Public Transport,Rural Transit Bus,3.31,Successful,MERCH_TRNS_7819,payment
894601ec-6c39-4b42-a5f8-298d38ab3f90,USER_006,7/12/23 13:46,Food & Beverage,Gerai Makan Mak Teh,18.99,Failed,MERCH_FNB_7057,payment
60e24d95-e15c-4b3d-aa61-43ad903026c4,USER_006,7/12/23 17:15,Medical / Clinic,Klinik 1Malaysia,9.58,Successful,MERCH_MED_4940,payment
a18ecfaf-91b8-4914-a703-cfabd03396bb,USER_006,9/12/23 10:31,Mobile Recharge,Maxis Reload,12.08,Successful,MERCH_MBL_3305,payment
b87b060e-0408-4443-adc6-deb42d6570cf,USER_006,9/12/23 12:39,Government Services,LHDN e-filing,47.01,Successful,MERCH_GOV_9880,payment
07eca04e-6c63-4f96-bce8-2a9fda58adfa,USER_006,9/12/23 13:26,Highway Toll,PLUS Highway,6.06,Successful,MERCH_TOLL_6256,payment
73ae81b3-fcf0-4745-a915-daa0736ee1d0,USER_006,10/12/23 7:34,Mobile Recharge,Celcom Top-up,9.1,Successful,MERCH_MBL_4377,payment
2d1905d5-0ed7-47e0-9a06-553cd7fcd37a,USER_006,10/12/23 12:07,Mobile Recharge,Maxis Reload,15.75,Successful,MERCH_MBL_1618,payment
234dc4a9-b64e-454e-a766-ba4cfc55c361,USER_006,10/12/23 12:48,Highway Toll,LDP Toll,4.71,Successful,MERCH_TOLL_2507,payment
6834f88b-d77a-4ab2-8367-2b85bf964e6a,USER_006,10/12/23 13:36,Food & Beverage,Gerai Makan Mak Teh,10.49,Successful,MERCH_FNB_4689,payment
8289e0c8-0f19-4326-ab2e-5285b5ddda4c,USER_006,10/12/23 14:49,Mobile Recharge,Digi Prepaid,5.89,Successful,MERCH_MBL_7079,payment
bfcdd383-24b9-4a81-a969-b6222e38b595,USER_006,12/12/23 6:16,Food Delivery,Foodpanda,20.31,Successful,MERCH_FDL_1375,payment
673fd8de-47bc-49ee-b726-5e5c894f6909,USER_006,13/12/2023 13:22,Petrol,Shell Malaysia,37.82,Successful,MERCH_PTR_5274,payment
cca21f14-994b-418a-aeb7-074888b75d29,USER_006,13/12/2023 21:45,Wallet Top-up,Maybank2u Top-up,48.04,Successful,TOPUP,topup
aca7d0f0-a5d4-4057-a5fb-7fb535725248,USER_006,14/12/2023 13:03,Grocery Shopping,Billion Superstore,35.78,Successful,MERCH_GRC_5496,payment
0e2fc90d-68de-454e-bbe0-efb4b1ce59bf,USER_006,15/12/2023 15:27,Mobile Recharge,U Mobile Reload,16.66,Successful,MERCH_MBL_5218,payment
6eec3d3c-0417-4f00-b0a6-1f2ec68fd287,USER_006,16/12/2023 18:04,Highway Toll,PLUS Highway,7.27,Successful,MERCH_TOLL_2967,payment
822ed6df-4720-4c74-ab44-d7df17c68852,USER_006,17/12/2023 21:02,Islamic/Religious,Masjid e-Derma,3.1,Successful,MERCH_REL_9307,payment
785bfff1-9b85-42e6-9767-5827fdd4e972,USER_006,17/12/2023 21:39,Grocery Shopping,Billion Superstore,77.45,Successful,MERCH_GRC_3683,payment
58210a41-e34b-48bc-b262-5a753b056532,USER_006,18/12/2023 8:29,Grocery Shopping,Kedai Runcit Am,74.91,Successful,MERCH_GRC_4523,payment
2cf027c8-97fa-443c-b8de-faf13884b01d,USER_006,19/12/2023 21:01,Online Shopping,Shopee,6.73,Successful,MERCH_OSP_2963,payment
e14af2ab-6247-4711-8e4b-70b426d1a2ef,USER_006,20/12/2023 11:10,Mobile Recharge,Digi Prepaid,10.95,Successful,MERCH_MBL_8462,payment
4bcfc895-217d-4538-960b-4860c229f7d4,USER_006,21/12/2023 7:43,Agriculture Supply,Koperasi Peladang,62.49,Successful,MERCH_AGR_2427,payment
ae140030-e633-4ab3-937b-4a8086caedb1,USER_006,22/12/2023 10:41,Public Transport,Transnasional Bus,1.37,Successful,MERCH_TRNS_8131,payment
80e16f90-2430-4b71-89d6-d338bfc1fcbd,USER_006,22/12/2023 16:22,Wallet Top-up,Maybank2u Top-up,71.11,Successful,TOPUP,topup
f52d89af-e33d-4507-80d5-3dae9ef79e89,USER_006,23/12/2023 16:44,Grocery Shopping,Billion Superstore,31.57,Successful,MERCH_GRC_7670,payment
aad3402b-c8c6-4368-b4a4-0e1b2aa46866,USER_006,23/12/2023 17:13,Grocery Shopping,Econsave,74.06,Successful,MERCH_GRC_4077,payment
6d66af9f-5db7-473d-9eb0-051ddff915c9,USER_006,24/12/2023 10:35,Grocery Shopping,99 Speedmart,77.8,Successful,MERCH_GRC_8546,payment
41899f80-92d0-4249-9318-175511423960,USER_006,26/12/2023 16:28,Public Transport,Causeway Link Bus,2.38,Successful,MERCH_TRNS_4244,payment
c3b381e5-12f3-4d09-82eb-e8624bde9401,USER_006,27/12/2023 14:59,Mobile Recharge,U Mobile Reload,18.58,Pending,MERCH_MBL_8721,payment
ccbd368d-ed0e-4ba7-b990-64e027e1051b,USER_006,27/12/2023 18:34,Food Delivery,Grab Food,28.84,Failed,MERCH_FDL_7223,payment
2e7c370b-2650-49f4-8032-2e57b0614900,USER_006,28/12/2023 19:17,Food & Beverage,Gerai Makan Mak Teh,17.33,Successful,MERCH_FNB_9370,payment
9b46af90-7681-4161-a8b4-da58c4250d85,USER_006,29/12/2023 12:16,Mobile Recharge,U Mobile Reload,18.92,Successful,MERCH_MBL_5133,payment
021c563c-1129-401f-ad28-0c9d0c9c7a72,USER_006,29/12/2023 14:03,Public Transport,Transnasional Bus,2.88,Successful,MERCH_TRNS_5309,payment
e12bfe0a-8ed6-443f-9ca2-227c33618d5a,USER_006,30/12/2023 7:35,Medical / Clinic,Farmasi Rakyat,13.49,Successful,MERCH_MED_7291,payment
af683a35-4d9d-4aa8-8737-46ddc225a8ce,USER_006,30/12/2023 7:42,Wallet Top-up,BSN Online Top-up,66.25,Pending,TOPUP,topup
9965aada-c5b5-47b1-b903-0ce33e99472c,USER_006,1/1/24 11:56,Wallet Top-up,Maybank2u Top-up,21.71,Successful,TOPUP,topup
0cb665de-9e1f-44ae-b413-4defb8c4edef,USER_006,1/1/24 16:47,Public Transport,Transnasional Bus,1.71,Successful,MERCH_TRNS_6947,payment
be122434-1e3b-4597-a7a9-e1af5f889471,USER_006,2/1/24 16:20,Agriculture Supply,Agro Mart Sabak Bernam,72.93,Successful,MERCH_AGR_7631,payment
31b98e0c-aa6a-4d55-85e8-d2ac38c46b88,USER_006,3/1/24 12:32,Agriculture Supply,Felda Agrotek Store,66.85,Successful,MERCH_AGR_3333,payment
78c9cfa0-739d-4ded-afea-290d9c496b75,USER_006,4/1/24 6:59,Wallet Top-up,BSN Online Top-up,56.85,Successful,TOPUP,topup
e980f064-51db-49ce-aa63-ac8688e3cd8e,USER_006,4/1/24 7:23,Public Transport,Causeway Link Bus,1.35,Successful,MERCH_TRNS_9013,payment
4208dd60-4e74-4cff-bd70-30dcbd59deae,USER_006,5/1/24 10:24,Wallet Top-up,BSN Online Top-up,73.06,Successful,TOPUP,topup
89baced7-8e61-4b4b-928d-79e4ff611713,USER_006,5/1/24 16:23,Public Transport,RapidKL Bus,4.1,Successful,MERCH_TRNS_5949,payment
6165f228-b9c6-4f0a-9dcc-ed938e0851d7,USER_006,5/1/24 21:15,Food & Beverage,Warung Nasi Lemak,18.26,Successful,MERCH_FNB_1460,payment
cbdea068-ee9a-4b0a-8f57-516316a35c5a,USER_006,5/1/24 21:27,Grocery Shopping,Econsave,43.65,Successful,MERCH_GRC_6702,payment
3fa92403-ca8e-4606-8474-9d0ba26a4050,USER_006,6/1/24 6:28,Food & Beverage,Kedai Runcit Ah Seng,10.74,Successful,MERCH_FNB_7254,payment
7441978b-ff5e-4246-9a6a-8af9c3ef5cba,USER_006,6/1/24 7:11,Public Transport,Causeway Link Bus,2.89,Successful,MERCH_TRNS_1543,payment
f092e9a9-05b7-467b-ab06-97c3da21bd2b,USER_006,6/1/24 12:58,Grocery Shopping,Billion Superstore,70.81,Successful,MERCH_GRC_5946,payment
3cf46445-e3a9-40fe-b57d-5c4424ec2863,USER_006,6/1/24 21:05,Petrol,BHP Petrol,31.82,Successful,MERCH_PTR_2552,payment
4f5bef20-74df-4bb0-9c79-bf4857a2c521,USER_006,8/1/24 11:17,Agriculture Supply,Kedai Baja & Racun Padi,72.15,Successful,MERCH_AGR_5784,payment
1afbf83d-f422-4a71-a375-6dc15da8fbbe,USER_006,9/1/24 18:04,Water Bill,SATU Sdn Bhd,16.3,Successful,MERCH_WTR_8416,payment
1c53d1b6-fe6c-433b-9808-09ec8986b25c,USER_006,9/1/24 18:22,Online Shopping,Shopee,29.27,Successful,MERCH_OSP_9673,payment
dec9bc75-9a8b-429d-8612-3861675c263a,USER_006,12/1/24 16:50,Wallet Top-up,Bank Transfer Top-up,53.63,Successful,TOPUP,topup
23c59628-9f1c-45ee-9e42-a35660952594,USER_006,12/1/24 21:18,Wallet Top-up,Debit Card Reload,57.6,Pending,TOPUP,topup
09aa997f-3dd9-45e7-b6ab-9de2344146e2,USER_006,13/1/2024 7:06,Petrol,Petronas Station,53.56,Successful,MERCH_PTR_9373,payment
7d157069-1c26-4c60-8a97-5f7ef68fa32f,USER_006,13/1/2024 7:07,Mobile Recharge,Celcom Top-up,14.01,Successful,MERCH_MBL_8192,payment
f3f972ef-d32f-4043-9108-9ed1b027e248,USER_006,13/1/2024 14:43,Petrol,Shell Malaysia,26.96,Successful,MERCH_PTR_2918,payment
3463580e-6b90-4a1d-add3-fe36dc4e5765,USER_006,14/1/2024 10:37,Food Delivery,Foodpanda,23,Successful,MERCH_FDL_8109,payment
b26b856c-69b4-4398-9578-177b7983f91a,USER_006,14/1/2024 13:48,Mobile Recharge,Celcom Top-up,10.15,Successful,MERCH_MBL_1200,payment
dd9f4776-441c-44c6-94bd-36aa4430d6e5,USER_006,15/1/2024 7:08,Wallet Top-up,Bank Transfer Top-up,57.91,Successful,TOPUP,topup
3d40dd30-fc2a-406b-9d27-09c5bb12834d,USER_006,15/1/2024 13:43,Wallet Top-up,Debit Card Reload,36.68,Successful,TOPUP,topup
87a256c7-e6ed-4e7a-a775-d67a48a8a1e2,USER_006,19/1/2024 6:32,Agriculture Supply,BioAgrotek Supply,49.92,Failed,MERCH_AGR_7285,payment
10bbc230-4090-4a0b-8dcc-e513d93969d9,USER_006,19/1/2024 7:46,Petrol,Petronas Station,52.52,Successful,MERCH_PTR_6037,payment
ef4c5b76-f499-43a1-987a-7b3735568ad0,USER_006,20/1/2024 6:30,Grocery Shopping,Kedai Runcit Am,31.81,Successful,MERCH_GRC_2157,payment
90e247f7-74c4-4e96-a3bb-9769df165efd,USER_006,20/1/2024 7:01,Medical / Clinic,Klinik Desa Felda,4.66,Successful,MERCH_MED_2528,payment
08197aab-6e84-437d-8d55-f4378dea0ad4,USER_006,22/1/2024 8:02,Petrol,Shell Malaysia,55.34,Successful,MERCH_PTR_7530,payment
4a3ab991-da08-444c-bd18-a857748c7276,USER_006,23/1/2024 12:09,Grocery Shopping,Econsave,30.73,Successful,MERCH_GRC_7930,payment
387d84c7-423b-4836-9520-dc7285c6c288,USER_006,24/1/2024 14:46,Public Transport,Transnasional Bus,1.31,Successful,MERCH_TRNS_3638,payment
d2047752-7f03-4e4c-b7f1-56fe0df341de,USER_006,24/1/2024 21:47,Government Services,Jabatan Kebajikan Masyarakat,28.05,Successful,MERCH_GOV_2224,payment
d697d216-70f2-47dc-85ef-caa682372baa,USER_006,26/1/2024 12:35,Grocery Shopping,Kedai Runcit Am,66.44,Successful,MERCH_GRC_5388,payment
73643f65-9197-40bc-b105-a7324ea6a8b9,USER_006,26/1/2024 18:21,Petrol,BHP Petrol,45.33,Successful,MERCH_PTR_3524,payment
d3adcb5d-f889-4646-adf1-bb584753dd15,USER_006,26/1/2024 18:56,Petrol,Shell Malaysia,25.78,Successful,MERCH_PTR_7313,payment
9a01e580-efb8-4456-af0f-1a6406eaf74d,USER_006,27/1/2024 12:04,Water Bill,SYABAS,24.53,Successful,MERCH_WTR_3220,payment
add31285-1478-48d4-bdb7-e27e0eca080d,USER_006,27/1/2024 19:19,Mobile Recharge,Celcom Top-up,14.64,Successful,MERCH_MBL_1556,payment
f397c237-8c70-4093-b692-d922729789c9,USER_006,28/1/2024 9:58,Medical / Clinic,Klinik Kesihatan Kampung,18.42,Successful,MERCH_MED_9504,payment
50c64054-a90d-48b5-808f-9baf14fe5f6f,USER_006,29/1/2024 14:34,Grocery Shopping,Kedai Runcit Am,10.62,Successful,MERCH_GRC_7864,payment
f9c3fac2-be7d-43e5-aa8d-48659c8d9b4e,USER_006,29/1/2024 15:21,Public Transport,Rural Transit Bus,2.95,Successful,MERCH_TRNS_4328,payment
bddcbe4f-45ef-41b4-a427-6e19e0946138,USER_006,29/1/2024 18:18,Highway Toll,KESAS Highway,7.64,Successful,MERCH_TOLL_3231,payment
07a73ec6-a395-4e56-8e43-132173ada76f,USER_006,30/1/2024 20:19,Food & Beverage,Kedai Makan Pak Ali,3.64,Successful,MERCH_FNB_8619,payment
02049731-8cf2-454a-980f-ef1a7b7fc836,USER_006,1/2/24 9:07,Wallet Top-up,Debit Card Reload,26.73,Successful,TOPUP,topup
9db9849a-53b2-4365-9e61-f62e1d38e2da,USER_006,2/2/24 19:31,Medical / Clinic,Klinik Kesihatan Kampung,19.07,Successful,MERCH_MED_1699,payment
caca1af7-5857-474b-aa34-6cfccc56fd81,USER_006,3/2/24 13:30,Grocery Shopping,Pasar Mini Setia,45.06,Successful,MERCH_GRC_4036,payment
1940de5f-b1db-49c8-8279-129230934207,USER_006,4/2/24 10:26,Wallet Top-up,BSN Online Top-up,64.05,Successful,TOPUP,topup
039842d5-42e0-484a-9b32-d505b255a0d0,USER_006,4/2/24 11:15,Grocery Shopping,Pasar Mini Setia,59.11,Successful,MERCH_GRC_5880,payment
7861f7bd-69c1-4371-b236-da4388cd4aa0,USER_006,4/2/24 11:55,Government Services,LHDN e-filing,14.38,Successful,MERCH_GOV_5554,payment
9dd486da-79b7-4ff0-9017-6a21b9c6bb95,USER_006,4/2/24 12:37,Grocery Shopping,Pasar Mini Setia,22.73,Successful,MERCH_GRC_8671,payment
40d04bbc-cd6e-483b-bb3c-5e3919029d0d,USER_006,5/2/24 13:37,Electricity Bill,Tenaga Nasional (TNB),44.67,Successful,MERCH_UTL_8825,payment
96fcb243-f422-4940-b9ac-43420cdce3be,USER_006,5/2/24 17:10,Medical / Clinic,Farmasi Rakyat,13.65,Successful,MERCH_MED_7654,payment
8c6142bd-54c1-477a-aa3f-1fe0e9bb6b7c,USER_006,6/2/24 12:40,Online Shopping,Shopee,53.23,Successful,MERCH_OSP_6961,payment
86e44237-902a-474b-ba10-f9fb166d543d,USER_006,7/2/24 21:30,Medical / Clinic,Mediviron Clinic,14.59,Successful,MERCH_MED_3293,payment
8828f50f-c85a-439c-8709-2776bb6ece33,USER_006,7/2/24 21:33,Grocery Shopping,Billion Superstore,50.75,Successful,MERCH_GRC_3145,payment
b9da31e9-b106-4a42-853b-8f18395aa64a,USER_006,9/2/24 16:45,Food & Beverage,Restoran Bismillah,8.1,Successful,MERCH_FNB_6337,payment
7bb6943d-45bf-4ff0-af8c-a814e908ded7,USER_006,9/2/24 20:07,Wallet Top-up,Debit Card Reload,52.69,Pending,TOPUP,topup
c56c35da-733c-4ca2-8ce8-4821e12fb42c,USER_006,10/2/24 15:47,Medical / Clinic,Farmasi Rakyat,26.01,Successful,MERCH_MED_3099,payment
0bc9985f-28f9-40a9-b18b-a7fc992f79d8,USER_006,11/2/24 13:57,Public Transport,Rural Transit Bus,5,Successful,MERCH_TRNS_1268,payment
5b60a92c-10ac-4235-a98d-e37ed5d5dd5a,USER_006,12/2/24 13:11,Food & Beverage,Kedai Runcit Ah Seng,6.57,Successful,MERCH_FNB_5973,payment
751a4ce8-02a3-414d-b690-9f4aab0d9555,USER_006,13/2/2024 10:26,Petrol,Shell Malaysia,45.05,Successful,MERCH_PTR_7852,payment
8f0b956b-0cd3-47c1-9f9a-aa298c7209e4,USER_006,13/2/2024 12:32,Online Shopping,Lazada,60.22,Successful,MERCH_OSP_1477,payment
7efe73c6-b839-460f-b396-188e16943fdb,USER_006,14/2/2024 17:25,Agriculture Supply,Agro Mart Sabak Bernam,67.36,Successful,MERCH_AGR_4866,payment
697d3901-f2b6-4d2f-9a63-ae0e287923ce,USER_006,14/2/2024 17:26,Islamic/Religious,e-Wakaf Portal,23.47,Successful,MERCH_REL_7295,payment
b6fb044a-be9e-45c0-a29a-382b2669ba85,USER_006,15/2/2024 11:04,Agriculture Supply,Felda Agrotek Store,38.29,Successful,MERCH_AGR_8702,payment
c23942e3-9ea2-4723-8722-15883660257f,USER_006,15/2/2024 19:20,Grocery Shopping,Pasar Mini Setia,17.82,Successful,MERCH_GRC_4075,payment
d75e9b84-0f8c-4642-aa6b-5210d36a9794,USER_006,17/2/2024 17:21,Grocery Shopping,Pasar Mini Setia,36.32,Successful,MERCH_GRC_7178,payment
e6e58c1c-bf46-457d-85c0-2c25a3fa96b5,USER_006,18/2/2024 16:29,Mobile Recharge,Maxis Reload,5.7,Successful,MERCH_MBL_9203,payment
d212383b-657a-4664-a4df-6f47d6e6b7bf,USER_006,18/2/2024 21:15,Islamic/Religious,e-Wakaf Portal,4.32,Successful,MERCH_REL_8887,payment
6a2e7fc5-5239-4adc-ad64-d95f35954689,USER_006,19/2/2024 12:58,Petrol,BHP Petrol,59.34,Successful,MERCH_PTR_1062,payment
918ffa93-2dd6-44e1-b42f-576219d01a28,USER_006,19/2/2024 15:40,Agriculture Supply,Agro Mart Sabak Bernam,16.07,Successful,MERCH_AGR_3666,payment
369b7770-25f4-43b3-9a8e-cd7cfaa55a75,USER_006,20/2/2024 12:13,Grocery Shopping,Billion Superstore,68.98,Successful,MERCH_GRC_4939,payment
ebef9ca9-3018-473b-ab1e-d0bc7c6bd93a,USER_006,20/2/2024 13:12,Government Services,Jabatan Kebajikan Masyarakat,21.97,Successful,MERCH_GOV_6054,payment
00fcb74f-9d6b-471d-9afa-585e6dc08c36,USER_006,20/2/2024 18:13,Food & Beverage,Kedai Runcit Ah Seng,16.5,Successful,MERCH_FNB_6960,payment
3733ce01-56b3-4baa-91c1-03655827624a,USER_006,20/2/2024 20:19,Petrol,Petronas Station,31.99,Successful,MERCH_PTR_2809,payment
ab78a0c0-4df4-4e26-b7d4-fe8a81cddca6,USER_006,21/2/2024 7:01,Food & Beverage,Kedai Makan Pak Ali,7.22,Failed,MERCH_FNB_8492,payment
85a76bdf-1925-4280-8c45-e7434e7ca995,USER_006,21/2/2024 9:26,Grocery Shopping,99 Speedmart,26.84,Successful,MERCH_GRC_2791,payment
adb5a180-530b-4695-bac1-affaf0b03f92,USER_006,21/2/2024 12:45,Mobile Recharge,Celcom Top-up,12.07,Successful,MERCH_MBL_5560,payment
f8a4faea-fcc9-4d5e-932f-5d4a58313ce9,USER_006,24/2/2024 11:48,Food & Beverage,Kedai Runcit Ah Seng,3.8,Successful,MERCH_FNB_7784,payment
dbe49d6f-1a46-4c8a-8161-f15db5792cf7,USER_006,25/2/2024 9:29,Islamic/Religious,e-Wakaf Portal,9.86,Successful,MERCH_REL_2571,payment
702ac848-cb13-442f-8e7d-018d59a8c2c3,USER_006,27/2/2024 11:34,Wallet Top-up,BSN Online Top-up,60.22,Successful,TOPUP,topup
d213e3fb-ace7-4519-a852-7afe6a839bb5,USER_006,27/2/2024 20:29,Electricity Bill,Tenaga Nasional (TNB),39.36,Successful,MERCH_UTL_1850,payment
834a2c5e-29f7-4666-9cbc-f440f867cc60,USER_006,28/2/2024 17:08,Mobile Recharge,Digi Prepaid,14.01,Successful,MERCH_MBL_6588,payment
7cbf566a-7d5c-42d0-903c-ccca807c9861,USER_006,29/2/2024 12:11,Food & Beverage,Restoran Bismillah,15.75,Successful,MERCH_FNB_4451,payment
0798d5c2-5c78-4950-821d-29aea4da027f,USER_006,29/2/2024 15:08,Agriculture Supply,Kedai Baja & Racun Padi,32.68,Successful,MERCH_AGR_5068,payment
50df335e-678d-4a92-949c-7d9b750a9453,USER_006,1/3/24 11:51,Wallet Top-up,Debit Card Reload,54.02,Successful,TOPUP,topup
4da3a84e-8a69-441d-ab71-b333134706de,USER_006,2/3/24 10:21,Agriculture Supply,Felda Agrotek Store,24.01,Successful,MERCH_AGR_4944,payment
300cd152-65bb-4f72-ae71-b0a21c886a27,USER_006,2/3/24 12:32,Food & Beverage,Warung Nasi Lemak,11.9,Pending,MERCH_FNB_4198,payment
19853f3a-990f-459c-a178-65bb506bba0b,USER_006,2/3/24 17:37,Medical / Clinic,Klinik Kesihatan Kampung,12.64,Successful,MERCH_MED_9095,payment
59c0f74a-ab6a-400d-97ef-72c166da9f04,USER_006,3/3/24 6:19,Agriculture Supply,BioAgrotek Supply,43.19,Successful,MERCH_AGR_3866,payment
1b3013f3-d621-47eb-be6b-02ee56db93ac,USER_006,5/3/24 12:44,Food & Beverage,Restoran Bismillah,14.4,Successful,MERCH_FNB_6597,payment
e7762708-e75b-43d0-ad29-2fecbb5ee5a2,USER_006,6/3/24 19:07,Grocery Shopping,Econsave,21.02,Successful,MERCH_GRC_2167,payment
e01c72bb-fe0e-4b72-9db1-3d2bcfa54547,USER_006,7/3/24 11:44,Grocery Shopping,99 Speedmart,25.48,Successful,MERCH_GRC_2952,payment
4f7178e8-0c4a-4d13-a7c1-a0813adf97f5,USER_006,7/3/24 17:34,Public Transport,RapidKL Bus,2.75,Successful,MERCH_TRNS_4625,payment
3c88fbd8-ed5e-4c5c-b963-1172680d854b,USER_006,8/3/24 8:58,Wallet Top-up,Debit Card Reload,48.99,Successful,TOPUP,topup
f39d1482-24f6-4ac2-b0d9-be2c3b9ffd82,USER_006,8/3/24 10:03,Government Services,Kaunter Zakat,9.72,Successful,MERCH_GOV_7849,payment
19eca0c1-e06b-4a90-b9b4-89b041e16e95,USER_006,8/3/24 14:15,Food & Beverage,Kedai Makan Pak Ali,4.38,Successful,MERCH_FNB_6332,payment
227e0d07-5095-423e-87b7-4418c485d964,USER_006,8/3/24 15:01,Grocery Shopping,Pasar Mini Setia,10.25,Successful,MERCH_GRC_5804,payment
a79911c4-0c80-4d68-9d27-81b135039818,USER_006,9/3/24 11:26,Medical / Clinic,Klinik Desa Felda,21.72,Successful,MERCH_MED_3453,payment
33cb0743-4671-4943-9cae-5387f13b5807,USER_006,10/3/24 9:16,Agriculture Supply,Felda Agrotek Store,40.24,Successful,MERCH_AGR_7404,payment
df199875-d9f2-4729-8ed0-c002db60b6cb,USER_006,10/3/24 15:22,Highway Toll,LDP Toll,5.56,Successful,MERCH_TOLL_1493,payment
d645af24-b333-429f-9958-8a2199a8e0bd,USER_006,10/3/24 20:16,Grocery Shopping,Kedai Runcit Am,19.24,Successful,MERCH_GRC_7324,payment
89157284-e940-4fab-b2b1-cda922e167e5,USER_006,11/3/24 7:30,Agriculture Supply,Koperasi Peladang,53.69,Successful,MERCH_AGR_9908,payment
2eeb583c-c43d-4b68-8527-7647e1f9faa0,USER_006,11/3/24 17:53,Public Transport,RapidKL Bus,3.37,Successful,MERCH_TRNS_4405,payment
9d685614-1413-4419-a0a7-aee2106ac271,USER_006,12/3/24 19:40,Wallet Top-up,Maybank2u Top-up,73.35,Successful,TOPUP,topup
76d4f3a8-2e2c-41fe-8d93-1faf896024a9,USER_006,13/3/2024 16:45,Public Transport,Rural Transit Bus,1.59,Successful,MERCH_TRNS_2823,payment
4ec3665f-daa8-4cb4-b904-a265b734baf4,USER_006,13/3/2024 17:55,Mobile Recharge,Celcom Top-up,10.37,Successful,MERCH_MBL_1701,payment
a6b102d3-9590-4540-9a31-b76a97d95cbd,USER_006,14/3/2024 6:17,Agriculture Supply,Felda Agrotek Store,59.18,Successful,MERCH_AGR_5763,payment
5ac8a069-d996-4cad-953a-cc96ce1664ad,USER_006,15/3/2024 12:45,Mobile Recharge,Celcom Top-up,7.07,Successful,MERCH_MBL_2995,payment
8ab9683b-f8a1-49cb-b0b3-fdced61c974f,USER_006,15/3/2024 14:23,Mobile Recharge,Maxis Reload,12.92,Successful,MERCH_MBL_1255,payment
0d994047-685d-4113-85ee-2b268c689721,USER_006,16/3/2024 13:31,Government Services,MyEG Services,12.24,Successful,MERCH_GOV_2247,payment
1460b25b-c44f-445a-ae1d-d8d7d99d7962,USER_006,16/3/2024 16:16,Food & Beverage,Gerai Makan Mak Teh,17.76,Successful,MERCH_FNB_8846,payment
d585296d-bfae-4ed9-bcff-ba59c26ece1a,USER_006,18/3/2024 13:56,Wallet Top-up,BSN Online Top-up,36.94,Successful,TOPUP,topup
ba01a61f-8de0-4afa-b33f-af6466358232,USER_006,19/3/2024 10:47,Public Transport,Rural Transit Bus,4.4,Successful,MERCH_TRNS_6574,payment
277a166c-10e5-460f-a9c7-19f9e3d41b94,USER_006,19/3/2024 11:26,Agriculture Supply,Kedai Baja & Racun Padi,35.77,Successful,MERCH_AGR_4911,payment
8df9f4c9-c44a-45ae-bce8-77a8dde181c8,USER_006,19/3/2024 16:48,Public Transport,Transnasional Bus,2.37,Successful,MERCH_TRNS_3645,payment
7fa96364-e98e-44e0-95e4-22c15f0bb911,USER_006,19/3/2024 18:06,Water Bill,SYABAS,10.98,Successful,MERCH_WTR_9383,payment
20689ba3-9b72-4cb1-8df5-58e52b738606,USER_006,20/3/2024 6:27,Wallet Top-up,Debit Card Reload,23.74,Successful,TOPUP,topup
cd6a98cf-3280-4de6-812b-d3744c7939e4,USER_006,22/3/2024 8:42,Food & Beverage,Warung Nasi Lemak,14.68,Successful,MERCH_FNB_9784,payment
0ac3908d-519d-4f63-adc0-ada4b686a677,USER_006,23/3/2024 6:06,Medical / Clinic,Farmasi Rakyat,2.73,Successful,MERCH_MED_2425,payment
321e3a43-9ee5-4163-893b-75e0843a2080,USER_006,23/3/2024 7:45,Government Services,Jabatan Kebajikan Masyarakat,42.8,Successful,MERCH_GOV_5947,payment
34ea58bd-467b-457b-8744-81844c3fa6b2,USER_006,23/3/2024 15:56,Mobile Recharge,Maxis Reload,17.27,Successful,MERCH_MBL_8073,payment
da1fdbbe-9eea-4517-ba79-fdede973cd03,USER_006,23/3/2024 18:59,Mobile Recharge,Digi Prepaid,5.01,Successful,MERCH_MBL_2378,payment
190a9f24-a130-4a83-8db8-9fb6548cca24,USER_006,24/3/2024 11:34,Agriculture Supply,BioAgrotek Supply,50.32,Successful,MERCH_AGR_8559,payment
89f49d4f-0cf0-4163-841c-1777a0771472,USER_006,26/3/2024 14:22,Agriculture Supply,Agro Mart Sabak Bernam,114.46,Successful,MERCH_AGR_7613,payment
798ddeee-a4d9-413b-9491-ef8c3a2c54cd,USER_006,27/3/2024 17:53,Food & Beverage,Warung Nasi Lemak,8.53,Successful,MERCH_FNB_9607,payment
e6c59e52-fbc3-4049-8d8d-2d843fd67ff8,USER_006,29/3/2024 11:05,Grocery Shopping,Billion Superstore,31.16,Successful,MERCH_GRC_1846,payment
97e269fc-51b0-42d1-9064-e45c53d1b0cc,USER_006,29/3/2024 11:32,Highway Toll,LDP Toll,6.77,Successful,MERCH_TOLL_1213,payment
d3db6285-073e-4b70-9bb8-6584302e4674,USER_006,30/3/2024 19:37,Food & Beverage,Kedai Makan Pak Ali,6.32,Successful,MERCH_FNB_5808,payment
fc3df33d-5fd8-4858-a4ac-7e0011c51494,USER_006,1/4/24 11:40,Wallet Top-up,BSN Online Top-up,61.47,Successful,TOPUP,topup
82074a60-cbfd-4223-b033-070137c57bda,USER_006,1/4/24 11:44,Highway Toll,KESAS Highway,4.93,Successful,MERCH_TOLL_6190,payment
5f9d3ec1-68f7-4e03-a91b-1c93a6ba42ef,USER_006,1/4/24 12:42,Wallet Top-up,Debit Card Reload,63.39,Successful,TOPUP,topup
c92f6d99-b7b2-4dad-b819-232f01dadb0c,USER_006,1/4/24 15:11,Mobile Recharge,U Mobile Reload,17.03,Successful,MERCH_MBL_3019,payment
f32b32e4-62fa-4435-832c-af342c9e6a63,USER_006,1/4/24 16:40,Medical / Clinic,Mediviron Clinic,15.1,Successful,MERCH_MED_4330,payment
456f3ead-3670-4613-94b6-b92ed7205416,USER_006,2/4/24 9:21,Medical / Clinic,Klinik 1Malaysia,20.02,Successful,MERCH_MED_6979,payment
aeb63928-f23c-4885-9dd4-aac6273dbead,USER_006,4/4/24 12:23,Public Transport,Transnasional Bus,1.4,Successful,MERCH_TRNS_9435,payment
e9f32c19-44c0-48c0-94cf-8817894997f5,USER_006,4/4/24 16:35,Grocery Shopping,Kedai Runcit Am,26.51,Pending,MERCH_GRC_3785,payment
f2ece813-d4c3-48d1-b88a-4597888d5205,USER_006,5/4/24 7:42,Public Transport,RapidKL Bus,3.29,Successful,MERCH_TRNS_5512,payment
7f88d650-3b0b-44ff-90d1-3b01edc68443,USER_006,5/4/24 16:55,Food & Beverage,Kedai Makan Pak Ali,10.48,Pending,MERCH_FNB_3454,payment
ce13c922-629d-4d86-98f0-56e56c1ab7d1,USER_006,7/4/24 9:36,Food & Beverage,Gerai Makan Mak Teh,3.45,Failed,MERCH_FNB_8549,payment
3bd3c94c-3eaa-4533-84fa-85964bb0d898,USER_006,7/4/24 11:19,Mobile Recharge,Maxis Reload,9.04,Successful,MERCH_MBL_9708,payment
f3393432-6571-4547-a528-8270c04828d5,USER_006,7/4/24 19:14,Grocery Shopping,Billion Superstore,24.69,Successful,MERCH_GRC_7851,payment
dc315e0c-1e9d-4db3-bf94-741cff27c1d1,USER_006,7/4/24 19:52,Mobile Recharge,U Mobile Reload,10.37,Pending,MERCH_MBL_5724,payment
a4eb18e2-77f4-45a9-a86c-f27abc8df316,USER_006,8/4/24 19:57,Highway Toll,KESAS Highway,3.53,Successful,MERCH_TOLL_5929,payment
4258f991-8633-4b70-b04a-48cbf90839a8,USER_006,9/4/24 7:48,Grocery Shopping,Econsave,44.17,Successful,MERCH_GRC_3293,payment
3d973730-c75d-47e6-a429-15e6582ee70d,USER_006,10/4/24 21:31,Mobile Recharge,Digi Prepaid,8.12,Successful,MERCH_MBL_2168,payment
8e831b48-656f-4994-9e32-a7f2a6794ad1,USER_006,11/4/24 12:50,Food & Beverage,Warung Nasi Lemak,3.35,Successful,MERCH_FNB_4220,payment
ff462358-c3d4-4a93-b44c-0894fa728d46,USER_006,11/4/24 21:46,Food Delivery,Foodpanda,29.99,Successful,MERCH_FDL_7484,payment
1bf1996f-74f3-4342-966c-93be3adc1df0,USER_006,13/4/2024 11:31,Mobile Recharge,Maxis Reload,5.74,Successful,MERCH_MBL_3581,payment
5426161b-5426-4b0d-800e-be53751ebaf2,USER_006,13/4/2024 14:28,Highway Toll,KESAS Highway,1.96,Successful,MERCH_TOLL_7717,payment
6b39f078-035a-4d74-a581-40a0d43f3158,USER_006,13/4/2024 21:33,Medical / Clinic,Klinik Desa Felda,14.7,Successful,MERCH_MED_2761,payment
b235d354-8e92-42c3-8ebc-7bd2eca8fe57,USER_006,15/4/2024 13:04,Agriculture Supply,BioAgrotek Supply,66.6,Successful,MERCH_AGR_7947,payment
e07e1ca6-4661-4ace-a98a-62c2cad59ae0,USER_006,17/4/2024 8:54,Wallet Top-up,Debit Card Reload,47.92,Successful,TOPUP,topup
1834a99e-1a09-4ae0-ae27-081767db2524,USER_006,17/4/2024 16:52,Highway Toll,KESAS Highway,5.19,Successful,MERCH_TOLL_5529,payment
61b1b055-fe61-460a-b90b-4b386d9576cf,USER_006,19/4/2024 20:48,Wallet Top-up,Debit Card Reload,75.39,Successful,TOPUP,topup
8b995731-49ab-4785-9dbe-07d281c61d92,USER_006,21/4/2024 6:56,Wallet Top-up,Bank Transfer Top-up,48.41,Successful,TOPUP,topup
d7cc9058-5c06-49f5-ac66-d8820c16ad84,USER_006,21/4/2024 17:01,Food & Beverage,Gerai Makan Mak Teh,5.43,Successful,MERCH_FNB_9109,payment
1138c91c-5306-4693-882a-9688ed8b250a,USER_006,23/4/2024 11:21,Medical / Clinic,Klinik Kesihatan Kampung,11.53,Successful,MERCH_MED_6664,payment
63d85e5e-7b5f-49aa-82c8-fe3c032786e4,USER_006,23/4/2024 17:51,Food & Beverage,Gerai Makan Mak Teh,6.9,Pending,MERCH_FNB_7286,payment
f39779e5-aa67-48b7-9d3f-cabd36c674f9,USER_006,23/4/2024 20:47,Wallet Top-up,Debit Card Reload,52.06,Successful,TOPUP,topup
375ae64f-58de-4e96-bc9d-3e4d8fc299b6,USER_006,24/4/2024 7:13,Food & Beverage,Kedai Makan Pak Ali,7.1,Successful,MERCH_FNB_4173,payment
62a32b6e-da17-4973-a470-83c058e24add,USER_006,24/4/2024 15:58,Medical / Clinic,Klinik Desa Felda,21.04,Successful,MERCH_MED_6641,payment
b962bff6-de10-4607-8d4c-b99491d9d4b5,USER_006,25/4/2024 9:13,Medical / Clinic,Klinik 1Malaysia,3.1,Successful,MERCH_MED_1683,payment
5bfeca46-10da-46ad-9070-7b84b3f3a399,USER_006,25/4/2024 10:58,Islamic/Religious,Tabung Haji,8.98,Successful,MERCH_REL_7077,payment
07f7d69c-c191-4dcf-86bc-14184fbb7a7c,USER_006,25/4/2024 14:53,Public Transport,Rural Transit Bus,1.71,Successful,MERCH_TRNS_7029,payment
7ace75e3-0d7e-49a1-a3b5-64c8020e7361,USER_006,26/4/2024 8:58,Public Transport,RapidKL Bus,4.37,Successful,MERCH_TRNS_9851,payment
519236ee-5cda-4b0a-9a7f-0238969775c9,USER_006,26/4/2024 16:10,Food & Beverage,Kedai Runcit Ah Seng,19.83,Successful,MERCH_FNB_3325,payment
bd7e5bdc-b1b2-448d-8e72-b19154ab1b68,USER_006,28/4/2024 11:05,Mobile Recharge,Digi Prepaid,5.31,Successful,MERCH_MBL_2074,payment
a55e6250-e525-4170-b016-e074d0bff7f7,USER_006,29/4/2024 17:52,Petrol,BHP Petrol,57.73,Successful,MERCH_PTR_8313,payment
e6a6b726-5e27-46c8-8759-7ed8bc5f30b6,USER_006,29/4/2024 20:24,Mobile Recharge,Maxis Reload,6.2,Successful,MERCH_MBL_4951,payment
bba3a711-352b-469b-bf60-9eb8f5c14d18,USER_006,30/4/2024 7:26,Grocery Shopping,Kedai Runcit Am,45.17,Successful,MERCH_GRC_5432,payment
82fc98d0-3af3-4c97-a1b1-8311674a1f52,USER_006,30/4/2024 18:55,Food Delivery,Grab Food,12.56,Successful,MERCH_FDL_5516,payment
9db01f29-febc-4547-8474-2a03635a4368,USER_006,30/4/2024 21:47,Online Shopping,Lazada,18.54,Successful,MERCH_OSP_5244,payment